2025-11-03 09:08:29.087 | INFO     | app.service.base_agent:_setup_logger:80 - Logger initialized. Log file: log/ManimGraphAnimationService.log
2025-11-03 09:08:29.088 | INFO     | app.service.base_agent:_load_prompt:95 - Prompts loaded from /workspaces/ai_agent/back/app/service/prompt/prompts.toml
2025-11-03 09:10:49.746 | INFO     | app.service.base_agent:_setup_logger:79 - Logger initialized. Log file: log/ManimGraphAnimationService.log
2025-11-03 09:10:49.746 | INFO     | app.service.base_agent:_load_prompt:94 - Prompts loaded from /workspaces/ai_agent/back/app/service/prompt/prompts.toml
2025-11-03 09:11:11.634 | INFO     | app.service.base_agent:_setup_logger:78 - Logger initialized. Log file: log/ManimGraphAnimationService.log
2025-11-03 09:11:11.635 | INFO     | app.service.base_agent:_load_prompt:93 - Prompts loaded from /workspaces/ai_agent/back/app/service/prompt/prompts.toml
2025-11-03 09:11:25.222 | INFO     | app.service.base_agent:_setup_logger:78 - Logger initialized. Log file: log/ManimGraphAnimationService.log
2025-11-03 09:11:25.223 | INFO     | app.service.base_agent:_load_prompt:93 - Prompts loaded from /workspaces/ai_agent/back/app/service/prompt/prompts.toml
2025-11-03 09:14:17.536 | INFO     | app.service.graph_agent:_generate_initial_script:90 - --- 1. [Node] Generating Initial Script ---
2025-11-03 09:15:18.766 | INFO     | app.service.graph_agent:generate_script_with_prompt:79 - --- 取得した中間出力 (Planner) ---
2025-11-03 09:15:18.767 | INFO     | app.service.graph_agent:generate_script_with_prompt:80 - ## Manim シーン生成指示

### 描画すべき図形・テキスト

1.  **左パネル:**
    *   **円:** 半径 1 の円（`Circle(radius=1, color=WHITE)`）
    *   **点P:** 円周上の点（`Dot(color=RED, radius=0.1)`）
    *   **中心軸（X軸）:** 円の中心を通る水平線（`Line(LEFT*1.5, RIGHT*1.5, color=GRAY)`）
    *   **中心軸（Y軸）:** 円の中心を通る垂直線（`Line(DOWN*1.5, UP*1.5, color=GRAY)`）
    *   **回転速度表示:** 「速度: 1 unit/sec」などのテキスト（`Text("速度: 1 unit/sec", font_size=24, color=WHITE)`）

2.  **右パネル:**
    *   **サイン波:** `y = sin(x)` のグラフ（`axes.plot(lambda x: np.sin(x), color=BLUE)`）
    *   **グラフの現在位置マーカー:** サイン波上の点（`Dot(color=RED, radius=0.1)`）
    *   **同期マーカー:** 点PのY座標とサイン波のY座標を同期させるためのマーカー（`Dot(color=YELLOW, radius=0.05)`）
    *   **ガイド線:**
        *   点PからY軸への水平線（`Line(ORIGIN, P_projected_on_y_axis, color=GREEN)`）
        *   サイン波の現在位置マーカーからY軸への水平線（`Line(ORIGIN, sin_wave_marker_projected_on_y_axis, color=GREEN)`）
        *   点PからX軸への垂直線（`Line(ORIGIN, P_projected_on_x_axis, color=PURPLE)`）
        *   サイン波の現在位置マーカーからX軸への垂直線（`Line(ORIGIN, sin_wave_marker_projected_on_x_axis, color=PURPLE)`）
    *   **X軸ラベル:** 「x」（`axes.get_x_axis_label("x", font_size=24, color=WHITE)`）
    *   **Y軸ラベル:** 「y」（`axes.get_y_axis_label("y", font_size=24, color=WHITE)`）
    *   **周期表示:** 「1周期」などのテキスト（`Text("1周期", font_size=24, color=WHITE)`）

### 図形・テキストのアニメーション指示

*   **点Pの回転:**
    *   初期位置: 点Pを円周上の原点（(1, 0)）に配置。
    *   アニメーション: `Rotate(circle, angle=TAU, rate=1)` を使用し、一定速度で反時計回りに回転させる。点Pは円周上を移動する。
    *   Y座標の取得: 点PのY座標をリアルタイムで取得。

*   **サイン波の描画とスクロール:**
    *   初期描画: グラフの範囲を `-PI` から `3*PI` 程度で表示。
    *   スクロール: `axes.shift(LEFT*rate)` を使用し、グラフ全体を左方向に一定速度で移動させる。移動速度は点Pの回転速度と同期させる（円周長 2π に対応する X 軸の移動量）。
    *   現在位置マーカー: 点PのX座標に対応するサイン波上の点を `Dot` で表示。`axes.coords_to_point(point_p_x, np.sin(point_p_x))` で計算。

*   **同期マーカーとガイド線:**
    *   **Y座標同期:**
        *   点PのY座標 `y_p` を取得。
        *   左パネルのY軸上に `Dot(color=YELLOW, radius=0.05)` を配置し、`y_p` の位置に移動させる。
        *   右パネルのY軸上に `Dot(color=YELLOW, radius=0.05)` を配置し、`y_p` の位置に移動させる。
        *   点Pから左パネルのY軸、および右パネルのY軸上の同期マーカーへ水平線 (`Line`) を描画。
    *   **X座標（移動）同期:**
        *   点PのX座標 `x_p` を取得。
        *   左パネルのX軸上に `Dot(color=PURPLE, radius=0.05)` を配置し、`x_p` の位置に移動させる。
        *   右パネルのX軸上に `Dot(color=PURPLE, radius=0.05)` を配置し、`x_p` の位置に移動させる。
        *   点Pから左パネルのX軸、および右パネルのX軸上の同期マーカーへ垂直線 (`Line`) を描画。

*   **テキストアニメーション:**
    *   回転速度表示: 左パネルに固定。
    *   周期表示: 右パネルのグラフが1周期進むタイミングで表示・強調。

### シーン全体の流れ

1.  **初期配置:** 画面を左右二分割し、左に円と点P、右にサイン波グラフの初期状態を表示。各軸とラベルも配置。
2.  **回転開始:** 点Pが円周上を反時計回りに回転開始。
3.  **サイン波スクロール:** サイン波グラフが左方向にスクロール開始。
4.  **同期:** 点PのY座標とサイン波上の現在位置のY座標がリアルタイムで同期。ガイド線と同期マーカーによって視覚的に示される。点PのX座標とサイン波のX座標も同期。
5.  **視覚的伝達:** 円運動の縦方向の動き（点PのY座標の変化）が、サイン波の上下動と完全に一致していることを強調。
6.  **周期の強調:** 点Pが円を一周する間に、サイン波グラフがちょうど1周期分（-πからπ、あるいは0から2π）表示されることを示す。周期表示テキストをこのタイミングで表示。
7.  **終了:** 点Pが一周し、サイン波も1周期分表示された時点でアニメーションを停止、またはループさせる。

### シーンが見やすいものになるようにするための注意

*   **画面分割:** 左右のパネルのサイズ比率を適切に設定し、それぞれの要素が干渉しないようにする。
*   **座標軸の範囲:** 左パネルの円の半径が1なので、X軸、Y軸の範囲はそれぞれ -1.5 から 1.5 程度に設定すると見やすい。右パネルのサイン波は、点Pが1周する間に1周期となるように、X軸の表示範囲とスクロール速度を厳密に調整する。例えば、点Pの角度 `theta` が 0 から `2*PI` まで変化する際、サイン波のX座標 `x` が 0 から `2*PI` まで変化するようにする。
*   **色の統一感とコントラスト:** 主要な要素（円、点P、サイン波）の色は明確に区別し、同期マーカーやガイド線は背景や主要要素とコントラストがつくように注意する。
*   **アニメーション速度:** 点Pの回転速度とサイン波のスクロール速度は、視聴者が動きを追えるように、かつ全体として見やすい速度に調整する。
*   **ガイド線の明確化:** ガイド線は細すぎず、しかし主張しすぎない太さと色にする。点PのY座標とサイン波のY座標が同期していることを示す水平線、およびX座標が同期していることを示す垂直線は、それぞれの軸に明確に接続させる。
*   **テキストの配置:** テキストは邪魔にならない位置に配置し、フォントサイズも読みやすいように調整する。
*   **円運動とサイン波の対応:** 点Pの初期位置を (1, 0) とし、サイン波の X 軸の原点を 0 とすることで、円運動の角度とサイン波の X 座標が対応しやすくなる。
*   **視覚的な「伝達」:** 「円運動の縦の揺れ＝サイン波の上下」を強調するために、点PのY座標の変化とサイン波のY座標の変化を同時に、かつ視覚的に比較しやすいように配置する。例えば、点PのY座標が最大値（1）になる時にサイン波のY座標も最大値（1）になる、といった対応を明確に示す。

**ユーザーからの注意:**

*   「一定の速さ」は、Manim の `rate` パラメータで指定する。
*   「反時計回り」は、`Rotate` の `angle` の符号で指定する。
*   「同期するマーカーとガイド線」は、各要素の座標をリアルタイムで取得し、それに基づいて描画・移動させる必要がある。
*   「視覚的に『円運動の縦の揺れ＝サイン波の上下』であることを伝えてください」という点は、アニメーションの設計で最も重視すべき点。
*   「1周する間にサイン波がちょうど1周期になる」という点は、グラフの描画範囲とスクロール速度の計算に影響する。
2025-11-03 09:15:18.767 | INFO     | app.service.graph_agent:generate_script_with_prompt:81 - -----------------------------------
2025-11-03 09:15:18.767 | DEBUG    | app.service.graph_agent:_generate_initial_script:96 -    [+] Initial script generated (length: 4656)
2025-11-03 09:15:18.768 | INFO     | app.service.graph_agent:_check_bad_request:103 - --- 2. [Node] Checking for Bad Request ---
2025-11-03 09:15:18.769 | DEBUG    | app.service.graph_agent:_check_bad_request:105 -    [+] Code security check: Passed
2025-11-03 09:15:18.769 | DEBUG    | app.service.graph_agent:_after_bad_request_check:205 - --- [Branch] Secure. Proceeding to Lint. ---
2025-11-03 09:17:13.530 | INFO     | app.service.base_agent:_setup_logger:78 - Logger initialized. Log file: log/ManimGraphAnimationService.log
2025-11-03 09:17:13.530 | INFO     | app.service.base_agent:_load_prompt:93 - Prompts loaded from /workspaces/ai_agent/back/app/service/prompt/prompts.toml
2025-11-03 09:17:15.448 | INFO     | app.service.graph_agent:_generate_initial_script:90 - --- 1. [Node] Generating Initial Script ---
2025-11-03 09:18:57.949 | INFO     | app.service.graph_agent:generate_script_with_prompt:79 - --- 取得した中間出力 (Planner) ---
2025-11-03 09:18:57.952 | INFO     | app.service.graph_agent:generate_script_with_prompt:80 - ## Manim シーン生成指示

### 描画すべき図形・テキスト

*   **左パネル:**
    *   `Circle` (半径: 1, 色: 白)
    *   `Dot` (半径: 0.1, 色: 赤) - 点P
    *   `Line` (色: 青) - 点Pからx軸への垂線
    *   `Line` (色: 緑) - 点Pからy軸への垂線
    *   `Text` (内容: "円運動", 色: 白, フォントサイズ: 0.3)
*   **右パネル:**
    *   `Axes` (x軸の範囲: -2π ～ 2π, y軸の範囲: -1.5 ～ 1.5, 色: 白)
    *   `FunctionGraph` (関数: `lambda x: np.sin(x)`, 色: 黄色)
    *   `Dot` (半径: 0.05, 色: マゼンタ) - サイン波上の現在位置マーカー
    *   `Line` (色: 紫) - サイン波上の現在位置マーカーからx軸への垂線
    *   `Text` (内容: "サイン波", 色: 白, フォントサイズ: 0.3)

### 図形・テキストのアニメーション指示

*   **点P:**
    *   `Rotate` (中心: 原点, 角度: 360度, 速度: 一定, 方向: 反時計回り)
*   **点Pからx軸への垂線 (青):**
    *   `AttachTo` (点Pに追従)
    *   `SetLength` (常にx軸に到達する長さ)
*   **点Pからy軸への垂線 (緑):**
    *   `AttachTo` (点Pに追従)
    *   `SetLength` (常にy軸に到達する長さ)
*   **サイン波上の現在位置マーカー (マゼンタ):**
    *   点Pのy座標と同期して、サイン波上の対応するx座標に配置。
*   **サイン波上の現在位置マーカーからx軸への垂線 (紫):**
    *   `AttachTo` (マゼンタマーカーに追従)
    *   `SetLength` (常にx軸に到達する長さ)
*   **サイン波 (黄色):**
    *   `Shift` (横方向に左へ移動) - 点Pが1周する間に、サイン波がちょうど1周期分表示されるように速度を調整。

### シーン全体の流れ

1.  **初期配置:** 左パネルに円と点P、右パネルにサイン波のグラフと軸を表示。
2.  **円運動開始:** 点Pを一定速度で反時計回りに回転開始。点Pからx軸、y軸への垂線も同時に生成・追従。
3.  **サイン波同期:** 点Pのy座標と同期するように、右パネルのサイン波上の対応する位置にマゼンタマーカーを配置。マゼンタマーカーからx軸への垂線も生成・追従。
4.  **サイン波スクロール:** 点Pが1周する間に、サイン波がちょうど1周期分表示されるように、グラフ全体を横方向にスクロール開始。
5.  **同期表示:** 点Pのy座標の変化が、マゼンタマーカーの上下動と、サイン波の上下動としてリアルタイムに視覚的に同期していることを強調。
6.  **終了:** 点Pが1周し、サイン波が1周期分表示されたらアニメーションを停止。

### シーンが見やすくなるようにするための注意

*   **パネル分割:** 画面を左右に均等に分割し、それぞれのパネルの役割を明確にする。
*   **色分け:** 各要素に異なる色を割り当て、視認性を高める。特に、点Pのy座標とサイン波の対応を明確にするために、点Pのy軸垂線（緑）とサイン波上のマーカーからx軸への垂線（紫）の色を関連付けるか、あるいは点Pのy座標の値を示すテキストを同期させるとより分かりやすい。
*   **速度調整:** 点Pの回転速度とサイン波のスクロール速度を調整し、同期が分かりやすいようにする。1周期の表示がスムーズに行われるように注意する。
*   **ガイド線の太さ:** 垂線やマーカーは、グラフや円を邪魔しない程度の太さにする。
*   **テキストの配置:** 各パネルのタイトルテキストは、邪魔にならない位置に配置する。
*   **アスペクト比:** 円やサイン波の歪みが生じないように、適切なアスペクト比を維持する。
*   **アニメーションのタイミング:** 円運動、垂線の追従、サイン波のスクロール、マーカーの配置などが、滑らかに連携するようにタイミングを調整する。

### ユーザーからの注意

*   「円運動の縦の揺れ＝サイン波の上下」を視覚的に伝えることが最重要。
*   「1周する間にサイン波がちょうど1周期になる」ことも明確に示す。
*   リアルタイムでの同期を強調するために、マーカーとガイド線を効果的に使用する。
2025-11-03 09:18:57.952 | INFO     | app.service.graph_agent:generate_script_with_prompt:81 - -----------------------------------
2025-11-03 09:18:57.952 | DEBUG    | app.service.graph_agent:_generate_initial_script:96 -    [+] Initial script generated (length: 3645)
2025-11-03 09:18:57.952 | INFO     | app.service.graph_agent:_check_bad_request:103 - --- 2. [Node] Checking for Bad Request ---
2025-11-03 09:18:57.954 | DEBUG    | app.service.graph_agent:_check_bad_request:105 -    [+] Code security check: Passed
2025-11-03 09:18:57.954 | DEBUG    | app.service.graph_agent:_after_bad_request_check:205 - --- [Branch] Secure. Proceeding to Lint. ---
2025-11-03 09:18:57.954 | INFO     | app.service.graph_agent:_execute_and_handle_errors:116 - --- 4. [Node] Executing Manim ---
2025-11-03 09:18:57.955 | INFO     | app.service.base_agent:_save_script:129 - Script saved to tmp/agent_id.py
2025-11-03 09:19:00.172 | ERROR    | app.service.base_agent:_execute_script:162 - Script execution failed: [Error]
file: /workspaces/ai_agent/back/tmp/agent_id.py
line: 69
type: TypeError
message: Mobject.__getattr__.<locals>.getter() takes 1 positional argument but 2 were given
code: │   labels = axes.get_x_axis_labels(                                                   │

2025-11-03 09:19:00.172 | ERROR    | app.service.graph_agent:_execute_and_handle_errors:141 -    [-] Script execution failed with errors.
2025-11-03 09:19:00.173 | INFO     | app.service.graph_agent:_after_execution:225 - --- [Branch] Runtime Error. Proceeding to Refine. ---
2025-11-03 09:19:00.173 | INFO     | app.service.graph_agent:_refine_script_on_error:150 - --- 5. [Node] Refining Script (Attempt 1) ---
2025-11-03 09:20:44.236 | INFO     | app.service.base_agent:_setup_logger:78 - Logger initialized. Log file: log/ManimGraphAnimationService.log
2025-11-03 09:20:44.236 | INFO     | app.service.base_agent:_load_prompt:93 - Prompts loaded from /workspaces/ai_agent/back/app/service/prompt/prompts.toml
2025-11-03 09:20:46.031 | INFO     | app.service.graph_agent:_generate_initial_script:90 - --- 1. [Node] Generating Initial Script ---
2025-11-03 09:22:19.988 | INFO     | app.service.graph_agent:generate_script_with_prompt:79 - --- 取得した中間出力 (Planner) ---
2025-11-03 09:22:19.989 | INFO     | app.service.graph_agent:generate_script_with_prompt:80 - ## Manim シーン生成 Instruction

### 描画すべき図形・テキスト

*   **左パネル:**
    *   `Circle(radius=1, color=BLUE)`: 原点を中心とした青色の円。
    *   `Dot(radius=0.05, color=RED)`: 円周上の点P (初期位置は`(1, 0)`とする)。
    *   `Line((0, 0), (1, 0), color=GRAY)`: 点Pからx軸への垂線（初期状態）。
    *   `Line((0, 0), (0, 1), color=GRAY)`: 点Pからy軸への垂線（初期状態）。
    *   `Text("円運動", font_size=24, color=WHITE).to_corner(UL)`: 左パネルのタイトル。
*   **右パネル:**
    *   `Axes(x_range=[0, 2*PI, PI/2], y_range=[-1.2, 1.2, 0.2], x_length=6, y_length=4, color=WHITE)`: x軸を0から2π、y軸を-1.2から1.2の範囲で表示する座標軸。
    *   `ParametricFunction(lambda t: [t, np.sin(t), 0], t_range=[0, 2*PI], color=GREEN)`: y=sin(x) のグラフ（初期状態ではx=0から2πまで表示）。
    *   `Dot(radius=0.05, color=RED)`: サイン波上の点Pに対応する点（初期位置は`(0, 0)`）。
    *   `Line((0, 0), (2*PI, 0), color=GRAY, stroke_dasharray=0.05)`: サイン波上の点からx軸への垂線（初期状態）。
    *   `Text("サイン波", font_size=24, color=WHITE).to_corner(UR)`: 右パネルのタイトル。
*   **同期用:**
    *   `Line((0, 0), (0, 1), color=YELLOW)`: 点Pのy座標を示すガイド線（初期状態）。
    *   `Dot(radius=0.05, color=YELLOW)`: 点Pのy座標とサイン波上の点のy座標を同期させるマーカー（初期位置は`(0, 1)`）。

### 図形・テキストのアニメーション指示

*   **点Pの回転:**
    *   `point_p.animate.move_to(circle.point_at_angle(angle))` を使用し、`angle` を `0` から `2*PI` まで一定の速度で増加させる。
    *   回転に伴い、点Pからx軸、y軸への垂線も点Pの動きに追従させる。
*   **サイン波のスクロール:**
    *   `axes.animate.shift(LEFT * speed)` を使用し、座標軸全体を左に移動させる。
    *   サイン波のグラフは、`axes` の移動に追従するように描画し直すか、`axes` の `x_range` を変化させる。
    *   サイン波上の点も、`axes` の移動に追従させる。
*   **同期用マーカーとガイド線:**
    *   点Pのy座標の変化に合わせて、`sync_marker_y` のy座標を更新する。`sync_marker_y.move_to((0, point_p.get_y()))`
    *   `sync_marker_y` の位置に合わせて、右パネルのx軸上の対応する位置(`sync_marker_x`)を計算し、`sync_marker_x.move_to((sync_marker_y.get_x(), 0))`。
    *   `sync_marker_y` と `sync_marker_x` を結ぶ垂直なガイド線 (`sync_line`) を描画し、`sync_line.put_at_tip(sync_marker_y)`、`sync_line.put_at_tail(sync_marker_x)`。
    *   点Pのy座標とサイン波上の点のy座標が一致することを示すために、`sync_marker_y` の色を点Pの色(`RED`)と同期させる。
    *   右パネルのサイン波上の点と `sync_marker_y` を結ぶ水平なガイド線 (`horizontal_sync_line`) を描画し、`horizontal_sync_line.set_points_as_corners([sign_wave_dot.get_center(), sync_marker_y.get_center()])`。

### シーン全体の流れ

1.  **初期状態:** 左パネルに円と点P、右パネルにサイン波と対応する点を表示。同期用マーカーとガイド線も初期位置に配置。
2.  **アニメーション開始:**
    *   点Pが円周上を一定速度で反時計回りに回転し始める。
    *   それに伴い、点Pからx軸、y軸への垂線も動く。
    *   右パネルのサイン波が横方向にスクロールし始める。
    *   同期用マーカー (`sync_marker_y`) が点Pのy座標に合わせて上下に動き、右パネルのx軸上の対応点 (`sync_marker_x`) も同期して動く。
    *   `sync_marker_y` と `sync_marker_x` を結ぶ垂直ガイド線 (`sync_line`) が描画される。
    *   サイン波上の点と `sync_marker_y` を結ぶ水平ガイド線 (`horizontal_sync_line`) が描画される。
3.  **円運動1周:** 点Pが円を1周する間に、サイン波はちょうど1周期分（2π）スクロールする。
4.  **アニメーション終了:** 点Pが元の位置に戻り、サイン波も初期位置に戻る（または、ループ再生を想定）。

### シーンが見やすいものになるようにするための注意

*   **パネル配置:** 左パネルと右パネルを画面中央で左右に配置し、十分な余白を設ける。
*   **色分け:** 各要素（円、点P、サイン波、ガイド線、マーカー）に明確な色を割り当て、視覚的な区別を容易にする。
*   **速度調整:** 点Pの回転速度とサイン波のスクロール速度を、同期が分かりやすくなるように調整する。速すぎると同期が見えなくなり、遅すぎると単調になる。
*   **ガイド線の強調:** 同期を示すガイド線は、他の要素よりも太くしたり、明るい色にしたりして強調する。
*   **テキスト:** タイトルや説明文は、フォントサイズや色を調整して読みやすくする。
*   **アスペクト比:** 円とサイン波のグラフが歪まないように、適切なアスペクト比で描画する。
*   **アニメーションのトランジション:** 要素の出現・移動・消滅のアニメーションは、滑らかで自然なものにする。`FadeIn`, `MoveAlongPath`, `Transform` などの適切なアニメーションタイプを選択する。
*   **軸の表示:** 座標軸の目盛りやラベルは、必要最低限に抑え、視覚的なノイズを減らす。

### ユーザーからの注意

*   「円運動の縦の揺れ＝サイン波の上下」という関係性を、視覚的に明確に伝えることが最重要。
*   「1周する間にサイン波がちょうど1周期になる」ことも、アニメーションのタイミングで明確に示す。
*   点Pのy座標とサイン波上の点のy座標がリアルタイムで一致していることを、同期するマーカーとガイド線で分かりやすく示す。
2025-11-03 09:22:19.989 | INFO     | app.service.graph_agent:generate_script_with_prompt:81 - -----------------------------------
2025-11-03 09:22:19.989 | DEBUG    | app.service.graph_agent:_generate_initial_script:96 -    [+] Initial script generated (length: 4217)
2025-11-03 09:22:19.990 | INFO     | app.service.graph_agent:_check_bad_request:103 - --- 2. [Node] Checking for Bad Request ---
2025-11-03 09:22:19.991 | DEBUG    | app.service.graph_agent:_check_bad_request:105 -    [+] Code security check: Passed
2025-11-03 09:22:19.991 | DEBUG    | app.service.graph_agent:_after_bad_request_check:204 - --- [Branch] Secure. Proceeding to Lint. ---
2025-11-03 09:22:19.991 | INFO     | app.service.graph_agent:_execute_and_handle_errors:116 - --- 4. [Node] Executing Manim ---
2025-11-03 09:22:19.992 | INFO     | app.service.base_agent:_save_script:129 - Script saved to tmp/agent_id.py
2025-11-03 09:22:21.508 | ERROR    | app.service.base_agent:_execute_script:162 - Script execution failed: [Error]
file: /workspaces/ai_agent/back/tmp/agent_id.py
line: 41
type: ValueError
message: latex error converting to dvi. See log output above or the log file: media/Tex/57d66095f1c23de8.log
code: │   axes_labels = axes.get_x_axis().add_labels(labels)                                 │

2025-11-03 09:22:21.508 | ERROR    | app.service.graph_agent:_execute_and_handle_errors:141 -    [-] Script execution failed with errors.
2025-11-03 09:22:21.509 | INFO     | app.service.graph_agent:_after_execution:224 - --- [Branch] Runtime Error. Proceeding to Refine. ---
2025-11-03 09:22:21.509 | INFO     | app.service.graph_agent:_refine_script_on_error:150 - --- 5. [Node] Refining Script (Attempt 1) ---
2025-11-03 09:23:34.458 | DEBUG    | app.service.graph_agent:_refine_script_on_error:188 -    [+] Script refined (length: 3955)
2025-11-03 09:23:34.460 | INFO     | app.service.graph_agent:_check_bad_request:103 - --- 2. [Node] Checking for Bad Request ---
2025-11-03 09:23:34.462 | DEBUG    | app.service.graph_agent:_check_bad_request:105 -    [+] Code security check: Passed
2025-11-03 09:23:34.462 | DEBUG    | app.service.graph_agent:_after_bad_request_check:204 - --- [Branch] Secure. Proceeding to Lint. ---
2025-11-03 09:23:34.462 | INFO     | app.service.graph_agent:_execute_and_handle_errors:116 - --- 4. [Node] Executing Manim ---
2025-11-03 09:23:34.463 | INFO     | app.service.base_agent:_save_script:129 - Script saved to tmp/agent_id.py
2025-11-03 09:23:38.246 | INFO     | app.service.base_agent:_execute_script:153 - Script executed successfully: tmp/agent_id.py
2025-11-03 09:23:38.246 | INFO     | app.service.graph_agent:_execute_and_handle_errors:123 -    [+] Script executed successfully.
2025-11-03 09:23:38.246 | INFO     | app.service.graph_agent:_after_execution:227 - --- [Branch] Execution Succeeded. Ending Graph. ---
2025-11-03 09:23:38.246 | INFO     | app.service.graph_agent:generate_video:278 - --- Graph Finished: Success ---
2025-11-03 09:52:43.670 | INFO     | app.service.base_agent:_setup_logger:78 - Logger initialized. Log file: log/ManimGraphAnimationService.log
2025-11-03 09:52:43.671 | INFO     | app.service.base_agent:_load_prompt:93 - Prompts loaded from /workspaces/ai_agent/back/app/service/prompt/prompts.toml
2025-11-03 09:54:02.183 | INFO     | app.service.base_agent:_setup_logger:78 - Logger initialized. Log file: log/ManimRegacyAgentService.log
2025-11-03 09:54:02.184 | INFO     | app.service.base_agent:_load_prompt:93 - Prompts loaded from /workspaces/ai_agent/back/app/service/prompt/prompts.toml
2025-11-03 09:55:38.416 | INFO     | app.service.base_agent:_save_script:129 - Script saved to tmp/regacy_agent.py
2025-11-03 09:56:11.448 | INFO     | app.service.base_agent:_execute_script:153 - Script executed successfully: tmp/regacy_agent.py
2025-11-03 15:04:47.937 | INFO     | app.service.base_agent:_load_prompt:96 - Prompts loaded from /workspaces/ai_agent/back/app/service/prompt/prompts.toml
2025-11-03 15:04:58.033 | INFO     | app.service.base_agent:_load_prompt:96 - Prompts loaded from /workspaces/ai_agent/back/app/service/prompt/prompts.toml
2025-11-03 15:06:10.049 | INFO     | app.service.base_agent:_load_prompt:96 - Prompts loaded from /workspaces/ai_agent/back/app/service/prompt/prompts.toml
2025-11-03 15:06:12.078 | INFO     | app.service.base_agent:_load_prompt:96 - Prompts loaded from /workspaces/ai_agent/back/app/service/prompt/prompts.toml
2025-11-03 15:06:12.083 | INFO     | app.service.base_agent:_save_prompt:154 - Prompt saved to /workspaces/ai_agent/back/prompts/a8ae4add-ff6e-4d1c-aa77-d58e923606f5.json
2025-11-03 15:07:51.077 | INFO     | app.service.base_agent:_save_script:132 - Script saved to tmp/a8ae4add-ff6e-4d1c-aa77-d58e923606f5.py
2025-11-03 15:07:52.193 | ERROR    | app.service.base_agent:_execute_script:197 - Script execution failed: [Error]
file: /workspaces/ai_agent/back/tmp/a8ae4add-ff6e-4d1c-aa77-d58e923606f5.py
line: 36
type: TypeError
message: Mobject.__getattr__.<locals>.getter() got an unexpected keyword argument 'x_range'
code: │   exp_graph = left_axes.get_graph(lambda x: 2**x, x_range=[-2, 3.5], color=BLUE)     │

2025-11-03 15:08:56.736 | INFO     | app.service.base_agent:_save_script:132 - Script saved to tmp/a8ae4add-ff6e-4d1c-aa77-d58e923606f5.py
2025-11-03 15:08:57.377 | ERROR    | app.service.base_agent:_execute_script:197 - Script execution failed: [Error]
file: /workspaces/ai_agent/back/tmp/a8ae4add-ff6e-4d1c-aa77-d58e923606f5.py
line: 38
type: TypeError
message: Mobject.__getattr__.<locals>.getter() got an unexpected keyword argument 'color'
code: │   exp_graph = left_axes.get_graph(lambda x: 2**x, color=BLUE)                        │

2025-11-03 15:09:27.328 | INFO     | app.service.base_agent:_save_script:132 - Script saved to tmp/a8ae4add-ff6e-4d1c-aa77-d58e923606f5.py
2025-11-03 15:09:28.049 | ERROR    | app.service.base_agent:_execute_script:197 - Script execution failed: [Error]
file: /workspaces/ai_agent/back/tmp/a8ae4add-ff6e-4d1c-aa77-d58e923606f5.py
line: 39
type: TypeError
message: Mobject.__getattr__.<locals>.getter() takes 1 positional argument but 2 were given
code: │   exp_graph = left_axes.get_graph(lambda x: 2**x).set_color(BLUE)                    │

2025-11-03 15:10:53.599 | INFO     | app.service.base_agent:_save_script:132 - Script saved to tmp/a8ae4add-ff6e-4d1c-aa77-d58e923606f5.py
2025-11-03 15:10:54.226 | ERROR    | app.service.base_agent:_execute_script:197 - Script execution failed: [Error]
file: /workspaces/ai_agent/back/tmp/a8ae4add-ff6e-4d1c-aa77-d58e923606f5.py
line: 36
type: TypeError
message: Mobject.__getattr__.<locals>.getter() takes 1 positional argument but 2 were given
code: │   exp_graph = left_axes.get_graph(lambda x: 2**x).set_color(BLUE)                    │

2025-11-03 15:12:39.126 | INFO     | app.service.base_agent:_save_script:132 - Script saved to tmp/a8ae4add-ff6e-4d1c-aa77-d58e923606f5.py
2025-11-03 15:12:39.769 | ERROR    | app.service.base_agent:_execute_script:197 - Script execution failed: [Error]
file: /workspaces/ai_agent/back/tmp/a8ae4add-ff6e-4d1c-aa77-d58e923606f5.py
line: 41
type: TypeError
message: Mobject.__getattr__.<locals>.getter() takes 1 positional argument but 2 were given
code: │   exp_graph = left_axes.get_graph(lambda x: 2**x).set_color(BLUE)                    │

2025-11-03 15:14:09.443 | INFO     | app.service.base_agent:_save_script:132 - Script saved to tmp/a8ae4add-ff6e-4d1c-aa77-d58e923606f5.py
2025-11-03 15:14:10.190 | ERROR    | app.service.base_agent:_execute_script:197 - Script execution failed: [Error]
file: /workspaces/ai_agent/back/tmp/a8ae4add-ff6e-4d1c-aa77-d58e923606f5.py
line: 38
type: TypeError
message: Mobject.__getattr__.<locals>.getter() takes 1 positional argument but 2 were given
code: │   exp_graph = left_axes.get_graph(lambda x: 2**x).set_color(BLUE)                    │

2025-11-03 15:15:40.411 | INFO     | app.service.base_agent:_save_script:132 - Script saved to tmp/a8ae4add-ff6e-4d1c-aa77-d58e923606f5.py
2025-11-03 15:15:41.066 | ERROR    | app.service.base_agent:_execute_script:197 - Script execution failed: [Error]
file: /workspaces/ai_agent/back/tmp/a8ae4add-ff6e-4d1c-aa77-d58e923606f5.py
line: 39
type: TypeError
message: Mobject.__getattr__.<locals>.getter() got an unexpected keyword argument 'color'
code: │   exp_graph = left_axes.get_graph(lambda x: 2**x, color=BLUE)                        │

2025-11-03 15:16:46.125 | INFO     | app.service.base_agent:_save_script:132 - Script saved to tmp/a8ae4add-ff6e-4d1c-aa77-d58e923606f5.py
2025-11-03 15:16:47.247 | ERROR    | app.service.base_agent:_execute_script:197 - Script execution failed: [Error]
file: /workspaces/ai_agent/back/tmp/a8ae4add-ff6e-4d1c-aa77-d58e923606f5.py
line: 34
type: TypeError
message: Mobject.__getattr__.<locals>.getter() takes 1 positional argument but 2 were given
code: │   exp_graph = left_axes.get_graph(lambda x: 2**x)                                    │

2025-11-03 15:18:20.853 | INFO     | app.service.base_agent:_load_prompt:96 - Prompts loaded from /workspaces/ai_agent/back/app/service/prompt/prompts.toml
2025-11-03 15:19:33.559 | INFO     | app.service.base_agent:_save_prompt:154 - Prompt saved to /workspaces/ai_agent/back/prompts/4128dd1d-0067-4d95-ab32-a7e2edaba369.json
2025-11-03 15:19:33.561 | INFO     | app.service.graph_agent:_generate_initial_script:90 - --- 1. [Node] Generating Initial Script ---
2025-11-03 15:20:00.484 | INFO     | app.service.graph_agent:generate_script_with_prompt:79 - --- 取得した中間出力 (Planner) ---
2025-11-03 15:20:00.485 | INFO     | app.service.graph_agent:generate_script_with_prompt:80 - ## Manim シーン生成 Instruction

**ユーザープロンプト:**

(ここにユーザーのプロンプトを挿入)

---

**Manim Instruction:**

*   **描画対象:**
    *   (例: `Text("Hello, Manim!", color=BLUE, font_size=48)`)
    *   (例: `Circle(radius=1, color=RED, fill_opacity=0.5)`)
    *   (必要に応じて、図形やテキストの属性を具体的に記述)

*   **アニメーション:**
    *   (例: `FadeIn(text_object, shift=DOWN)`)
    *   (例: `Transform(circle_object, new_circle_object)`)
    *   (例: `MoveAlongPath(shape, path_object)`)
    *   (アニメーションの種類、対象、方向、速度などを具体的に記述)

*   **シーンの流れ:**
    1.  (例: まず、テキスト「Hello, Manim!」を画面中央にフェードインさせる。)
    2.  (例: 次に、赤い円を画面左に移動させ、その後に青い円に変形させる。)
    3.  (例: 最後に、すべてのオブジェクトをフェードアウトさせる。)
    *   (シーンの開始から終了までのステップを順序立てて記述)

*   **見やすさのための注意:**
    *   (例: 図形間の重なりを避ける。)
    *   (例: テキストのフォントサイズは、画面全体で読みやすいように調整する。)
    *   (例: アニメーションの速度は、視聴者が内容を理解できる速さにする。)
    *   (例: 色のコントラストに注意し、視認性を高める。)
    *   (ユーザーからの注意「3」を考慮した具体的な指示があればここに記述)

---

**ユーザーからの注意:** 3
2025-11-03 15:20:00.485 | INFO     | app.service.graph_agent:generate_script_with_prompt:81 - -----------------------------------
2025-11-03 15:20:00.485 | DEBUG    | app.service.graph_agent:_generate_initial_script:96 -    [+] Initial script generated (length: 2452)
2025-11-03 15:20:00.485 | INFO     | app.service.graph_agent:_check_bad_request:103 - --- 2. [Node] Checking for Bad Request ---
2025-11-03 15:20:00.486 | DEBUG    | app.service.graph_agent:_check_bad_request:105 -    [+] Code security check: Passed
2025-11-03 15:20:00.486 | DEBUG    | app.service.graph_agent:_after_bad_request_check:204 - --- [Branch] Secure. Proceeding to Lint. ---
2025-11-03 15:20:00.487 | INFO     | app.service.graph_agent:_execute_and_handle_errors:116 - --- 4. [Node] Executing Manim ---
2025-11-03 15:22:18.195 | INFO     | app.service.base_agent:_load_prompt:96 - Prompts loaded from /workspaces/ai_agent/back/app/service/prompt/prompts.toml
2025-11-03 15:22:19.676 | INFO     | app.service.base_agent:_save_prompt:154 - Prompt saved to /workspaces/ai_agent/back/prompts/67efcb72-952a-453f-becd-28b67a92c036.json
2025-11-03 15:22:19.678 | INFO     | app.service.graph_agent:_generate_initial_script:90 - --- 1. [Node] Generating Initial Script ---
2025-11-03 15:23:53.197 | INFO     | app.service.graph_agent:generate_script_with_prompt:79 - --- 取得した中間出力 (Planner) ---
2025-11-03 15:23:53.198 | INFO     | app.service.graph_agent:generate_script_with_prompt:80 - ## Manim シーン生成指示

### 描画要素

*   **単位円:**
    *   `Circle(radius=1)`
    *   座標軸 (`Axes`) を追加し、単位円の中心と一致させる。
*   **点P:**
    *   `Dot(radius=0.1)`
    *   初期位置は (1, 0) (θ=0°)
*   **角度θ:**
    *   `Arc(start_angle=0, angle=theta)` を使って円弧を描画。
    *   角度のラジアン値を表示する `Text` オブジェクト (例: `Text(f"{theta_degrees}°")`)
*   **点Pの座標:**
    *   `MathTex(f"P(\\cos\\theta, \\sin\\theta)")`
    *   現在の θ に対応する `(cos(theta), sin(theta))` の値を表示する `MathTex` オブジェクト。
*   **表:**
    *   `Table` オブジェクト。
    *   ヘッダー: "θ", "sinθ", "cosθ"
    *   行: θ=0°, 30°, 60°, ..., 360° (30°刻み)
    *   各セルの値は対応する sinθ, cosθ の計算値。
    *   各象限に対応する色分け:
        *   第1象限 (+,+)
        *   第2象限 (-,+)
        *   第3象限 (-,-)
        *   第4象限 (+,-)
        *   各象限の sinθ, cosθ の値のテキスト色をそれぞれ変える (例: sinθ: 青、cosθ: 赤)。
*   **象限説明:**
    *   `Text` オブジェクトで各象限の符号 (+,+, -,+, -,-, +,-) を表示。
    *   各象限説明のテキスト色を、表の対応する象限の色分けに合わせる。

### アニメーション指示

1.  **初期設定:**
    *   単位円、座標軸、初期位置の点P、角度θの表示 (0°)。
    *   点Pの座標表示、表の表示。
2.  **θの増加:**
    *   `theta` を 0° から 360° まで 30° 刻みで増加させる。
    *   各ステップで以下をアニメーションさせる:
        *   点Pを円周上に移動させる (`P.move_to(get_point_from_function(lambda t: [np.cos(t), np.sin(t), 0]), aligned_edge=ORIGIN)` のように `theta` を更新して動かす)。
        *   角度θの表示を更新する。
        *   点Pの座標表示を更新する。
        *   表の現在の θ の行をハイライトする (例: 背景色を変える)。
        *   表の sinθ, cosθ の値のテキスト色を、現在の象限に対応する色に更新する。
3.  **速度:** アニメーションは滑らかで、各ステップが認識できる程度の速度で進行させる。

### シーン全体の流れ

1.  画面中央に単位円と座標軸を表示。
2.  左側に、角度θに対応する点Pが単位円周上を動く様子を表示。
3.  右側に、θ、sinθ、cosθ の値を表形式で表示。
4.  θが0°から360°まで30°刻みで変化するにつれて、点Pが円周上を移動し、対応する表の行がハイライトされ、sinθとcosθの値の色が変化する。
5.  各象限での sinθ と cosθ の符号の変化を、表の値の色と象限説明の色で視覚的に示す。

### 見やすさのための注意

*   **色分け:**
    *   単位円の軸は薄いグレーなど、他の要素と干渉しない色にする。
    *   点Pは目立つ色 (例: 赤)。
    *   角度θの円弧は、点Pの移動に合わせて描画されるようにする。
    *   表のハイライトは、他の要素を邪魔しない程度に目立つ色にする。
    *   sinθとcosθの符号による色分けは、明確で区別しやすい色を選ぶ (例: sinθ: 青、cosθ: 赤)。
    *   象限説明の色も、表の色分けと一致させる。
*   **配置:**
    *   単位円と点Pの動きを左側に、表を右側に配置し、両者の関係性が分かりやすいようにする。
    *   テキスト（角度、座標、表のヘッダーなど）は、大きすぎず小さすぎず、読みやすいフォントサイズにする。
*   **アニメーション:**
    *   点Pの移動は滑らかにする。
    *   表のハイライトと値の更新は、点Pの動きと同期させる。
    *   各ステップでの変化が明確に分かるように、適度な一時停止を入れることも検討する。
*   **単位:**
    *   角度は度数法 (°表記) で表示する。
    *   表の θ の列も度数法で統一する。

### ユーザーからの注意

*   「左側に表示」「右側には」という指示を厳密に守る。
*   「30°刻み」を正確に実行する。
*   「現在のθの行をハイライト」を各ステップで実行する。
*   「sinθとcosθの符号がどの象限で変わるのか（第1象限は+,+、第2象限は-,+、第3象限は-,-、第4象限は+,-）を色分けして示してください。」という指示を、表の各値の色と象限説明の色で具体的に表現する。
2025-11-03 15:23:53.198 | INFO     | app.service.graph_agent:generate_script_with_prompt:81 - -----------------------------------
2025-11-03 15:23:53.198 | DEBUG    | app.service.graph_agent:_generate_initial_script:96 -    [+] Initial script generated (length: 5483)
2025-11-03 15:23:53.199 | INFO     | app.service.graph_agent:_check_bad_request:103 - --- 2. [Node] Checking for Bad Request ---
2025-11-03 15:23:53.200 | DEBUG    | app.service.graph_agent:_check_bad_request:105 -    [+] Code security check: Passed
2025-11-03 15:23:53.201 | DEBUG    | app.service.graph_agent:_after_bad_request_check:204 - --- [Branch] Secure. Proceeding to Lint. ---
2025-11-03 15:23:53.201 | INFO     | app.service.graph_agent:_execute_and_handle_errors:116 - --- 4. [Node] Executing Manim ---
2025-11-03 15:23:53.202 | INFO     | app.service.base_agent:_save_script:132 - Script saved to tmp/67efcb72-952a-453f-becd-28b67a92c036.py
2025-11-03 15:23:54.577 | ERROR    | app.service.base_agent:_execute_script:197 - Script execution failed: [Error]
file: /workspaces/ai_agent/back/tmp/67efcb72-952a-453f-becd-28b67a92c036.py
line: 42
type: TypeError
message: Mobject.__init__() got an unexpected keyword argument 'include_header'
code: │   table = Table(                                                                     │

2025-11-03 15:23:54.578 | ERROR    | app.service.graph_agent:_execute_and_handle_errors:141 -    [-] Script execution failed with errors.
2025-11-03 15:23:54.578 | INFO     | app.service.graph_agent:_after_execution:224 - --- [Branch] Runtime Error. Proceeding to Refine. ---
2025-11-03 15:23:54.578 | INFO     | app.service.graph_agent:_refine_script_on_error:150 - --- 5. [Node] Refining Script (Attempt 1) ---
2025-11-03 15:25:32.904 | DEBUG    | app.service.graph_agent:_refine_script_on_error:188 -    [+] Script refined (length: 5546)
2025-11-03 15:25:32.905 | INFO     | app.service.graph_agent:_check_bad_request:103 - --- 2. [Node] Checking for Bad Request ---
2025-11-03 15:25:32.907 | DEBUG    | app.service.graph_agent:_check_bad_request:105 -    [+] Code security check: Passed
2025-11-03 15:25:32.907 | DEBUG    | app.service.graph_agent:_after_bad_request_check:204 - --- [Branch] Secure. Proceeding to Lint. ---
2025-11-03 15:25:32.907 | INFO     | app.service.graph_agent:_execute_and_handle_errors:116 - --- 4. [Node] Executing Manim ---
2025-11-03 15:25:32.909 | INFO     | app.service.base_agent:_save_script:132 - Script saved to tmp/67efcb72-952a-453f-becd-28b67a92c036.py
2025-11-03 15:26:06.458 | INFO     | app.service.base_agent:_execute_script:188 - Script executed successfully: tmp/67efcb72-952a-453f-becd-28b67a92c036.py
2025-11-03 15:26:06.458 | INFO     | app.service.graph_agent:_execute_and_handle_errors:123 -    [+] Script executed successfully.
2025-11-03 15:26:06.459 | INFO     | app.service.graph_agent:_after_execution:227 - --- [Branch] Execution Succeeded. Ending Graph. ---
2025-11-03 15:26:06.459 | INFO     | app.service.graph_agent:generate_video:278 - --- Graph Finished: Success ---
2025-11-04 13:51:09.069 | INFO     | app.service.base_agent:_load_prompt:96 - Prompts loaded from /workspaces/ai_agent/back/app/service/prompt/prompts.toml
2025-11-04 14:37:18.991 | INFO     | app.service.base_agent:_save_prompt:154 - Prompt saved to /workspaces/ai_agent/back/prompts/9a6a0733-12a7-4316-8262-e1503fe76b3d.json
2025-11-04 14:37:18.992 | INFO     | app.service.graph_agent:_generate_initial_script:90 - --- 1. [Node] Generating Initial Script ---
2025-11-04 14:37:32.228 | INFO     | app.service.graph_agent:generate_script_with_prompt:79 - --- 取得した中間出力 (Planner) ---
2025-11-04 14:37:32.228 | INFO     | app.service.graph_agent:generate_script_with_prompt:80 - ユーザープロンプト: aaa

出力形式:
- Manim で描画すべき図形やテキスト（色・サイズなどの指定を含む）
- 図形やテキストをどのように動かすか（アニメーションの指示）
- シーン全体の流れ
- シーンが見やすいものになるようにするための注意

ユーザーからの注意:
「aaa」というテキストを画面中央に表示し、そのテキストが徐々にフェードインするアニメーションを作成してください。

---

**Instruction for Manim Scene Generation:**

- **Manim Objects:**
    - `Text("aaa", font_size=72)`: 中央に配置。

- **Animations:**
    - `FadeIn(text_object)`: テキストオブジェクトが徐々に表示される。

- **Scene Flow:**
    1. テキストオブジェクト `aaa` を生成し、画面中央に配置する。
    2. `FadeIn` アニメーションを用いて、テキストオブジェクトを画面に表示する。

- **Readability Notes:**
    - 背景色はデフォルトの黒を使用。
    - テキスト色はデフォルトの白を使用。
    - テキストが画面中央に配置されていることを確認する。

- **User Notes:**
    - (ユーザーからの注意はここに記載。今回は特にありません。)
2025-11-04 14:37:32.228 | INFO     | app.service.graph_agent:generate_script_with_prompt:81 - -----------------------------------
2025-11-04 14:37:32.228 | DEBUG    | app.service.graph_agent:_generate_initial_script:96 -    [+] Initial script generated (length: 287)
2025-11-04 14:37:32.229 | INFO     | app.service.graph_agent:_check_bad_request:103 - --- 2. [Node] Checking for Bad Request ---
2025-11-04 14:37:32.229 | DEBUG    | app.service.graph_agent:_check_bad_request:105 -    [+] Code security check: Passed
2025-11-04 14:37:32.229 | DEBUG    | app.service.graph_agent:_after_bad_request_check:204 - --- [Branch] Secure. Proceeding to Lint. ---
2025-11-04 14:37:32.230 | INFO     | app.service.graph_agent:_execute_and_handle_errors:116 - --- 4. [Node] Executing Manim ---
2025-11-04 14:37:32.232 | INFO     | app.service.base_agent:_save_script:132 - Script saved to tmp/9a6a0733-12a7-4316-8262-e1503fe76b3d.py
2025-11-04 14:37:32.473 | ERROR    | app.service.base_agent:_execute_script:204 - Script execution failed: [Error]
file: <frozen importlib._bootstrap_external>
line: 1131
type: UnknownError
message: KeyboardInterrupt
code: None

2025-11-04 14:37:32.474 | ERROR    | app.service.graph_agent:_execute_and_handle_errors:141 -    [-] Script execution failed with errors.
2025-11-04 14:37:32.474 | INFO     | app.service.graph_agent:_after_execution:224 - --- [Branch] Runtime Error. Proceeding to Refine. ---
2025-11-04 14:37:32.474 | INFO     | app.service.graph_agent:_refine_script_on_error:150 - --- 5. [Node] Refining Script (Attempt 1) ---
2025-11-04 14:37:40.821 | DEBUG    | app.service.graph_agent:_refine_script_on_error:188 -    [+] Script refined (length: 288)
2025-11-04 14:37:40.822 | INFO     | app.service.graph_agent:_check_bad_request:103 - --- 2. [Node] Checking for Bad Request ---
2025-11-04 14:37:40.822 | DEBUG    | app.service.graph_agent:_check_bad_request:105 -    [+] Code security check: Passed
2025-11-04 14:37:40.822 | DEBUG    | app.service.graph_agent:_after_bad_request_check:204 - --- [Branch] Secure. Proceeding to Lint. ---
2025-11-04 14:37:40.823 | INFO     | app.service.graph_agent:_execute_and_handle_errors:116 - --- 4. [Node] Executing Manim ---
2025-11-04 14:37:40.823 | INFO     | app.service.base_agent:_save_script:132 - Script saved to tmp/9a6a0733-12a7-4316-8262-e1503fe76b3d.py
2025-11-05 02:21:36.018 | INFO     | app.service.base_agent:_load_prompt:96 - Prompts loaded from /workspaces/ai_agent/back/app/service/prompt/prompts.toml
2025-11-05 12:48:31.810 | INFO     | app.service.base_agent:_load_prompt:100 - Prompts loaded from /workspaces/ai_agent/back/app/service/prompt/prompts.toml
2025-11-05 12:50:31.683 | INFO     | app.service.base_agent:_load_prompt:100 - Prompts loaded from /workspaces/ai_agent/back/app/service/prompt/prompts.toml
2025-11-05 12:51:51.439 | INFO     | app.service.base_agent:_load_prompt:100 - Prompts loaded from /workspaces/ai_agent/back/app/service/prompt/prompts.toml
2025-11-05 12:56:15.759 | INFO     | app.service.base_agent:_load_prompt:100 - Prompts loaded from /workspaces/ai_agent/back/app/service/prompt/prompts.toml
2025-11-05 12:56:33.318 | INFO     | app.service.base_agent:_save_prompt:158 - Prompt saved to /workspaces/ai_agent/back/prompts/1.json
2025-11-05 12:56:42.826 | INFO     | app.service.graph_agent:manim_planner:337 - Manim planner output: ## Manim Instruction Generation

**Scene Description:**

1.  **Unit Circle with Point P:**
    *   Draw a unit circle centered at the origin.
    *   Draw a point `P` on the circumference.
    *   Draw a line segment from the origin to `P`.
    *   Draw dashed lines from `P` to the x and y axes, creating a right-angled triangle with the origin.
    *   Label the point `P` with its coordinates `(cosθ, sinθ)`.
    *   Label the angle `θ` at the origin.
    *   Color-code the segments of the axes based on the quadrant:
        *   Quadrant 1: Red for x-axis, Blue for y-axis.
        *   Quadrant 2: Red for x-axis, Blue for y-axis.
        *   Quadrant 3: Red for x-axis, Blue for y-axis.
        *   Quadrant 4: Red for x-axis, Blue for y-axis.
        *   *Correction:* The user's prompt implies color-coding the *signs* of sinθ and cosθ, not the axes themselves. This needs to be reflected. Let's reconsider this. The prompt says "sinθとcosθの符号がどの象限で変わるのか（第1象限は+,+、第2象限は-,+、第3象限は-,-、第4象限は+,-）を色分けして示してください。" This is best achieved by highlighting the coordinate values in the table, or perhaps by coloring the point P and its projections. For the unit circle itself, a standard representation is sufficient.

2.  **Table of sinθ and cosθ Values:**
    *   Create a table with columns: "θ (°)", "sinθ", "cosθ".
    *   Populate the table with angles from 0° to 360° in 30° increments.
    *   Calculate and display the corresponding `sinθ` and `cosθ` values.
    *   Highlight the current row corresponding to the current `θ` value.
    *   Color-code the `sinθ` and `cosθ` values in the table based on their signs according to the quadrant:
        *   Quadrant 1 (+,+): `sinθ` (Blue), `cosθ` (Red)
        *   Quadrant 2 (-,+): `sinθ` (Blue), `cosθ` (Red)
        *   Quadrant 3 (-,-): `sinθ` (Blue), `cosθ` (Red)
        *   Quadrant 4 (+,-): `sinθ` (Blue), `cosθ` (Red)
        *   *Correction:* Again, the prompt is about *signs*. The colors should indicate the sign. Let's use:
            *   Positive values: Standard text color (e.g., white or black).
            *   Negative values: Red for `cosθ`, Blue for `sinθ`. This aligns with the typical representation of x and y axes.
            *   The prompt says "色分けして示してください". This implies the *values* themselves should be colored.

**Animation Instructions:**

*   **Initialization:**
    *   Display the unit circle, point `P`, axes, and the table of values with `θ = 0°`.
    *   The current row in the table should be highlighted.
    *   The point `P` should be at (1, 0).
    *   The coordinate labels `(cosθ, sinθ)` should be `(1, 0)`.

*   **Animation Loop (θ from 0° to 360° in 30° increments):**
    *   **Rotate Point P:** Animate the point `P` moving counter-clockwise along the unit circle to the new position corresponding to the current `θ`.
    *   **Update Coordinate Labels:** Animate the coordinate labels `(cosθ, sinθ)` to reflect the new values.
    *   **Update Angle Label:** Animate the angle label `θ` to show the new degree value.
    *   **Highlight Table Row:** Animate the highlighting of the current row in the table.
    *   **Color-code Values in Table:** Animate the coloring of `sinθ` and `cosθ` values in the current row based on their signs (Red for negative `cosθ`, Blue for negative `sinθ`. Positive values remain default color).
    *   **Update Projections:** Animate the dashed lines from `P` to the axes to update their lengths and positions.

**Scene Flow:**

1.  **Setup:** Render the static elements of the unit circle and the initial table at `θ = 0°`.
2.  **Animation Loop:** Iterate through `θ = 30°, 60°, 90°, ..., 360°`. In each iteration, animate the movement of `P`, update labels, highlight the table row, and color-code the values.
3.  **Completion:** The animation completes after `θ = 360°`.

**Considerations for Clarity:**

*   **Background:** Ensure the background is white as requested.
*   **Positioning:** Place the unit circle on the left side of the screen and the table on the right side.
*   **Font Size and Readability:** Use clear and readable font sizes for all text elements, especially for the table values.
*   **Color Contrast:** Ensure sufficient color contrast for highlighted rows and color-coded values against the background.
*   **Speed:** Adjust the animation speed to be visually appealing and easy to follow. Avoid making it too fast or too slow.
*   **Labeling:** Clearly label the axes (x and y) and the point `P`.
*   **Table Formatting:** Ensure the table is well-formatted and easy to read.
*   **Sign Representation:** The color-coding of `sinθ` and `cosθ` values in the table is crucial for demonstrating the sign changes. Red for negative `cosθ` and Blue for negative `sinθ` is a good convention. Positive values can be default.
*   **Quadrant Indication:** While the table color-coding shows the signs, consider adding subtle visual cues to indicate the current quadrant on the unit circle itself, perhaps by coloring the arc segment or the point `P` in a way that corresponds to the quadrant. However, the prompt doesn't explicitly ask for this, so focus on the table.

---

**Manim Code Structure (Conceptual - not actual code):**

```python
from manim import *

class UnitCircleAngleMotion(Scene):
    def construct(self):
        # --- Setup ---
        self.camera.background_color = WHITE

        # Unit Circle and Point P
        unit_circle = Circle(radius=1, color=WHITE)
        origin = ORIGIN
        p = Dot(radius=0.08, color=WHITE)
        angle_label = MathTex(r"\theta")
        coord_label = MathTex(r"(cos\theta, sin\theta)")
        # ... Add axes, dashed lines, initial labels ...

        # Table of Values
        headers = ["\\theta (°)", "sin\\theta", "cos\\theta"]
        rows = [] # Populate with data
        table = Table(rows, headers=headers)
        # ... Position table to the right ...

        self.play(Create(unit_circle), Create(p), Write(angle_label), Write(coord_label), Create(table))
        self.wait(1)

        # --- Animation Loop ---
        for i in range(0, 12): # 0 to 360 degrees in 30 degree steps
            theta_deg = i * 30
            theta_rad = np.deg2rad(theta_deg)
            
            # Calculate new coordinates
            new_x = np.cos(theta_rad)
            new_y = np.sin(theta_rad)

            # Animate Point P movement
            self.play(p.animate.move_to(unit_circle.point_from_proportion(theta_rad / (2 * PI))))
            
            # Update labels
            # ... Animate angle_label and coord_label ...

            # Highlight current table row
            # ... Animate table row highlighting ...

            # Color-code sin/cos values in the current row
            # ... Access table cells and apply color based on sign ...

            self.wait(0.5) # Adjust for animation speed

        self.wait(2)

```
2025-11-05 12:56:42.826 | INFO     | app.service.base_agent:_save_prompt:160 - Prompt file already exists: /workspaces/ai_agent/back/prompts/1.json
2025-11-05 12:56:42.826 | ERROR    | app.service.base_agent:plan:292 - Error in plan: not readable
2025-11-05 13:16:02.912 | INFO     | app.service.base_agent:_load_prompt:99 - Prompts loaded from /workspaces/ai_agent/back/app/service/prompt/prompts.toml
2025-11-05 13:16:12.959 | INFO     | app.service.base_agent:_save_prompt:177 - Prompt saved to /workspaces/ai_agent/back/prompts/2.json
2025-11-05 13:16:22.626 | INFO     | app.service.graph_agent:manim_planner:337 - Manim planner output: ## Manim アニメーション生成指示

### 1. 図形・テキストの定義

*   **単位円:**
    *   `Circle(radius=1)`
    *   色: 白 (`WHITE`)
    *   配置: シーンの左側中央
*   **点P:**
    *   `Dot(radius=0.05)`
    *   色: 赤 (`RED`)
    *   初期配置: $(1, 0)$ (角度 0°に対応)
    *   配置: 円周上を動く
*   **角度θの表示:**
    *   `Text("θ = {:.0f}°".format(theta_degrees))`
    *   フォントサイズ: 24
    *   色: 黒 (`BLACK`)
    *   配置: 点Pの近く
*   **座標表示 (cosθ, sinθ):**
    *   `Text("P({:.2f}, {:.2f})".format(cos_theta, sin_theta))`
    *   フォントサイズ: 20
    *   色: 黒 (`BLACK`)
    *   配置: 角度θ表示の少し下
*   **三角関数表:**
    *   `Table([["θ", "sinθ", "cosθ"]] + data)` (dataは後述)
    *   フォントサイズ: 20
    *   色: 黒 (`BLACK`)
    *   配置: シーンの右側中央
    *   各セルの色分け:
        *   第1象限 (+, +): 緑 (`GREEN`)
        *   第2象限 (-, +): 青 (`BLUE`)
        *   第3象限 (-, -): 紫 (`PURPLE`)
        *   第4象限 (+, -): オレンジ (`ORANGE`)
*   **現在のθの行ハイライト:**
    *   表の該当行の背景色を薄い黄色 (`YELLOW`) で塗りつぶす。
*   **象限の符号説明:**
    *   `Text("+", color=GREEN)`
    *   `Text("+", color=GREEN)`
    *   `Text("+", color=BLUE)`
    *   `Text("-", color=BLUE)`
    *   `Text("-", color=PURPLE)`
    *   `Text("-", color=PURPLE)`
    *   `Text("+", color=ORANGE)`
    *   `Text("-", color=ORANGE)`
    *   配置: 表の右下あたりに、対応する象限の符号を色分けして表示。

### 2. アニメーション指示

*   **初期状態:**
    *   単位円、点P (0°, 1, 0)、角度θ表示 (0°)、座標表示、三角関数表（初期データ）、象限説明を表示。
*   **θの増加:**
    *   `theta_degrees` を 0° から 360° まで 30° 刻みで増加させる。
    *   各 `theta_degrees` の変化に合わせて、以下の要素を更新・アニメーションさせる。
        *   **点Pの移動:**
            *   `theta_radians = np.radians(theta_degrees)`
            *   `new_x = np.cos(theta_radians)`
            *   `new_y = np.sin(theta_radians)`
            *   `point_p.animate.move_to(get_unit_circle_point(theta_radians))`
        *   **角度θ表示の更新:**
            *   `angle_text.become(Text("θ = {:.0f}°".format(theta_degrees), font_size=24, color=BLACK))`
        *   **座標表示の更新:**
            *   `coord_text.become(Text("P({:.2f}, {:.2f})".format(new_x, new_y), font_size=20, color=BLACK))`
        *   **三角関数表のハイライト:**
            *   現在の `theta_degrees` に対応する行を特定し、その行の背景色を `YELLOW` に変更するアニメーション。
            *   前の行のハイライトを解除する。
        *   **表のセルの色:**
            *   表のデータ生成時に、各 `sinθ` と `cosθ` の値の符号に基づいて、対応するセルの色を `GREEN`, `BLUE`, `PURPLE`, `ORANGE` で設定する。
*   **アニメーション速度:**
    *   各ステップ（30°ごと）の遷移は `run_time=0.5` 秒程度とする。
    *   全体のアニメーションは、`wait(0.5)` などで各ステップの表示を一時停止させる。

### 3. シーン全体の流れ

1.  **初期表示:**
    *   白い背景に単位円、点P (0°, (1,0))、角度θ=0°、座標P(1.00, 0.00)、三角関数表（0°から360°までのデータ、初期行ハイライトなし）、象限説明を表示。
2.  **ループ開始:**
    *   `theta_degrees` を 30° ずつ増加させながら、点Pの移動、角度・座標表示の更新、表の該当行のハイライトをアニメーションさせる。
    *   表の各セルの色分けは、データ生成時に適用される。
3.  **ループ終了:**
    *   `theta_degrees` が 360° に達したら、アニメーションを終了。

### 4. 見やすさのための注意

*   **背景:** ユーザーの指示通り、背景は白 (`WHITE`) にする。
*   **文字:** フォントサイズは適切に調整し、読みやすさを確保する。
*   **色分け:** 象限の符号説明と表のセルの色分けは、明確に区別できるように、コントラストの高い色を選択する。
*   **配置:** 図形とテキストの配置は、互いに重なり合わず、視覚的にバランスが取れるように調整する。
*   **単位円のスケール:** 単位円の半径は1とし、座標軸は円周上の点Pの座標と対応するように描画する。（必要であれば座標軸も追加する）
*   **表のデータ:**
    *   `data` は、0°から360°まで30°刻みで計算された `[theta_degrees, sin_theta, cos_theta]` のリストとする。
    *   例: `[[0, 0.00, 1.00], [30, 0.50, 0.87], ...]`
*   **点Pの軌跡:** 必要であれば、点Pの軌跡を薄い線で表示すると、円周上を動いていることがより分かりやすくなる。
*   **アスペクト比:** シーン全体のアスペクト比を適切に設定し、図形が歪んで見えないようにする。

---

**補足:**

*   `get_unit_circle_point(theta_radians)` は、単位円上の指定された角度に対応する座標を返すヘルパー関数として定義するか、直接 `np.array([np.cos(theta_radians), np.sin(theta_radians), 0])` のような形で利用します。
*   表のハイライトは、`Table` オブジェクトのセルの背景色を変更する機能を利用します。Manim の `Table` クラスのドキュメントを参照して、適切な方法で実装してください。
*   各象限の符号説明のテキストは、表の右下あたりに配置することで、どの象限に対応するかが直感的に理解できるようにします。
2025-11-05 13:16:22.627 | INFO     | app.service.base_agent:_save_prompt:180 - Prompt file already exists: /workspaces/ai_agent/back/prompts/2.json
2025-11-05 13:18:22.755 | INFO     | app.service.base_agent:_load_prompt:99 - Prompts loaded from /workspaces/ai_agent/back/app/service/prompt/prompts.toml
2025-11-05 13:18:24.336 | INFO     | app.service.base_agent:_save_prompt:177 - Prompt saved to /workspaces/ai_agent/back/prompts/3.json
2025-11-05 13:18:33.475 | INFO     | app.service.graph_agent:manim_planner:337 - Manim planner output: ## Manim シーン生成 Instruction

### 1. 図形・テキストの定義

*   **単位円:**
    *   `Circle(radius=1, color=WHITE)`
    *   座標軸（x軸、y軸）: `Line(start=(-1.5, 0, 0), end=(1.5, 0, 0), color=WHITE)`、`Line(start=(0, -1.5, 0), end=(0, 1.5, 0), color=WHITE)`
    *   原点: `Dot(point=(0, 0, 0), color=WHITE)`
    *   角度θの線分: `Line(start=(0, 0, 0), end=get_unit_circle_point(theta), color=WHITE)` (thetaは動的に変化)
    *   点P: `Dot(point=get_unit_circle_point(theta), color=YELLOW)` (thetaは動的に変化)
    *   点Pの座標表示: `MathTex(f"P(\\cos\\theta, \\sin\\theta)")` (thetaは動的に変化)
    *   角度θのラベル: `MathTex(f"\\theta = {theta:.0f}^\\circ")` (thetaは動的に変化)

*   **右側の表:**
    *   表のヘッダー: `Tex("θ", "sinθ", "cosθ", color=WHITE)`
    *   表の各行: `Tex(f"{theta:.0f}^\\circ", f"{sin(theta):.2f}", f"{cos(theta):.2f}", color=WHITE)` (thetaは動的に変化)
    *   現在のθの行ハイライト: `Rectangle(width=..., height=..., color=BLUE)` (動的に変化)

*   **象限の符号表示:**
    *   象限1 (+,+): `Tex("+", "+", color=GREEN)`
    *   象限2 (-,+): `Tex("-", "+", color=RED)`
    *   象限3 (-,-): `Tex("-", "-", color=BLUE)`
    *   象限4 (+,-): `Tex("+", "-", color=YELLOW)`
    *   これらのTexオブジェクトを、それぞれの象限に対応する位置に配置する。

### 2. アニメーション指示

*   **初期配置:**
    *   単位円、座標軸、原点を左側に配置。
    *   表のヘッダーと、θ=0°の行を右側に配置。
    *   象限の符号表示を、それぞれの象限に対応する位置に配置。

*   **θの変化:**
    *   `theta` を 0° から 360° まで 30° 刻みで変化させる。
    *   `theta` の変化に合わせて、以下の要素を更新・アニメーションさせる。
        *   角度θの線分: `animate.put_at(get_unit_circle_point(theta))`
        *   点P: `animate.move_to(get_unit_circle_point(theta))`
        *   点Pの座標表示: `animate.become(MathTex(f"P(\\cos\\theta, \\sin\\theta)"))` (cosθ, sinθの値も更新)
        *   角度θのラベル: `animate.become(MathTex(f"\\theta = {theta:.0f}^\\circ"))`
        *   表の現在のθの行: 新しい行を追加し、前の行をフェードアウトさせ、新しい行をハイライトする。
        *   象限の符号表示: 現在のθが属する象限の色分けを強調する（例：その象限の符号Texを少し大きくする、または周囲に円を描くなど）。

*   **表の更新:**
    *   `theta` が30°変化するごとに、対応する `sinθ` と `cosθ` の値を持つ新しい表の行を生成し、表に追加する。
    *   追加された行は、前の行とスムーズに遷移するようにアニメーションさせる。

### 3. シーン全体の流れ

1.  **導入:** 背景を白く設定。
2.  **初期状態:** 単位円、座標軸、原点、θ=0°の表の行、象限の符号表示を画面に表示。
3.  **アニメーションループ:**
    *   `theta` を 30° ずつ増加させる。
    *   角度θの線分、点P、点Pの座標表示、角度θのラベルを更新・アニメーションさせる。
    *   表に新しい行を追加し、現在のθの行をハイライトする。
    *   現在のθが属する象限の符号表示を強調する。
    *   各ステップで一定時間待機させる (`wait(duration)`)。
4.  **終了:** 全てのθの値が表示された後、アニメーションを終了。

### 4. 見やすさのための注意

*   **背景:** 指定通り、背景は白にする。
*   **色:**
    *   単位円、座標軸、原点は白で統一し、視認性を確保。
    *   点Pは黄色など、円周上での動きが目立つ色にする。
    *   表のハイライト色は、他の要素と区別しやすい青色などにする。
    *   象限の符号表示の色分けは、ユーザーの指示通り、各象限の符号の組み合わせが明確にわかるようにする。
*   **配置:**
    *   単位円と関連要素（線分、点P、角度ラベル）は画面の左側にまとめる。
    *   表と象限の符号表示は画面の右側にまとめる。
    *   表は、thetaの値が下に行くにつれて順番に表示されるように、縦に配置する。
*   **フォントサイズ:** 図形やテキストが画面全体でバランスよく見えるように、適切なフォントサイズを選択する。特に、数式や角度のラベルは読みやすい大きさに調整する。
*   **アニメーション速度:** 各ステップのアニメーション速度は、ユーザーが追いつけるように、速すぎず遅すぎないように調整する。特に、表の行が追加されるアニメーションは、視覚的に理解しやすいように配慮する。
*   **象限の強調:** 象限の符号表示は、単に色分けするだけでなく、現在のθがどの象限にあるかを直感的に理解できるように、視覚的な強調（例：少し拡大、点滅、輪郭表示など）を加えることを検討する。
2025-11-05 13:18:33.476 | INFO     | app.service.base_agent:_save_prompt:180 - Prompt file already exists: /workspaces/ai_agent/back/prompts/3.json
2025-11-05 13:18:33.476 | INFO     | app.service.base_agent:plan:325 - Plan generated: 3
2025-11-05 13:20:35.533 | INFO     | app.service.base_agent:_save_prompt:177 - Prompt saved to /workspaces/ai_agent/back/prompts/4.json
2025-11-05 13:20:56.174 | INFO     | app.service.graph_agent:manim_planner:337 - Manim planner output: ## Manim シーン生成指示

### 1. 図形とテキスト

*   **単位円:**
    *   `Circle` クラスで描画。
    *   中心: `(0, 0)`
    *   半径: `1`
    *   色: `WHITE` (デフォルト)
    *   線の太さ: `0.5`
*   **角度θ:**
    *   `MathTex` クラスで描画。
    *   テキスト: `\theta`
    *   位置: 単位円の左上あたり。
    *   色: `WHITE` (デフォルト)
    *   サイズ: `\large`
*   **点P:**
    *   `Dot` クラスで描画。
    *   初期位置: `(1, 0)` (θ=0°に対応)
    *   色: `RED`
    *   サイズ: `0.1`
*   **座標軸 (単位円の左側):**
    *   `Axes` クラスで描画。
    *   x軸の範囲: `[-1.5, 1.5]`
    *   y軸の範囲: `[-1.5, 1.5]`
    *   x軸ラベル: `x` (色: `WHITE`)
    *   y軸ラベル: `y` (色: `WHITE`)
    *   x軸の色: `WHITE`
    *   y軸の色: `WHITE`
    *   x軸の目盛り: `[-1, 0, 1]`
    *   y軸の目盛り: `[-1, 0, 1]`
*   **線分 OP:**
    *   `Line` クラスで描画。
    *   始点: `(0, 0)`
    *   終点: 点Pの位置
    *   色: `YELLOW`
    *   線の太さ: `0.5`
*   **角度線:**
    *   `Line` クラスで描画。
    *   始点: `(0, 0)`
    *   終点: 単位円上の点 `(cos(0), sin(0))`
    *   色: `BLUE`
    *   線の太さ: `0.5`
*   **表 (右側):**
    *   `Table` クラスで描画。
    *   ヘッダー: `["θ", "sinθ", "cosθ"]`
    *   行データ:
        *   `["0°", "0", "1"]`
        *   `["30°", "1/2", "√3/2"]`
        *   `["60°", "√3/2", "1/2"]`
        *   `["90°", "1", "0"]`
        *   `["120°", "√3/2", "-1/2"]`
        *   `["150°", "1/2", "-√3/2"]`
        *   `["180°", "0", "-1"]`
        *   `["210°", "-1/2", "-√3/2"]`
        *   `["240°", "-√3/2", "-1/2"]`
        *   `["270°", "-1", "0"]`
        *   `["300°", "-√3/2", "1/2"]`
        *   `["330°", "-1/2", "√3/2"]`
        *   `["360°", "0", "1"]`
    *   位置: 画面右側。
    *   色: `WHITE` (デフォルト)
    *   セルのパディング: `0.5`
    *   ヘッダーの背景色: `DARK_GRAY`
*   **象限表示:**
    *   `Tex` クラスで描画。
    *   テキスト: `"+,+"`, `"+,-"`, `"-,-"`, `"-,"`
    *   位置: 各象限の対応する位置。
    *   色分け:
        *   第1象限: `GREEN` (例: "+,+" を画面右上に配置)
        *   第2象限: `BLUE` (例: "-,+" を画面左上に配置)
        *   第3象限: `YELLOW` (例: "-,-" を画面左下に配置)
        *   第4象限: `RED` (例: "+,-" を画面右下に配置)
    *   サイズ: `\small`
*   **現在のθの行ハイライト:**
    *   表の現在のθに対応する行を `Rectangle` で囲む。
    *   色: `PURPLE`
    *   線の太さ: `0.3`

### 2. アニメーション指示

*   **初期表示:**
    *   単位円、座標軸、角度θ、点P (θ=0°の位置)、線分OP、角度線、表、象限表示を同時に表示。
*   **θの変化:**
    *   `for` ループを使用し、θを0°から360°まで30°刻みで変化させる。
    *   各ステップで:
        *   **角度θの更新:** `MathTex` のテキストを `\theta = {current_degree}°` のように更新。
        *   **点Pの移動:** `move_to` と `rotate` を組み合わせて、単位円周上を滑らかに移動させる。
        *   **線分OPの更新:** 点Pの位置に合わせて終点を更新。
        *   **角度線の更新:** 点Pの位置に合わせて終点を更新。
        *   **表のハイライト:** 現在のθに対応する行を `Rectangle` で囲むアニメーション。
        *   **象限表示の色:** 現在のθが属する象限に対応する `Tex` の色を強調表示（例: 他の象限表示を薄くする、または現在の象限表示を明るくする）。
*   **アニメーション速度:**
    *   各ステップ間の `wait()` を調整し、視覚的に追従できるようにする。
    *   全体のアニメーション速度は `run_time` で調整。

### 3. シーン全体の流れ

1.  **準備:** 背景を白く設定。
2.  **初期配置:** 単位円、座標軸、角度θ、点P、線分OP、角度線、表、象限表示を画面に配置。
3.  **θのループ:**
    *   θを30°ずつ増加させながら、点Pの移動、線分OPと角度線の更新、表のハイライト、象限表示の色変化をアニメーションさせる。
    *   各θの度数、sinθ、cosθの値を表示。
    *   現在のθの行をハイライト。
    *   現在のθが属する象限の符号表示を強調。
4.  **終了:** 全てのアニメーションが完了したら、静止画として表示。

### 4. 見やすさのための注意

*   **背景:** ユーザーの要望通り、背景を白くする。
*   **フォントサイズと色:** 図形やテキストが見やすいように、適切なフォントサイズとコントラストの高い色を選択する。
*   **配置:** 単位円と表が画面を分割するように配置し、互いの視覚的な邪魔にならないようにする。
*   **象限表示:** 象限表示の色分けが直感的に理解できるように、各象限の対応する位置に配置する。
*   **アニメーションの滑らかさ:** 点Pや線分の移動が滑らかになるように補間を適切に設定する。
*   **表の更新:** 表のハイライトが現在のθに対応していることを明確に示す。
*   **説明:** 必要に応じて、各象限の符号表示の横に「第1象限 (+,+)」のようなテキストを追加することも検討する。ただし、今回は最低限の記述という指示のため、象限表示の色分けのみで対応する。

---
```python
from manim import *

class UnitCircleAngle(Scene):
    def construct(self):
        # 背景を白くする
        self.camera.background_color = WHITE

        # --- 左側: 単位円と角度θ ---

        # 単位円
        unit_circle = Circle(radius=1, color=WHITE, stroke_width=0.5)
        self.play(Create(unit_circle))

        # 座標軸
        axes = Axes(
            x_range=[-1.5, 1.5, 1],
            y_range=[-1.5, 1.5, 1],
            x_length=3,
            y_length=3,
            axis_config={"include_numbers": False, "color": WHITE},
        )
        x_label = axes.get_x_axis_label("x", color=WHITE)
        y_label = axes.get_y_axis_label("y", color=WHITE)
        self.play(Create(axes), Write(x_label), Write(y_label))

        # 角度θ
        theta_text = MathTex(r"\theta", font_size=72)
        theta_text.to_corner(UL)
        self.play(Write(theta_text))

        # 点P
        dot_p = Dot(point=unit_circle.point_at_angle(0), color=RED, radius=0.1)
        self.play(Create(dot_p))

        # 線分 OP
        line_op = Line(ORIGIN, dot_p.get_center(), color=YELLOW, stroke_width=0.5)
        self.play(Create(line_op))

        # 角度線
        angle_line = Line(ORIGIN, unit_circle.point_at_angle(0), color=BLUE, stroke_width=0.5)
        self.play(Create(angle_line))

        # --- 右側: 表と象限表示 ---

        # 表データ
        table_data = [
            [r"0°", r"0", r"1"],
            [r"30°", r"\frac{1}{2}", r"\frac{\sqrt{3}}{2}"],
            [r"60°", r"\frac{\sqrt{3}}{2}", r"\frac{1}{2}"],
            [r"90°", r"1", r"0"],
            [r"120°", r"\frac{\sqrt{3}}{2}", r"-\frac{1}{2}"],
            [r"150°", r"\frac{1}{2}", r"-\frac{\sqrt{3}}{2}"],
            [r"180°", r"0", r"-1"],
            [r"210°", r"-\frac{1}{2}", r"-\frac{\sqrt{3}}{2}"],
            [r"240°", r"-\frac{\sqrt{3}}{2}", r"-\frac{1}{2}"],
            [r"270°", r"-1", r"0"],
            [r"300°", r"-\frac{\sqrt{3}}{2}", r"\frac{1}{2}"],
            [r"330°", r"-\frac{1}{2}", r"\frac{\sqrt{3}}{2}"],
            [r"360°", r"0", r"1"],
        ]
        table = Table(table_data, include_outer_lines=True, row_height=0.5, col_widths=[1, 1.5, 1.5])
        table.to_edge(RIGHT)
        table.set_color(WHITE)
        table.get_entries().set_font_size(24)
        table.get_header().set_color(DARK_GRAY)
        self.play(Create(table))

        # 象限表示
        quadrant_text_1 = Tex(r"$(+,+)$", color=GREEN, font_size=36).move_to(np.array([2.5, 1.5, 0]))
        quadrant_text_2 = Tex(r"$(-,+)$", color=BLUE, font_size=36).move_to(np.array([-2.5, 1.5, 0]))
        quadrant_text_3 = Tex(r"$(-,-)$", color=YELLOW, font_size=36).move_to(np.array([-2.5, -1.5, 0]))
        quadrant_text_4 = Tex(r"$(+,-)$", color=RED, font_size=36).move_to(np.array([2.5, -1.5, 0]))
        
        self.play(Write(quadrant_text_1), Write(quadrant_text_2), Write(quadrant_text_3), Write(quadrant_text_4))

        # 現在のθの行ハイライト用矩形
        highlight_rect = Rectangle(width=table.get_width(), height=table.get_height() / len(table_data), color=PURPLE, stroke_width=0.3)
        highlight_rect.move_to(table.get_entries([0, 0]).get_center() + UP * table.get_height() / 2 * (1 - (0 + 0.5) / len(table_data)))


        # --- アニメーションループ ---
        angles_degrees = [i * 30 for i in range(13)] # 0 to 360 in 30 degree increments

        for i, angle_deg in enumerate(angles_degrees):
            angle_rad = np.radians(angle_deg)

            # 角度θの更新
            current_theta_text = MathTex(rf"\theta = {angle_deg}°", font_size=72)
            current_theta_text.to_corner(UL)
            self.play(ReplacementTransform(theta_text, current_theta_text))
            theta_text = current_theta_text

            # 点Pの移動
            new_dot_p_pos = unit_circle.point_at_angle(angle_rad)
            self.play(dot_p.animate.move_to(new_dot_p_pos))

            # 線分 OP の更新
            new_line_op = Line(ORIGIN, new_dot_p_pos, color=YELLOW, stroke_width=0.5)
            self.play(ReplacementTransform(line_op, new_line_op))
            line_op = new_line_op

            # 角度線の更新
            new_angle_line = Line(ORIGIN, new_dot_p_pos, color=BLUE, stroke_width=0.5)
            self.play(ReplacementTransform(angle_line, new_angle_line))
            angle_line = new_angle_line

            # 表のハイライト
            current_row_center = table.get_entries([i, 0]).get_center()
            highlight_rect.move_to(current_row_center)
            self.play(Create(highlight_rect, run_time=0.5))
            self.wait(0.5)
            self.play(FadeOut(highlight_rect, run_time=0.5))

            # 象限表示の色変化 (現在の象限を強調)
            current_quadrant_texts = VGroup()
            if 0 <= angle_deg < 90:
                current_quadrant_texts.add(quadrant_text_1.set_color(WHITE))
                current_quadrant_texts.add(quadrant_text_2.set_color(BLUE).set_opacity(0.3))
                current_quadrant_texts.add(quadrant_text_3.set_color(YELLOW).set_opacity(0.3))
                current_quadrant_texts.add(quadrant_text_4.set_color(RED).set_opacity(0.3))
            elif 90 <= angle_deg < 180:
                current_quadrant_texts.add(quadrant_text_1.set_color(GREEN).set_opacity(0.3))
                current_quadrant_texts.add(quadrant_text_2.set_color(WHITE))
                current_quadrant_texts.add(quadrant_text_3.set_color(YELLOW).set_opacity(0.3))
                current_quadrant_texts.add(quadrant_text_4.set_color(RED).set_opacity(0.3))
            elif 180 <= angle_deg < 270:
                current_quadrant_texts.add(quadrant_text_1.set_color(GREEN).set_opacity(0.3))
                current_quadrant_texts.add(quadrant_text_2.set_color(BLUE).set_opacity(0.3))
                current_quadrant_texts.add(quadrant_text_3.set_color(WHITE))
                current_quadrant_texts.add(quadrant_text_4.set_color(RED).set_opacity(0.3))
            elif 270 <= angle_deg <= 360:
                current_quadrant_texts.add(quadrant_text_1.set_color(GREEN).set_opacity(0.3))
                current_quadrant_texts.add(quadrant_text_2.set_color(BLUE).set_opacity(0.3))
                current_quadrant_texts.add(quadrant_text_3.set_color(YELLOW).set_opacity(0.3))
                current_quadrant_texts.add(quadrant_text_4.set_color(WHITE))

            self.play(
                quadrant_text_1.animate.set_color(GREEN if angle_deg < 90 else GREEN.with_opacity(0.3)),
                quadrant_text_2.animate.set_color(BLUE if 90 <= angle_deg < 180 else BLUE.with_opacity(0.3)),
                quadrant_text_3.animate.set_color(YELLOW if 180 <= angle_deg < 270 else YELLOW.with_opacity(0.3)),
                quadrant_text_4.animate.set_color(RED if 270 <= angle_deg <= 360 else RED.with_opacity(0.3)),
                run_time=0.5
            )

            self.wait(0.5)

        self.wait(2)

```
2025-11-05 13:20:56.175 | INFO     | app.service.base_agent:_save_prompt:180 - Prompt file already exists: /workspaces/ai_agent/back/prompts/4.json
2025-11-05 13:20:56.175 | INFO     | app.service.base_agent:plan:325 - Plan generated: 4
2025-11-05 13:23:00.193 | INFO     | app.service.base_agent:_load_prompt:99 - Prompts loaded from /workspaces/ai_agent/back/app/service/prompt/prompts.toml
2025-11-05 13:23:04.235 | INFO     | app.service.base_agent:_save_prompt:177 - Prompt saved to /workspaces/ai_agent/back/prompts/5.json
2025-11-05 13:23:12.168 | INFO     | app.service.graph_agent:manim_planner:337 - Manim planner output: ## Manim シーン生成 Instruction

### 1. 図形・テキストの定義

*   **単位円:**
    *   `Circle(radius=1, color=WHITE)`
    *   円周上に原点から伸びる線分（半径）
        *   `Line(ORIGIN, P, color=WHITE)`
    *   角度θを示す弧
        *   `Arc(start_angle=0, angle=theta, radius=0.3, color=WHITE)`
    *   点P: `Dot(P, color=RED)`
    *   原点O: `Dot(ORIGIN, color=WHITE)`
*   **角度θ:**
    *   `Text("θ", font_size=24).next_to(arc, UP)` (弧の横に配置)
*   **点Pの座標:**
    *   `MathTex(f"P(\\cos\\theta, \\sin\\theta)")` (点Pの近くに配置)
*   **表:**
    *   ヘッダー: `Tex("θ", "|", "sinθ", "|", "cosθ")`
    *   行（30°刻み、0°から360°まで12行）: `Tex(f"{angle}°", "|", f"{sin_val:.2f}", "|", f"{cos_val:.2f}")`
        *   各行の背景色で象限を示す:
            *   第1象限 (0°-90°): `GREEN` (+, +)
            *   第2象限 (90°-180°): `BLUE` (-, +)
            *   第3象限 (180°-270°): `YELLOW` (-, -)
            *   第4象限 (270°-360°): `RED` (+, -)
        *   現在のθの行はハイライト: `WHITE` (他の行より明るい色 or 明滅)
*   **象限の説明:**
    *   `Tex("(+,+)", color=GREEN).next_to(table, RIGHT, buff=1)` (第1象限)
    *   `Tex("(-,+)", color=BLUE).next_to(table, RIGHT, buff=1)` (第2象限)
    *   `Tex("(-,-)", color=YELLOW).next_to(table, RIGHT, buff=1)` (第3象限)
    *   `Tex("(+,-)", color=RED).next_to(table, RIGHT, buff=1)` (第4象限)

### 2. アニメーションの指示

*   **初期状態:**
    *   単位円、原点、角度θ、点P、点Pの座標、表（ヘッダーと0°の行のみ表示）、象限の説明を表示。
*   **θの変化:**
    *   `theta` の値を0°から360°まで30°刻みで変化させる。
    *   `Arc` の角度を `theta` に合わせて更新。
    *   半径線分を `theta` の角度に合わせて回転させる。
    *   点Pの座標を `(cos(theta), sin(theta))` に更新。
    *   表の現在のθに対応する行をハイライト表示。
    *   必要に応じて、表の行をスクロールさせる。
*   **表の更新:**
    *   `theta` が変化するたびに、対応する表の行をハイライトさせる。
*   **象限の色分け:**
    *   表の行に、対応する象限の色を背景色として適用する。
    *   象限の説明テキストの色も、対応する象限の色に合わせる。

### 3. シーン全体の流れ

1.  **開始:** 白い背景に単位円、原点、角度θ、点P、点Pの座標、表のヘッダー、0°の行、象限の説明を表示。
2.  **アニメーションループ:**
    *   `theta` を30°ずつ増加させながら、単位円上の点P、半径線分、角度θを更新。
    *   表の対応する行をハイライト。
    *   各ステップで一定時間待機。
3.  **終了:** 360°に達したらアニメーションを停止。

### 4. 見やすさのための注意

*   **背景:** 指定通り、背景を白くする。
*   **配置:** 単位円と点P、表、象限の説明が画面上でバランス良く配置されるように調整する。
*   **フォントサイズ:** 各テキスト要素が読みやすい適切なフォントサイズに設定する。
*   **色:** 各要素の色は、互いに見分けやすく、かつユーザーの指示（象限の色分け）を明確に反映するように選択する。
*   **アニメーション速度:** 点Pの動きや表のハイライトが、視覚的に理解しやすい速さになるように調整する。
*   **表のスクロール:** 表が長くなる場合、現在の行が常に画面内に表示されるようにスクロールアニメーションを実装する。
*   **座標の表示:** 点Pの座標表示は、必要に応じて小数点の桁数を調整する。
2025-11-05 13:23:12.168 | INFO     | app.service.base_agent:_save_prompt:180 - Prompt file already exists: /workspaces/ai_agent/back/prompts/5.json
2025-11-05 13:23:12.169 | INFO     | app.service.base_agent:plan:325 - Plan generated: 5
2025-11-05 13:23:12.169 | DEBUG    | app.service.base_agent:plan:326 - Plan details: 5.json
2025-11-05 13:27:43.199 | INFO     | app.service.base_agent:_load_prompt:99 - Prompts loaded from /workspaces/ai_agent/back/app/service/prompt/prompts.toml
2025-11-05 13:27:46.822 | INFO     | app.service.base_agent:_save_prompt:177 - Prompt saved to /workspaces/ai_agent/back/prompts/6.json
2025-11-05 13:27:53.757 | INFO     | app.service.graph_agent:manim_planner:337 - Manim planner output: ## Manim シーン生成指示

### 1. 図形とテキスト

*   **単位円:**
    *   `Circle(radius=1)`
    *   中心を原点 `(0, 0)` に配置。
    *   軸 `Axes` を追加し、単位円と交差させる。
*   **点P:**
    *   `Dot(radius=0.1)`
    *   初期位置は `(1, 0)` (θ=0°)
    *   色: 青
*   **角度線:**
    *   `Line(ORIGIN, point_on_circle)`
    *   点Pと原点を結ぶ線。
    *   色: 赤
*   **角度表示:**
    *   `MathTex(r"\theta = 0^\circ")`
    *   初期位置は単位円の近く。
*   **象限表示:**
    *   `MathTex(r"\text{I: (+,+)}"), MathTex(r"\text{II: (-,+)}"), MathTex(r"\text{III: (-,-)}"), MathTex(r"\text{IV: (+,-)}")`
    *   それぞれ対応する象限の色（後述）で表示。
    *   配置: 単位円の右下あたり。
*   **表:**
    *   `Table([["θ", "sinθ", "cosθ"]])`
    *   表のヘッダー行。
    *   初期位置は単位円の右側。
    *   各セルに `MathTex` を使用。
    *   `θ` の列: 0°, 30°, 60°, ..., 360°
    *   `sinθ` の列: 対応する sin の値
    *   `cosθ` の列: 対応する cos の値
    *   表の各行（θの刻みごと）をハイライトするための `Rectangle` (透明度高め)

### 2. アニメーション指示

*   **初期状態:**
    *   単位円、軸、点P、角度線、角度表示、象限表示、表のヘッダーを表示。
*   **θの変化:**
    *   `theta` を0°から360°まで30°刻みで増加させるループ処理。
    *   各ステップで:
        *   `theta` の値を更新し、角度表示をアニメーションさせる。
        *   点Pの位置を `(cos(theta), sin(theta))` に更新し、角度線もそれに合わせて更新するアニメーション。
        *   表の現在の `theta` に対応する行をハイライトする `Rectangle` を表示・更新。
        *   `sinθ` と `cosθ` の値に応じて、対応する象限表示の色を変化させる。
            *   第1象限 (+,+): 青
            *   第2象限 (-,+): 緑
            *   第3象限 (-,-): 赤
            *   第4象限 (+,-): 黄色
            *   現在の象限に対応する色を強調表示する。
*   **表の更新:**
    *   `theta` が変化するたびに、表の対応する行に `sinθ` と `cosθ` の値を追加（または更新）。
    *   表の行のハイライトをアニメーションさせる。

### 3. シーン全体の流れ

1.  **導入:** 背景を白く設定し、単位円、軸、点P、角度線、角度表示、象限表示、表のヘッダーを配置する。
2.  **アニメーション開始:** `theta` が0°から始まり、30°刻みで360°まで変化するアニメーションを開始する。
3.  **各ステップ:**
    *   角度表示、点P、角度線の移動。
    *   表の対応する行のハイライト。
    *   `sinθ` と `cosθ` の符号に応じた象限表示の色分けと強調。
    *   表への値の追加（または更新）。
4.  **終了:** 360°まで到達したらアニメーションを終了する。

### 4. 見やすさのための注意

*   **背景:** 指定通り、背景を白にする。
*   **フォントサイズ:** 図形やテキストのフォントサイズは、画面上で読みやすいように調整する。
*   **アニメーション速度:** 各ステップのアニメーション速度は、ユーザーが理解できる速さに調整する。急すぎず、遅すぎないように。
*   **色:** 象限の色分けは、明確に区別できるように、コントラストの高い色を選択する。
*   **表の配置:** 表は単位円と重ならないように、かつ見やすい位置に配置する。
*   **象限表示:** 象限表示は、どの象限を指しているかが分かりやすいように、単位円の適切な位置に配置する。
*   **ハイライト:** 表のハイライトは、現在の状態がすぐにわかるように、視覚的に目立つようにする。
*   **数式:** `MathTex` を使用し、数式が綺麗に表示されるようにする。

---

**補足:**

*   `theta` の値はラジアンで計算し、表示は度で行います。変換処理が必要です。
*   `sinθ` と `cosθ` の値は、必要に応じて小数点以下の桁数を調整します。
*   象限の色分けは、現在の `sinθ` と `cosθ` の値の符号に基づいて動的に行います。
2025-11-05 13:27:53.757 | INFO     | app.service.base_agent:_save_prompt:180 - Prompt file already exists: /workspaces/ai_agent/back/prompts/6.json
2025-11-05 13:27:53.757 | INFO     | app.service.base_agent:plan:325 - Plan generated: 6
2025-11-05 13:27:53.757 | DEBUG    | app.service.base_agent:plan:326 - Plan details: 6.json
2025-11-05 13:44:18.054 | INFO     | app.service.base_agent:_load_prompt:99 - Prompts loaded from /workspaces/ai_agent/back/app/service/prompt/prompts.toml
2025-11-05 13:44:59.762 | INFO     | app.service.base_agent:_save_prompt:180 - Prompt file already exists: /workspaces/ai_agent/back/prompts/6.json
2025-11-05 13:44:59.763 | INFO     | app.service.graph_agent:_generate_initial_script:90 - --- 1. [Node] Generating Initial Script ---
2025-11-05 13:46:23.340 | INFO     | app.service.graph_agent:generate_script_with_prompt:79 - --- 取得した中間出力 (Planner) ---
2025-11-05 13:46:23.340 | INFO     | app.service.graph_agent:generate_script_with_prompt:80 - ## Manim シーン生成 Instruction

### 描画要素

*   **左側:**
    *   **単位円:** 色: 白、半径: 2
    *   **角度θの線:** 色: 黄色、始点: (0,0)、終点: (2*cos(θ), 2*sin(θ))
    *   **点P:** 色: 赤、半径: 0.1、位置: (cos(θ), sin(θ))
    *   **角度θのラベル:** 色: 白、サイズ: 0.4、位置: (2*cos(θ)*1.1, 2*sin(θ)*1.1)、フォーマット: "θ = {:.0f}°"
    *   **座標軸:** 色: 灰色、太さ: 0.02、原点: (0,0)
    *   **象限のラベル:**
        *   第1象限: 色: 緑、テキスト: "+,+"、位置: (1.5, 1.5)
        *   第2象限: 色: 青、テキスト: "-,+"、位置: (-1.5, 1.5)
        *   第3象限: 色: 赤、テキスト: "-,-"、位置: (-1.5, -1.5)
        *   第4象限: 色: 紫、テキスト: "+,-"、位置: (1.5, -1.5)
*   **右側:**
    *   **表:**
        *   ヘッダー: "θ", "sinθ", "cosθ"
        *   行 (θ=0°, 30°, 60°, ..., 360°):
            *   θ列: 色: 白、サイズ: 0.4
            *   sinθ列: 色: 白、サイズ: 0.4
            *   cosθ列: 色: 白、サイズ: 0.4
    *   **現在のθの行ハイライト:** 色: 黄色、背景色: 灰色
    *   **象限の符号表示:**
        *   sinθ列の対応する象限の符号:
            *   第1, 2象限: 緑
            *   第3, 4象限: 赤
        *   cosθ列の対応する象限の符号:
            *   第1, 4象限: 緑
            *   第2, 3象限: 赤

### アニメーション指示

1.  **初期状態:** 単位円、座標軸、象限ラベル、表のヘッダーと0°の行を表示。
2.  **θの増加:**
    *   θを0°から360°まで30°刻みで増加させる。
    *   各θの値に対応して、角度θの線、点P、角度θのラベルを単位円上に更新する。
    *   表の現在のθの行をハイライトし、sinθとcosθの値を更新する。
    *   sinθとcosθの符号表示の色を、現在の象限に合わせて更新する。
3.  **ループ:** 360°まで到達したら、0°に戻り、アニメーションを繰り返す（または停止）。

### シーン全体の流れ

1.  シーン開始: 単位円が中央に表示され、座標軸と象限の符号ラベルが配置される。
2.  表の表示: 右側にθ、sinθ、cosθの表が表示され、最初の行（θ=0°）がハイライトされる。
3.  角度と点の追跡: θが0°から始まり、角度線と点Pが単位円周上を滑らかに移動する。同時に、表の該当する行がハイライトされ、sinθとcosθの値が更新される。
4.  象限の符号変化の視覚化: θが各象限を通過する際に、表のsinθとcosθの符号表示の色が、対応する象限の色（緑、青、赤、紫）に変化する。
5.  一周: θが360°に達すると、アニメーションは停止するか、最初に戻って繰り返される。

### 見やすさへの注意

*   **配置:** 単位円と表の配置バランスを考慮し、互いに干渉しないようにする。
*   **フォントサイズ:** ラベル、表の数値、象限の符号は、遠くからでも読みやすい適切なサイズに設定する。
*   **色のコントラスト:** 背景色と描画要素の色のコントラストを確保し、視認性を高める。特に、象限の符号表示の色は、表の数値と明確に区別できるようにする。
*   **アニメーション速度:** 角度の変化は滑らかにし、各ステップでの値の変化が視覚的に追える速度に調整する。
*   **表の配置:** 表の列幅を適切に調整し、数値が重ならないようにする。
*   **象限の符号表示:** sinθとcosθの符号表示が、表のどの列（sinθ or cosθ）に対応しているかを明確にする。
2025-11-05 13:46:23.340 | INFO     | app.service.graph_agent:generate_script_with_prompt:81 - -----------------------------------
2025-11-05 13:46:23.340 | DEBUG    | app.service.graph_agent:_generate_initial_script:96 -    [+] Initial script generated (length: 4777)
2025-11-05 13:46:23.342 | INFO     | app.service.graph_agent:_check_bad_request:103 - --- 2. [Node] Checking for Bad Request ---
2025-11-05 13:46:23.344 | DEBUG    | app.service.graph_agent:_check_bad_request:105 -    [+] Code security check: Passed
2025-11-05 13:46:23.344 | DEBUG    | app.service.graph_agent:_after_bad_request_check:204 - --- [Branch] Secure. Proceeding to Lint. ---
2025-11-05 13:46:23.344 | INFO     | app.service.graph_agent:_execute_and_handle_errors:116 - --- 4. [Node] Executing Manim ---
2025-11-05 13:46:23.345 | INFO     | app.service.base_agent:_save_script:139 - Script saved to tmp/be67ee57-19eb-48e7-a456-db764a3dfd68.py
2025-11-05 13:47:13.470 | INFO     | app.service.base_agent:_execute_script:238 - Script executed successfully: tmp/be67ee57-19eb-48e7-a456-db764a3dfd68.py
2025-11-05 13:47:13.470 | INFO     | app.service.graph_agent:_execute_and_handle_errors:123 -    [+] Script executed successfully.
2025-11-05 13:47:13.470 | INFO     | app.service.graph_agent:_after_execution:227 - --- [Branch] Execution Succeeded. Ending Graph. ---
2025-11-05 13:47:13.470 | INFO     | app.service.graph_agent:generate_video:278 - --- Graph Finished: Success ---
2025-11-05 13:49:54.102 | INFO     | app.service.base_agent:_load_prompt:99 - Prompts loaded from /workspaces/ai_agent/back/app/service/prompt/prompts.toml
2025-11-05 13:49:57.733 | INFO     | app.service.base_agent:_save_prompt:180 - Prompt file already exists: /workspaces/ai_agent/back/prompts/6.json
2025-11-05 13:49:57.734 | INFO     | app.service.graph_agent:_generate_initial_script:90 - --- 1. [Node] Generating Initial Script ---
2025-11-05 13:51:27.260 | INFO     | app.service.graph_agent:generate_script_with_prompt:79 - --- 取得した中間出力 (Planner) ---
2025-11-05 13:51:27.261 | INFO     | app.service.graph_agent:generate_script_with_prompt:80 - ## Manim シーン生成Instruction

### 描画要素

*   **単位円:**
    *   `Circle(radius=1, color=WHITE)`
    *   座標軸 (x軸、y軸) を追加: `NumberPlane()`
    *   円周上の点P: `Dot(color=RED)`
    *   点Pへの線分 (x軸、y軸への垂線): `Line()` (点Pとx軸上の点、点Pとy軸上の点をつなぐ)
*   **角度θ:**
    *   角度を示す弧: `Arc()`
    *   角度のラベル (θ): `Tex(r"\theta", color=WHITE)`
*   **点Pの座標:**
    *   `Tex(r"P(\cos\theta, \sin\theta)", color=WHITE)`
*   **表:**
    *   ヘッダー: `Tex(r"\theta", r"\sin\theta", r"\cos\theta")`
    *   行: `Tex()` (0°, 30°, 60°, ..., 360° の各角度とsin, cosの値)
    *   現在のθの行をハイライトするための背景 (`Rectangle`)
*   **象限の符号:**
    *   各象限の符号を色分けしたテキスト: `Tex(r"I: (+,+)", color=GREEN)`, `Tex(r"II: (-,+)", color=BLUE)`, `Tex(r"III: (-,-)", color=YELLOW)`, `Tex(r"IV: (+,-)", color=RED)`
    *   これらのテキストは、円周上の対応する象限に配置する。

### アニメーション指示

1.  **初期状態:**
    *   単位円、座標軸、点P (初期位置は (1,0) または θ=0°)、角度θ (0°) を表示。
    *   表のヘッダーを表示。
    *   象限の符号テキストを表示。
2.  **θの変化:**
    *   `theta` の値を0°から360°まで30°刻みで変化させる。
    *   `theta` が変化するごとに、以下の要素を更新・アニメーションさせる:
        *   角度を示す弧を `theta` の角度に合わせて回転させる。
        *   角度ラベル `\theta` を弧の上に配置する。
        *   点P を円周上の `(cos(theta), sin(theta))` の位置に移動させる。
        *   点Pからx軸、y軸への垂線を更新する。
        *   点Pの座標ラベル `P(\cos\theta, \sin\theta)` を更新する。
        *   表の現在の `theta` の行をハイライトする。
        *   表の `sin\theta` と `cos\theta` の値を更新する。
3.  **表のハイライト:**
    *   各 `theta` の変化に合わせて、対応する表の行の背景 (`Rectangle`) をハイライトする。
4.  **象限の符号表示:**
    *   象限の符号テキストは、対応する象限の領域に配置し、点Pがその象限を通過する際に、その象限の符号テキストを強調表示する（例: 一時的に大きくなる、色を濃くするなど）。

### シーン全体の流れ

1.  **導入 (0°):** 単位円、座標軸、点P(1,0)、角度0°、表のヘッダー、象限の符号を表示。
2.  **回転と変化:** 角度θを0°から360°まで30°刻みで増加させながら、点Pの移動、角度の更新、表の更新、ハイライトを順番に実行する。
3.  **完了:** 360°に到達したら、最終的な状態を表示して終了。

### 見やすさへの注意

*   **速度:** アニメーションの速度は、各要素の変化を追えるように、かつ退屈にならないように調整する。
*   **配置:** 図形、テキスト、表の配置は、互いに重なり合わず、視覚的に分かりやすいように調整する。特に、点Pの座標ラベルは点Pの近くに配置する。
*   **色分け:** 象限の符号の色分けは、各象限の領域と対応するように、かつ視認しやすい色を選択する。
*   **フォントサイズ:** テキストのフォントサイズは、画面上で読みやすいように適切に設定する。
*   **表の幅:** 表の列幅は、表示される数値や記号が収まるように調整する。
*   **ユーザーからの注意:** 「aaa」という注意点は、もし具体的な指示があれば、それに基づいて調整する（例: 特定の要素の強調、特定のタイミングでの演出など）。現時点では、この指示をどのように反映させるかの具体的な指示がないため、一般的な見やすさの注意点に留める。
2025-11-05 13:51:27.261 | INFO     | app.service.graph_agent:generate_script_with_prompt:81 - -----------------------------------
2025-11-05 13:51:27.261 | DEBUG    | app.service.graph_agent:_generate_initial_script:96 -    [+] Initial script generated (length: 4722)
2025-11-05 13:51:27.262 | INFO     | app.service.graph_agent:_check_bad_request:103 - --- 2. [Node] Checking for Bad Request ---
2025-11-05 13:51:27.264 | DEBUG    | app.service.graph_agent:_check_bad_request:105 -    [+] Code security check: Passed
2025-11-05 13:51:27.264 | DEBUG    | app.service.graph_agent:_after_bad_request_check:204 - --- [Branch] Secure. Proceeding to Lint. ---
2025-11-05 13:51:27.264 | INFO     | app.service.graph_agent:_execute_and_handle_errors:116 - --- 4. [Node] Executing Manim ---
2025-11-05 13:51:27.265 | INFO     | app.service.base_agent:_save_script:139 - Script saved to tmp/33aadad0-77d3-4741-ab27-129b921b0e45.py
2025-11-05 13:51:52.512 | INFO     | app.service.base_agent:_execute_script:238 - Script executed successfully: tmp/33aadad0-77d3-4741-ab27-129b921b0e45.py
2025-11-05 13:51:52.513 | INFO     | app.service.graph_agent:_execute_and_handle_errors:123 -    [+] Script executed successfully.
2025-11-05 13:51:52.513 | INFO     | app.service.graph_agent:_after_execution:227 - --- [Branch] Execution Succeeded. Ending Graph. ---
2025-11-05 13:51:52.514 | INFO     | app.service.graph_agent:generate_video:278 - --- Graph Finished: Success ---
2025-11-05 13:51:54.191 | INFO     | app.service.base_agent:_save_prompt:180 - Prompt file already exists: /workspaces/ai_agent/back/prompts/6.json
2025-11-05 13:51:54.192 | INFO     | app.service.graph_agent:_generate_initial_script:90 - --- 1. [Node] Generating Initial Script ---
2025-11-05 13:52:55.174 | INFO     | app.service.graph_agent:generate_script_with_prompt:79 - --- 取得した中間出力 (Planner) ---
2025-11-05 13:52:55.175 | INFO     | app.service.graph_agent:generate_script_with_prompt:80 - ## Manim シーン生成Instruction

### 1. 図形・テキストの定義

*   **単位円:**
    *   `Circle(radius=1)`
    *   中心を `ORIGIN` に配置
    *   色: 白 (`WHITE`)
*   **点P:**
    *   `Dot(radius=0.1)`
    *   初期位置: `(1, 0)` (角度0°に対応)
    *   色: 赤 (`RED`)
*   **角度θの表示:**
    *   `MathTex(r"\theta")`
    *   初期位置: 円周上の点Pの近く
    *   色: 白 (`WHITE`)
    *   フォントサイズ: 適宜調整
*   **座標軸:**
    *   `Axes()`
    *   x軸とy軸を単位円に合わせて配置
    *   色: 白 (`WHITE`)
*   **表:**
    *   ヘッダー: "θ (°)", "sinθ", "cosθ"
    *   行: θを0°から360°まで30°刻みで生成 (13行)
        *   各行のθの値、sinθの値、cosθの値を表示
    *   色: 白 (`WHITE`)
    *   フォントサイズ: 適宜調整
    *   表の配置: 画面右側
*   **象限の符号表示:**
    *   第1象限: `MathTex(r"(+,+)")`, 位置: 円周上、第1象限、色: 緑 (`GREEN`)
    *   第2象限: `MathTex(r"(-,+)")`, 位置: 円周上、第2象限、色: 青 (`BLUE`)
    *   第3象限: `MathTex(r"(-,-)")`, 位置: 円周上、第3象限、色: 紫 (`PURPLE`)
    *   第4象限: `MathTex(r"(+,-)")`, 位置: 円周上、第4象限、色: オレンジ (`ORANGE`)
    *   フォントサイズ: 適宜調整

### 2. アニメーション指示

1.  **初期状態:**
    *   単位円、座標軸、点P (角度0°)、角度θの表示、表、象限の符号表示を画面に配置。
    *   表の最初の行（θ=0°）をハイライト（例: 背景色を薄くする、枠線を太くするなど）。
2.  **角度θの変化と点Pの移動:**
    *   `theta` の値を0°から360°まで30°刻みで変化させる。
    *   各 `theta` の変化に合わせて、点Pを円周上に移動させる。
        *   点Pの新しい位置は `(cos(theta_rad), sin(theta_rad))` で計算 (theta_radはラジアン)。
    *   角度θの表示を更新し、現在の角度を表示。
3.  **表のハイライト:**
    *   点Pの移動と同時に、表の現在の `theta` に対応する行をハイライトする。
4.  **表の更新:**
    *   `theta` が変化するたびに、対応する `sinθ` と `cosθ` の値が表に反映されるようにする。

### 3. シーン全体の流れ

1.  **導入:** 単位円、座標軸、初期状態の点P、角度θ、象限の符号表示、表を表示。
2.  **ループ:**
    *   `theta` を30°ずつ増加させながら、点Pを円周上に移動させる。
    *   角度θの表示を更新する。
    *   表の対応する行をハイライトする。
    *   このアニメーションを繰り返す。
3.  **終了:** 360°まで到達したら、アニメーションを停止。

### 4. 見やすさのための注意

*   **速度:** アニメーションの速度は、各ステップが明確に認識できるように調整する。
*   **配置:** 単位円と表の配置のバランスを考慮し、互いに干渉しないようにする。
*   **フォントサイズ:** 図形やテキストが小さすぎたり大きすぎたりしないように、全体的なバランスを考慮する。
*   **ハイライト:** 表のハイライトは、視覚的に分かりやすく、かつ他の要素を邪魔しないようにする。
*   **色分け:** 象限の符号表示の色分けは、各象限を明確に区別できるように、コントラストの高い色を選ぶ。
*   **ラジアン変換:** Manimで三角関数を使用する際は、角度をラジアンに変換することを忘れない。
*   **ユーザーからの注意:** "aaa" という注意点は、具体的な指示がないため、現時点では考慮できません。もし具体的な指示があれば、それに応じて調整します。
2025-11-05 13:52:55.175 | INFO     | app.service.graph_agent:generate_script_with_prompt:81 - -----------------------------------
2025-11-05 13:52:55.175 | DEBUG    | app.service.graph_agent:_generate_initial_script:96 -    [+] Initial script generated (length: 2898)
2025-11-05 13:52:55.175 | INFO     | app.service.graph_agent:_check_bad_request:103 - --- 2. [Node] Checking for Bad Request ---
2025-11-05 13:52:55.177 | DEBUG    | app.service.graph_agent:_check_bad_request:105 -    [+] Code security check: Passed
2025-11-05 13:52:55.177 | DEBUG    | app.service.graph_agent:_after_bad_request_check:204 - --- [Branch] Secure. Proceeding to Lint. ---
2025-11-05 13:52:55.177 | INFO     | app.service.graph_agent:_execute_and_handle_errors:116 - --- 4. [Node] Executing Manim ---
2025-11-05 13:52:55.177 | INFO     | app.service.base_agent:_save_script:139 - Script saved to tmp/0988c9a7-d121-4778-b98b-ada050870356.py
2025-11-05 13:53:07.404 | INFO     | app.service.base_agent:_execute_script:238 - Script executed successfully: tmp/0988c9a7-d121-4778-b98b-ada050870356.py
2025-11-05 13:53:07.404 | INFO     | app.service.graph_agent:_execute_and_handle_errors:123 -    [+] Script executed successfully.
2025-11-05 13:53:07.404 | INFO     | app.service.graph_agent:_after_execution:227 - --- [Branch] Execution Succeeded. Ending Graph. ---
2025-11-05 13:53:07.405 | INFO     | app.service.graph_agent:generate_video:278 - --- Graph Finished: Success ---
2025-11-05 14:00:36.246 | INFO     | app.service.base_agent:_load_prompt:99 - Prompts loaded from /workspaces/ai_agent/back/app/service/prompt/prompts.toml
2025-11-05 14:01:44.689 | INFO     | app.service.base_agent:_load_prompt:99 - Prompts loaded from /workspaces/ai_agent/back/app/service/prompt/prompts.toml
2025-11-05 14:10:49.002 | INFO     | app.service.base_agent:_load_prompt:99 - Prompts loaded from /workspaces/ai_agent/back/app/service/prompt/prompts.toml
2025-11-05 14:21:48.396 | INFO     | app.service.base_agent:_save_prompt:180 - Prompt file already exists: /workspaces/ai_agent/back/prompts/6.json
2025-11-05 14:21:48.399 | INFO     | app.service.graph_agent:_generate_initial_script:90 - --- 1. [Node] Generating Initial Script ---
2025-11-05 14:23:02.824 | INFO     | app.service.graph_agent:generate_script_with_prompt:79 - --- 取得した中間出力 (Planner) ---
2025-11-05 14:23:02.825 | INFO     | app.service.graph_agent:generate_script_with_prompt:80 - ## Manim シーン生成 Instruction

### 1. 図形・テキストの定義

*   **単位円:**
    *   `Circle(radius=1)`
    *   原点 `ORIGIN` を中心とする
    *   色: `WHITE`
*   **角度 θ を示す線分:**
    *   原点 `ORIGIN` から単位円周上の点 P までを結ぶ線分
    *   色: `YELLOW`
*   **点 P:**
    *   単位円周上の点 `(cos(theta), sin(theta))`
    *   色: `RED`
    *   サイズ: `0.1`
*   **角度 θ の値:**
    *   `Tex(f"\\theta = {theta_degrees:.0f}°")`
    *   位置: 単位円の左下あたり
    *   色: `WHITE`
*   **座標軸 (オプション、視覚的な補助として):**
    *   `Axes()`
    *   色: `GRAY`
*   **三角関数表:**
    *   `Table(data=[["θ", "sin(θ)", "cos(θ)"]] + sin_cos_values)`
    *   `sin_cos_values` は `[[0, 0, 1], [30, 0.5, 0.866], ...]` の形式
    *   位置: 画面右側
    *   色: `WHITE`
    *   表の各セルの背景色で象限の符号を示す:
        *   第1象限 (+,+): `GREEN`
        *   第2象限 (-,+): `BLUE`
        *   第3象限 (-,-): `PURPLE`
        *   第4象限 (+,-): `ORANGE`
*   **現在の θ の行ハイライト:**
    *   表の現在の θ に対応する行全体を `YELLOW` でハイライトする。

### 2. アニメーション指示

*   **初期状態:**
    *   単位円、座標軸（オプション）、表（初期θ、0°）を表示。
    *   点 P は `(1, 0)` に配置。
    *   角度 θ は `0°` を表示。
*   **θ の変化:**
    *   `theta_degrees` を 0° から 360° まで 30° 刻みでループ。
    *   各ステップで、以下の更新とアニメーションを実行:
        *   **角度 θ の更新:** `theta_degrees` の値を更新し、テキストを再生成して表示。
        *   **点 P の移動:** 点 P を `(cos(theta), sin(theta))` に滑らかに移動させる。
        *   **角度線分の更新:** 原点から新しい点 P へ伸びる線分を更新。
        *   **表のハイライト:** 現在の `theta_degrees` に対応する表の行を `YELLOW` でハイライト。前のハイライトは消去。
        *   **表の符号色:** 各象限の符号に対応する色分けを適用。
*   **トランジション:**
    *   各 θ の更新は、滑らかな補間 (`LaggedStart`, `MoveAlongPath` など) を使用して、視覚的な連続性を保つ。
    *   角度線分と点 P の移動は同時に行う。

### 3. シーン全体の流れ

1.  **初期化:** 単位円、座標軸（オプション）、三角関数表（0°）、角度 θ (0°) を表示。点 P は (1,0) に配置。
2.  **ループ開始:** θ を 30° ずつ増加させながら 360° まで繰り返す。
3.  **各ステップ:**
    *   角度 θ の値を更新・表示。
    *   点 P を円周上に移動。
    *   角度線分を更新。
    *   三角関数表の現在の θ の行をハイライト。
4.  **終了:** 360° までアニメーションが完了したらシーンを終了。

### 4. 見やすさのための注意

*   **フォントサイズ:** 図形やテキストのフォントサイズは、画面全体で読みやすいように調整してください。
*   **配置:** 単位円と三角関数表の配置は、互いに重ならず、かつ十分なスペースを確保してください。
*   **色のコントラスト:** 図形やテキストの色は、背景色とのコントラストがはっきりするように選択してください。
*   **アニメーション速度:** アニメーションの速度は、ユーザーが θ の変化とそれに伴う点 P の動き、そして表の値を追えるように、適度な速さに設定してください。
*   **表の符号色:** 象限の符号を示す色は、各象限の範囲が明確にわかるように、かつ他の要素と混同しないように注意してください。
*   **ユーザーからの注意:** "aaa" という注意は、特に具体的な指示がないため、現時点では無視します。もし具体的な指示があれば、それを考慮して調整します。
2025-11-05 14:23:02.825 | INFO     | app.service.graph_agent:generate_script_with_prompt:81 - -----------------------------------
2025-11-05 14:23:02.825 | DEBUG    | app.service.graph_agent:_generate_initial_script:96 -    [+] Initial script generated (length: 4410)
2025-11-05 14:23:02.826 | INFO     | app.service.graph_agent:_check_bad_request:103 - --- 2. [Node] Checking for Bad Request ---
2025-11-05 14:23:02.827 | DEBUG    | app.service.graph_agent:_check_bad_request:105 -    [+] Code security check: Passed
2025-11-05 14:23:02.828 | DEBUG    | app.service.graph_agent:_after_bad_request_check:204 - --- [Branch] Secure. Proceeding to Lint. ---
2025-11-05 14:23:02.828 | INFO     | app.service.graph_agent:_execute_and_handle_errors:116 - --- 4. [Node] Executing Manim ---
2025-11-05 14:23:02.830 | INFO     | app.service.base_agent:_save_script:139 - Script saved to tmp/166946c0-0d17-4cea-aee9-ec41925856ff.py
2025-11-05 14:23:04.312 | ERROR    | app.service.base_agent:_execute_script:247 - Script execution failed: [Error]
file: /workspaces/ai_agent/back/tmp/166946c0-0d17-4cea-aee9-ec41925856ff.py
line: 41
type: ValueError
message: latex error converting to dvi. See log output above or the log file: media/Tex/7fbe79205b2c8118.log
code: │   theta_text_obj = Tex(f"\\theta = {np.rad2deg(theta.get_value()):.0f}^\\circ", co   │

2025-11-05 14:23:04.312 | ERROR    | app.service.graph_agent:_execute_and_handle_errors:141 -    [-] Script execution failed with errors.
2025-11-05 14:23:04.312 | INFO     | app.service.graph_agent:_after_execution:224 - --- [Branch] Runtime Error. Proceeding to Refine. ---
2025-11-05 14:23:04.313 | INFO     | app.service.graph_agent:_refine_script_on_error:150 - --- 5. [Node] Refining Script (Attempt 1) ---
2025-11-05 14:23:34.451 | DEBUG    | app.service.graph_agent:_refine_script_on_error:188 -    [+] Script refined (length: 4594)
2025-11-05 14:23:34.452 | INFO     | app.service.graph_agent:_check_bad_request:103 - --- 2. [Node] Checking for Bad Request ---
2025-11-05 14:23:34.453 | DEBUG    | app.service.graph_agent:_check_bad_request:105 -    [+] Code security check: Passed
2025-11-05 14:23:34.453 | DEBUG    | app.service.graph_agent:_after_bad_request_check:204 - --- [Branch] Secure. Proceeding to Lint. ---
2025-11-05 14:23:34.453 | INFO     | app.service.graph_agent:_execute_and_handle_errors:116 - --- 4. [Node] Executing Manim ---
2025-11-05 14:23:34.456 | INFO     | app.service.base_agent:_save_script:139 - Script saved to tmp/166946c0-0d17-4cea-aee9-ec41925856ff.py
2025-11-05 14:23:35.246 | ERROR    | app.service.base_agent:_execute_script:247 - Script execution failed: [Error]
file: /workspaces/ai_agent/back/tmp/166946c0-0d17-4cea-aee9-ec41925856ff.py
line: 78
type: TypeError
message: Only values of type VMobject can be added as submobjects of VGroup, but the value '\\' (at index 0 of parameter 0) is of type str.
code: │   trig_table = MobjectTable(                                                         │

2025-11-05 14:23:35.246 | ERROR    | app.service.graph_agent:_execute_and_handle_errors:141 -    [-] Script execution failed with errors.
2025-11-05 14:23:35.246 | INFO     | app.service.graph_agent:_after_execution:224 - --- [Branch] Runtime Error. Proceeding to Refine. ---
2025-11-05 14:23:35.247 | INFO     | app.service.graph_agent:_refine_script_on_error:150 - --- 5. [Node] Refining Script (Attempt 2) ---
2025-11-05 16:31:35.640 | INFO     | app.service.base_agent:_load_prompt:99 - Prompts loaded from /workspaces/ai_agent/back/app/service/prompt/prompts.toml
2025-11-05 16:32:00.091 | INFO     | app.service.base_agent:_save_prompt:180 - Prompt file already exists: /workspaces/ai_agent/back/prompts/2.json
2025-11-05 16:32:07.807 | INFO     | app.service.graph_agent:manim_planner:337 - Manim planner output: ## Manim シーン生成指示: 二次方程式の解の公式

### 描画要素

*   **テキスト:**
    *   「二次方程式の解の公式」 (タイトル、大きめ、太字、中央上部)
    *   「ax² + bx + c = 0」 (二次方程式の一般形、大きめ、中央)
    *   「x = \frac{-b \pm \sqrt{b^2 - 4ac}}{2a}」 (解の公式、特大、中央、数式として描画)
    *   「判別式 D = b² - 4ac」 (判別式、大きめ、解の公式の下)
*   **数式部品:**
    *   二次方程式の一般形を構成する `a`, `x²`, `+`, `b`, `x`, `+`, `c`, `=`, `0` を個別の `MathTex` オブジェクトとして作成。
    *   解の公式を構成する `-b`, `\pm`, `\sqrt{...}`, `b²`, `-`, `4ac`, `2a` を個別の `MathTex` オブジェクトとして作成。
    *   判別式を構成する `D`, `=`, `b²`, `-`, `4ac` を個別の `MathTex` オブジェクトとして作成。

### アニメーション指示

1.  **タイトル表示:** 「二次方程式の解の公式」が画面中央上部からフェードインして表示される。
2.  **一般形表示:** 二次方程式の一般形「ax² + bx + c = 0」が、個別の数式部品 (`a`, `x²` など) が順番に現れて組み立てられるように表示される。
3.  **解の公式表示:**
    *   解の公式「x = \frac{-b \pm \sqrt{b^2 - 4ac}}{2a}」が、数式部品 (`-b`, `\pm` など) が順番に現れて組み立てられるように表示される。
    *   特に、分母の `2a`、分子の `-b`、そして平方根の中身 `b^2 - 4ac` が強調されるように、少し遅れて表示される。
4.  **判別式表示:**
    *   「判別式 D = b² - 4ac」が、数式部品 (`D`, `=`, `b²` など) が順番に現れて表示される。
    *   判別式の `b² - 4ac` の部分が、解の公式の平方根の中身と関連があることを示すために、少し強調（例えば、一時的に色を変えるなど）される。
5.  **要素の配置:** 全ての要素が表示された後、タイトル、一般形、解の公式、判別式が、見やすいように適切な位置に配置される。

### シーン全体の流れ

1.  タイトルが表示される。
2.  二次方程式の一般形が組み立てられるように表示される。
3.  解の公式が組み立てられるように表示される。
4.  判別式が表示され、解の公式との関連が示唆される。
5.  全ての要素が配置され、静止画として表示される。

### 見やすさのための注意点

*   **フォントサイズ:** 主要な数式（一般形、解の公式）は大きく、タイトルも読みやすいサイズにする。
*   **色:** 数式部品ごとに異なる色を使用すると、どの部分がどの数式に対応しているか分かりやすくなる。例えば、`a` は青、`b` は緑、`c` は赤、といった具合。解の公式の `-b`、`\pm`、`\sqrt{...}`、`2a` は、それぞれ異なる色や太さで強調する。
*   **アニメーション速度:** 数式部品の組み立てアニメーションは、速すぎず遅すぎず、視聴者が追える速度にする。
*   **配置:** 全ての要素が表示された後、互いに重ならず、中心を意識して配置することで、情報が整理されて見えるようにする。
*   **背景:** シンプルな単色背景を使用し、数式が際立つようにする。
*   **一時停止:** 解の公式が表示された後、数秒間静止させることで、視聴者が内容を理解する時間を確保する。

---

**ユーザーからの注意:**

*   二次補つて意識の解の公式、とあります。これは「二次方程式の解の公式」と解釈します。
*   数式はLatex形式で描画します。
*   アニメーションは、数式がどのように構成されるかを視覚的に理解できるようにすることを重視します。
2025-11-05 16:32:07.808 | INFO     | app.service.base_agent:_save_prompt:180 - Prompt file already exists: /workspaces/ai_agent/back/prompts/2.json
2025-11-05 16:32:07.808 | INFO     | app.service.base_agent:plan:325 - Plan generated: 2
2025-11-05 16:32:07.808 | DEBUG    | app.service.base_agent:plan:326 - Plan details: 2.json
2025-11-05 16:32:41.304 | INFO     | app.service.base_agent:_save_prompt:180 - Prompt file already exists: /workspaces/ai_agent/back/prompts/2.json
2025-11-05 16:32:41.311 | INFO     | app.service.graph_agent:_generate_initial_script:90 - --- 1. [Node] Generating Initial Script ---
2025-11-05 16:33:39.317 | INFO     | app.service.graph_agent:generate_script_with_prompt:79 - --- 取得した中間出力 (Planner) ---
2025-11-05 16:33:39.317 | INFO     | app.service.graph_agent:generate_script_with_prompt:80 - ## Manim シーン生成指示: 二次方程式の解の公式

### 描画要素

*   **テキスト:**
    *   「二次方程式の解の公式」 (タイトル、`Text`, `font_size=60`, `weight="BOLD"`, 中央上部)
    *   `MathTex("ax^2 + bx + c = 0")` (二次方程式の一般形、`font_size=48`, 中央)
    *   `MathTex("x = \\frac{-b \\pm \\sqrt{b^2 - 4ac}}{2a}")` (解の公式、`font_size=72`, 中央)
    *   `MathTex("D = b^2 - 4ac")` (判別式、`font_size=48`, 解の公式の下)
*   **数式部品 (個別):**
    *   `MathTex("a")`, `MathTex("x^2")`, `MathTex("+")`, `MathTex("b")`, `MathTex("x")`, `MathTex("+")`, `MathTex("c")`, `MathTex("=")`, `MathTex("0")` (一般形用、`font_size=48`)
    *   `MathTex("-b")`, `MathTex("\\pm")`, `MathTex("\\sqrt{b^2 - 4ac}")`, `MathTex("b^2")`, `MathTex("-")`, `MathTex("4ac")`, `MathTex("2a")` (解の公式用、`font_size=60`)
    *   `MathTex("D")`, `MathTex("=")`, `MathTex("b^2")`, `MathTex("-")`, `MathTex("4ac")` (判別式用、`font_size=48`)

### アニメーション指示

1.  **タイトル表示:** `FadeIn(title)`
2.  **一般形表示:**
    *   `general_form_parts = [MathTex("a"), MathTex("x^2"), MathTex("+"), MathTex("b"), MathTex("x"), MathTex("+"), MathTex("c"), MathTex("="), MathTex("0")]`
    *   `self.play(LaggedStart(*[FadeIn(part) for part in general_form_parts], lag_ratio=0.2))`
    *   `self.wait(0.5)`
    *   `self.play(FadeOut(VGroup(*general_form_parts)))`
    *   `self.play(FadeIn(general_form))`
3.  **解の公式表示:**
    *   `formula_parts = [MathTex("-b"), MathTex("\\pm"), MathTex("\\sqrt{b^2 - 4ac}"), MathTex("2a")]` (主要部品)
    *   `self.play(LaggedStart(*[FadeIn(part) for part in formula_parts], lag_ratio=0.3))`
    *   `self.wait(0.5)`
    *   `self.play(FadeOut(VGroup(*formula_parts)))`
    *   `self.play(FadeIn(solution_formula))`
4.  **判別式表示:**
    *   `discriminant_parts = [MathTex("D"), MathTex("="), MathTex("b^2 - 4ac")]`
    *   `self.play(LaggedStart(*[FadeIn(part) for part in discriminant_parts], lag_ratio=0.3))`
    *   `self.wait(0.5)`
    *   `self.play(FadeOut(VGroup(*discriminant_parts)))`
    *   `self.play(FadeIn(discriminant))`
    *   **強調:** `self.play(Indicate(discriminant.get_part_by_tex("b^2 - 4ac"), color=YELLOW, scale_factor=1.1, run_time=1))`
    *   `self.play(solution_formula.get_part_by_tex("\\sqrt{b^2 - 4ac}").animate.set_color(YELLOW).scale(1.1))`
    *   `self.wait(1)`
    *   `self.play(solution_formula.get_part_by_tex("\\sqrt{b^2 - 4ac}").animate.set_color(WHITE).scale(1/1.1))`
5.  **要素の配置:**
    *   `self.play(
        VGroup(title, general_form, solution_formula, discriminant).arrange(DOWN, buff=0.5)
    )`

### シーン全体の流れ

1.  タイトルがフェードインする。
2.  二次方程式の一般形が、各部品が順番に現れて組み立てられるように表示され、その後全体として表示される。
3.  解の公式が、主要部品が順番に現れて組み立てられるように表示され、その後全体として表示される。
4.  判別式が表示され、その `b² - 4ac` の部分が強調される。
5.  解の公式の根号の中身も強調され、判別式との関連が示唆される。
6.  全ての要素（タイトル、一般形、解の公式、判別式）が、見やすいように垂直に配置される。

### 見やすさのための注意点

*   **色分け:** `a` は青、`b` は緑、`c` は赤、といったように、一般形、解の公式、判別式で同じ係数には同じ色を適用する。`\pm` は紫、`\sqrt{...}` はオレンジ、`2a` は水色など、各要素にユニークな色を割り当てる。
*   **アニメーション速度:** `lag_ratio` を調整し、数式部品の組み立てが追える速度にする。
*   **配置:** `arrange(DOWN, buff=0.5)` を使用して、要素間の間隔を均一に保ち、視覚的な整理を促進する。
*   **強調:** `Indicate` や `set_color` を使用して、判別式と解の公式の関連部分を一時的に強調する。
*   **背景:** デフォルトの黒背景を使用し、数式が際立つようにする。
*   **一時停止:** 各主要な数式が表示された後、`self.wait()` を追加して、視聴者が内容を消化する時間を確保する。
2025-11-05 16:33:39.318 | INFO     | app.service.graph_agent:generate_script_with_prompt:81 - -----------------------------------
2025-11-05 16:33:39.318 | DEBUG    | app.service.graph_agent:_generate_initial_script:96 -    [+] Initial script generated (length: 4833)
2025-11-05 16:33:39.320 | INFO     | app.service.graph_agent:_check_bad_request:103 - --- 2. [Node] Checking for Bad Request ---
2025-11-05 16:33:39.323 | DEBUG    | app.service.graph_agent:_check_bad_request:105 -    [+] Code security check: Passed
2025-11-05 16:33:39.323 | DEBUG    | app.service.graph_agent:_after_bad_request_check:204 - --- [Branch] Secure. Proceeding to Lint. ---
2025-11-05 16:33:39.323 | INFO     | app.service.graph_agent:_execute_and_handle_errors:116 - --- 4. [Node] Executing Manim ---
2025-11-05 16:33:39.324 | INFO     | app.service.base_agent:_save_script:139 - Script saved to tmp/fb336725-39a7-4c11-af99-7bd2402b3498.py
2025-11-05 16:33:51.557 | INFO     | app.service.base_agent:_execute_script:238 - Script executed successfully: tmp/fb336725-39a7-4c11-af99-7bd2402b3498.py
2025-11-05 16:33:51.557 | INFO     | app.service.graph_agent:_execute_and_handle_errors:123 -    [+] Script executed successfully.
2025-11-05 16:33:51.557 | INFO     | app.service.graph_agent:_after_execution:227 - --- [Branch] Execution Succeeded. Ending Graph. ---
2025-11-05 16:33:51.558 | INFO     | app.service.graph_agent:generate_video:278 - --- Graph Finished: Success ---
2025-11-05 16:35:10.385 | INFO     | app.service.base_agent:_save_prompt:180 - Prompt file already exists: /workspaces/ai_agent/back/prompts/3.json
2025-11-05 16:35:18.505 | INFO     | app.service.graph_agent:manim_planner:337 - Manim planner output: ## Manim シーン生成 Instruction: 二次方程式

### 1. Manim で描画すべき図形やテキスト

*   **テキスト:**
    *   「二次方程式」というタイトル（フォントサイズ: 大、太字、中央揃え）
    *   二次方程式の一般形: $ax^2 + bx + c = 0$ （フォントサイズ: 中、中央揃え）
    *   係数 $a, b, c$ がそれぞれ何を表すかの説明（フォントサイズ: 小、左揃え）
    *   二次方程式の解の公式: $x = \frac{-b \pm \sqrt{b^2 - 4ac}}{2a}$ （フォントサイズ: 中、中央揃え）
    *   判別式 $D = b^2 - 4ac$ （フォントサイズ: 中、中央揃え）
    *   判別式による解の種類の説明（$D > 0$: 異なる2つの実数解、 $D = 0$: 重解、 $D < 0$: 異なる2つの虚数解）（フォントサイズ: 小、左揃え）
    *   具体的な二次方程式の例（例: $x^2 - 5x + 6 = 0$）（フォントサイズ: 中、中央揃え）
    *   例における係数 $a, b, c$ の値（フォントサイズ: 小、左揃え）
    *   例の解（例: $x = 2, x = 3$）（フォントサイズ: 中、中央揃え）
*   **図形:**
    *   二次関数のグラフ（放物線）: $y = ax^2 + bx + c$ の形を描画。$a$ の値によってグラフの開き具合や向きが変わることを示すために、いくつかの異なる $a$ の値でのグラフを重ねて描画するか、アニメーションで変化させる。
    *   座標軸（x軸、y軸）: グラフと共鳴するように描画。
    *   判別式 $D$ の値とグラフの形状、解の個数を視覚的に対応させるための矢印やハイライト。

### 2. 図形やテキストをどのように動かすか

*   **タイトル:** 画面中央にフェードイン。
*   **二次方程式の一般形:** タイトルの下にフェードイン。
*   **係数の説明:** 一般形のテキストの横にフェードイン。
*   **解の公式:** 一般形から少し間を置いて、画面中央にフェードイン。
*   **判別式:** 解の公式の後にフェードイン。
*   **判別式による解の種類の説明:** 判別式のテキストの横に、それぞれフェードイン。
*   **具体的な二次方程式の例:** 画面下部にフェードイン。
*   **例における係数 $a, b, c$ の値:** 例のテキストの横にフェードイン。
*   **例の解:** 例のテキストの下にフェードイン。
*   **二次関数のグラフ:**
    *   まず、基本的な放物線（例: $y=x^2$）を描画。
    *   次に、$a$ の値を変化させながら、グラフがどのように変化するかをアニメーションで示す（例: $y=2x^2$, $y=-x^2$ など）。
    *   具体的な二次方程式の例に対応するグラフを描画し、そのグラフがx軸と交わる点（解）をハイライトする。
*   **座標軸:** グラフの描画と同時に表示。
*   **判別式とグラフの対応:**
    *   $D > 0$ の場合: グラフがx軸と2点で交わることを示す。
    *   $D = 0$ の場合: グラフがx軸と1点で接することを示す。
    *   $D < 0$ の場合: グラフがx軸と交わらないことを示す。
    *   これらの対応を、判別式の部分からグラフの該当箇所へ矢印を引くなどの方法で視覚化する。

### 3. シーン全体の流れ

1.  **導入:** 「二次方程式」というタイトルを表示。
2.  **定義:** 二次方程式の一般形 $ax^2 + bx + c = 0$ と、係数の説明を表示。
3.  **解の公式:** 二次方程式の解の公式を表示。
4.  **判別式:** 判別式 $D = b^2 - 4ac$ と、その値による解の種類の関係を表示。
5.  **グラフとの関連:**
    *   二次関数のグラフ（放物線）の描画。
    *   $a$ の値によるグラフの変化のアニメーション。
    *   判別式の値とグラフのx軸との交点の関係を視覚的に説明。
6.  **具体例:** 具体的な二次方程式の例、その係数、そして解を表示。
7.  **まとめ:** （必要であれば）二次方程式の重要性や応用について簡単に触れる。

### 4. シーンが見やすいものになるようにするための注意

*   **色の統一:** 全体を通して、統一感のある色使いを心がける。重要な要素（解の公式、判別式など）は目立つ色を使用する。
*   **フォントサイズと配置:** テキストのフォントサイズは、遠くからでも見えるように配慮し、適切な位置に配置する。数式は中央揃え、説明文は左揃えなど、情報の種類に応じて配置を工夫する。
*   **アニメーションの速度:** アニメーションは、視聴者が内容を理解できる程度の速度に調整する。速すぎたり遅すぎたりしないように注意する。
*   **余白:** 図形やテキストの間に十分な余白を設けることで、視覚的な cluttered 感をなくし、見やすさを向上させる。
*   **要素の出現順序:** 情報を論理的な順序で、かつ段階的に表示することで、視聴者の理解を助ける。
*   **グラフのスケール:** グラフの描画時には、x軸とy軸のスケールを適切に設定し、解や頂点が分かりやすいように調整する。
*   **強調:** 重要な数式や概念は、一時的に拡大したり、色を変えたりして強調する。
*   **簡潔さ:** 情報を詰め込みすぎず、最も重要なポイントに焦点を当てる。

### ユーザーからの注意 (例)

*   「二次方程式の解の公式を導出する過程は、今回は省略してください。」
*   「グラフのアニメーションでは、$a$ の値が正の場合と負の場合の両方を示してください。」
*   「虚数解の概念は、今回は深入りせず、判別式が負の場合に『虚数解』と表示する程度に留めてください。」
2025-11-05 16:35:18.505 | INFO     | app.service.base_agent:_save_prompt:180 - Prompt file already exists: /workspaces/ai_agent/back/prompts/3.json
2025-11-05 16:35:18.505 | INFO     | app.service.base_agent:plan:325 - Plan generated: 3
2025-11-05 16:35:18.505 | DEBUG    | app.service.base_agent:plan:326 - Plan details: 3.json
2025-11-05 16:35:26.037 | INFO     | app.service.base_agent:_save_prompt:180 - Prompt file already exists: /workspaces/ai_agent/back/prompts/3.json
2025-11-05 16:35:26.038 | INFO     | app.service.graph_agent:_generate_initial_script:90 - --- 1. [Node] Generating Initial Script ---
2025-11-05 16:36:58.886 | INFO     | app.service.graph_agent:generate_script_with_prompt:79 - --- 取得した中間出力 (Planner) ---
2025-11-05 16:36:58.886 | INFO     | app.service.graph_agent:generate_script_with_prompt:80 - ## Manim シーン生成 Instruction: 二次方程式

### 1. Manim で描画すべき図形やテキスト

*   **テキスト:**
    *   `Title`: "二次方程式" (フォントサイズ: `LARGE`, 太字, 中央揃え)
    *   `GeneralForm`: $ax^2 + bx + c = 0$ (フォントサイズ: `MEDIUM`, 中央揃え)
    *   `CoeffExplanation`: ($a, b, c$ は係数、$a \neq 0$) (フォントサイズ: `SMALL`, 左揃え, `GeneralForm` の下に配置)
    *   `QuadraticFormula`: $x = \frac{-b \pm \sqrt{b^2 - 4ac}}{2a}$ (フォントサイズ: `MEDIUM`, 中央揃え)
    *   `Discriminant`: $D = b^2 - 4ac$ (フォントサイズ: `MEDIUM`, 中央揃え)
    *   `DiscriminantCases`:
        *   $D > 0$: 異なる2つの実数解 (フォントサイズ: `SMALL`, 左揃え)
        *   $D = 0$: 重解 (フォントサイズ: `SMALL`, 左揃え)
        *   $D < 0$: 異なる2つの虚数解 (フォントサイズ: `SMALL`, 左揃え)
    *   `ExampleEquation`: $x^2 - 5x + 6 = 0$ (フォントサイズ: `MEDIUM`, 中央揃え)
    *   `ExampleCoeffs`: ($a=1, b=-5, c=6$) (フォントサイズ: `SMALL`, 左揃え, `ExampleEquation` の下に配置)
    *   `ExampleSolutions`: $x = 2, x = 3$ (フォントサイズ: `MEDIUM`, 中央揃え)
    *   `GraphTitle`: "二次関数のグラフ" (フォントサイズ: `LARGE`, 中央揃え)
    *   `GraphA1`: $y = x^2$ (フォントサイズ: `SMALL`, 右下配置)
    *   `GraphA2`: $y = 2x^2$ (フォントサイズ: `SMALL`, 右下配置)
    *   `GraphA3`: $y = -x^2$ (フォントサイズ: `SMALL`, 右下配置)
*   **図形:**
    *   `Axes`: 座標軸 (x軸, y軸)
    *   `Graph1`: $y = x^2$ の放物線 (色: 青)
    *   `Graph2`: $y = 2x^2$ の放物線 (色: 緑)
    *   `Graph3`: $y = -x^2$ の放物線 (色: 赤)
    *   `ExampleGraph`: $y = x^2 - 5x + 6$ の放物線 (色: 紫)
    *   `IntersectionPoints`: `ExampleGraph` が x 軸と交わる点 (色: 黄色, サイズ: 少し大きめ)
    *   `D_pos_arrow`: `Discriminant` から `ExampleGraph` がx軸と2点で交わる様子を指す矢印 (色: 黄色)
    *   `D_zero_arrow`: `Discriminant` からグラフがx軸と1点で接する様子を指す仮想的な矢印 (色: 黄色, 点線)
    *   `D_neg_arrow`: `Discriminant` からグラフがx軸と交わらない様子を指す仮想的な矢印 (色: 黄色, 点線)

### 2. 図形やテキストをどのように動かすか

*   `Title`: 画面中央に `FadeIn`
*   `GeneralForm`: `Title` の下に `FadeIn`
*   `CoeffExplanation`: `GeneralForm` の右横に `FadeIn`
*   `QuadraticFormula`: `GeneralForm` と `CoeffExplanation` の後に、画面中央に `FadeIn`
*   `Discriminant`: `QuadraticFormula` の後に、画面中央に `FadeIn`
*   `DiscriminantCases`: `Discriminant` の下に、それぞれ `FadeIn` (D>0, D=0, D<0 の順)
*   **グラフ表示:**
    *   `Axes` を表示。
    *   `GraphTitle` を画面上部に `FadeIn`
    *   `Graph1` ($y=x^2$) を描画、`GraphA1` と共に表示。
    *   `Graph2` ($y=2x^2$) を描画、`GraphA2` と共に表示。
    *   `Graph3` ($y=-x^2$) を描画、`GraphA3` と共に表示。
    *   `Graph1`, `Graph2`, `Graph3` を `Transform` または `FadeOut` させて、一度画面をクリア。
    *   `ExampleGraph` ($y=x^2 - 5x + 6$) を描画。
    *   `IntersectionPoints` を `ExampleGraph` の x 軸との交点に `Create`。
    *   `ExampleEquation` と `ExampleCoeffs` を `ExampleGraph` の下に `FadeIn`。
    *   `ExampleSolutions` を `ExampleEquation` の下に `FadeIn`。
*   **判別式とグラフの対応:**
    *   `D_pos_arrow` を `Discriminant` の $D > 0$ の部分から `IntersectionPoints` へ `DrawBorder`。
    *   `D_zero_arrow` を `Discriminant` の $D = 0$ の部分から、`ExampleGraph` が x 軸と接する仮想的な位置へ `DrawBorder` (点線)。
    *   `D_neg_arrow` を `Discriminant` の $D < 0$ の部分から、`ExampleGraph` が x 軸と交わらない仮想的な位置へ `DrawBorder` (点線)。
    *   `DiscriminantCases` の説明文を、対応する矢印と同時に `FadeIn` させる。

### 3. シーン全体の流れ

1.  **タイトル表示:** 「二次方程式」というタイトルを中央に表示。
2.  **一般形と係数:** 二次方程式の一般形 $ax^2 + bx + c = 0$ と、係数に関する注釈を表示。
3.  **解の公式:** 二次方程式の解の公式を表示。
4.  **判別式:** 判別式 $D = b^2 - 4ac$ を表示。
5.  **判別式と解の種類:** 判別式の値による解の種類（異なる2つの実数解、重解、異なる2つの虚数解）を、それぞれ表示。
6.  **グラフの概念:**
    *   二次関数のグラフ（放物線）の描画。
    *   異なる $a$ の値によるグラフの形状変化を、例示的に描画。
7.  **具体例:**
    *   具体的な二次方程式の例 ($x^2 - 5x + 6 = 0$) を表示。
    *   その係数 ($a=1, b=-5, c=6$) を表示。
    *   対応する二次関数のグラフを描画し、x軸との交点（解）をハイライト。
    *   例の解 ($x=2, x=3$) を表示。
8.  **判別式とグラフの対応:** 判別式の値と、二次関数のグラフがx軸と交わる点の数との関係を、矢印などを使い視覚的に説明。

### 4. シーンが見やすいものになるようにするための注意

*   **色分け:** 数式、グラフ、説明文などで一貫した色を使用し、重要な要素（解の公式、判別式、解）は目立つ色にする。
*   **配置の整理:** テキストは中央揃え、左揃えなどを適切に使い分け、視覚的なまとまりを持たせる。数式は画面中央付近に、説明文は関連する数式の近くに配置する。
*   **アニメーションのタイミング:** 要素の出現順序を論理的にし、各アニメーションの間に適切な間隔を設ける。グラフの描画は、数式説明の後に行う。
*   **グラフの視認性:** グラフは、x軸とy軸のスケールを適切に設定し、解となる交点が明確に見えるようにする。複数のグラフを描画する場合は、重なりすぎないように注意するか、一時的に表示・非表示を切り替える。
*   **矢印の明確さ:** 判別式とグラフの対応を示す矢印は、太さや色で強調し、どこからどこへ向かっているか分かりやすくする。
*   **余白の確保:** 要素間に十分な余白を設けることで、画面がごちゃごちゃするのを防ぎ、各要素を際立たせる。
*   **簡潔な表現:** 説明文は、二次方程式の概念を理解する上で最低限必要な情報に絞る。
2025-11-05 16:36:58.887 | INFO     | app.service.graph_agent:generate_script_with_prompt:81 - -----------------------------------
2025-11-05 16:36:58.887 | DEBUG    | app.service.graph_agent:_generate_initial_script:96 -    [+] Initial script generated (length: 5837)
2025-11-05 16:36:58.888 | INFO     | app.service.graph_agent:_check_bad_request:103 - --- 2. [Node] Checking for Bad Request ---
2025-11-05 16:36:58.891 | DEBUG    | app.service.graph_agent:_check_bad_request:105 -    [+] Code security check: Passed
2025-11-05 16:36:58.891 | DEBUG    | app.service.graph_agent:_after_bad_request_check:204 - --- [Branch] Secure. Proceeding to Lint. ---
2025-11-05 16:36:58.892 | INFO     | app.service.graph_agent:_execute_and_handle_errors:116 - --- 4. [Node] Executing Manim ---
2025-11-05 16:36:58.892 | INFO     | app.service.base_agent:_save_script:139 - Script saved to tmp/015dd4ca-683c-4daf-b8c2-b643c7acbfaa.py
2025-11-05 16:37:10.862 | ERROR    | app.service.base_agent:_execute_script:247 - Script execution failed: [Error]
file: /workspaces/ai_agent/back/tmp/015dd4ca-683c-4daf-b8c2-b643c7acbfaa.py
line: 144
type: NameError
message: name 'DashedArrow' is not defined
code: │   d_zero_arrow = DashedArrow(                                                        │

2025-11-05 16:37:10.863 | ERROR    | app.service.graph_agent:_execute_and_handle_errors:141 -    [-] Script execution failed with errors.
2025-11-05 16:37:10.863 | INFO     | app.service.graph_agent:_after_execution:224 - --- [Branch] Runtime Error. Proceeding to Refine. ---
2025-11-05 16:37:10.863 | INFO     | app.service.graph_agent:_refine_script_on_error:150 - --- 5. [Node] Refining Script (Attempt 1) ---
2025-11-05 16:38:07.300 | DEBUG    | app.service.graph_agent:_refine_script_on_error:188 -    [+] Script refined (length: 5870)
2025-11-05 16:38:07.301 | INFO     | app.service.graph_agent:_check_bad_request:103 - --- 2. [Node] Checking for Bad Request ---
2025-11-05 16:38:07.306 | DEBUG    | app.service.graph_agent:_check_bad_request:105 -    [+] Code security check: Passed
2025-11-05 16:38:07.306 | DEBUG    | app.service.graph_agent:_after_bad_request_check:204 - --- [Branch] Secure. Proceeding to Lint. ---
2025-11-05 16:38:07.306 | INFO     | app.service.graph_agent:_execute_and_handle_errors:116 - --- 4. [Node] Executing Manim ---
2025-11-05 16:38:07.307 | INFO     | app.service.base_agent:_save_script:139 - Script saved to tmp/015dd4ca-683c-4daf-b8c2-b643c7acbfaa.py
2025-11-05 16:38:13.469 | INFO     | app.service.base_agent:_execute_script:238 - Script executed successfully: tmp/015dd4ca-683c-4daf-b8c2-b643c7acbfaa.py
2025-11-05 16:38:13.470 | INFO     | app.service.graph_agent:_execute_and_handle_errors:123 -    [+] Script executed successfully.
2025-11-05 16:38:13.470 | INFO     | app.service.graph_agent:_after_execution:227 - --- [Branch] Execution Succeeded. Ending Graph. ---
2025-11-05 16:38:13.471 | INFO     | app.service.graph_agent:generate_video:278 - --- Graph Finished: Success ---
2025-11-05 16:42:33.531 | INFO     | app.service.base_agent:_load_prompt:99 - Prompts loaded from /workspaces/ai_agent/back/app/service/prompt/prompts.toml
2025-11-05 17:20:21.244 | INFO     | app.service.base_agent:_load_prompt:99 - Prompts loaded from /workspaces/ai_agent/back/app/service/prompt/prompts.toml
2025-11-05 17:20:46.991 | INFO     | app.service.base_agent:_save_prompt:180 - Prompt file already exists: /workspaces/ai_agent/back/prompts/4.json
2025-11-05 17:20:54.886 | INFO     | app.service.graph_agent:manim_planner:337 - Manim planner output: ## Manim シーン生成 Instruction: 二次関数の判別式

### Manim で描画すべき図形やテキスト

*   **テキスト:**
    *   「二次関数の判別式」 (タイトル、大きめ、太字)
    *   「ax² + bx + c = 0」 (数式、標準的なサイズ)
    *   「判別式 D」 (テキスト、標準的なサイズ)
    *   「D = b² - 4ac」 (数式、標準的なサイズ、強調表示)
    *   「D > 0」 (テキスト、標準的なサイズ)
    *   「異なる2つの実数解」 (テキスト、標準的なサイズ)
    *   「D = 0」 (テキスト、標準的なサイズ)
    *   「重解（1つの実数解）」 (テキスト、標準的なサイズ)
    *   「D < 0」 (テキスト、標準的なサイズ)
    *   「異なる2つの虚数解」 (テキスト、標準的なサイズ)
*   **グラフ:**
    *   二次関数のグラフ (3つ、異なる色で描画。それぞれ D > 0, D = 0, D < 0 の場合を代表するもの)
        *   青色: 異なる2つの実数解を持つグラフ (x軸と2点で交わる)
        *   緑色: 重解を持つグラフ (x軸と1点で接する)
        *   赤色: 異なる2つの虚数解を持つグラフ (x軸と交わらない)
    *   x軸、y軸 (標準的な太さ)
    *   原点 (標準的なサイズ)

### 図形やテキストをどのように動かすか

1.  **タイトル表示:** 「二次関数の判別式」を画面中央にフェードインさせる。
2.  **一般形の提示:** 「ax² + bx + c = 0」をタイトルの下に表示する。
3.  **判別式の定義:**
    *   「判別式 D」を画面の右側に表示する。
    *   「D = b² - 4ac」を「判別式 D」の横にフェードインさせる。
    *   「D = b² - 4ac」の数式を少し拡大・縮小させるアニメーションで強調する。
4.  **ケースごとの説明とグラフ表示:**
    *   **D > 0 の場合:**
        *   「D > 0」を画面左上に表示する。
        *   「異なる2つの実数解」を「D > 0」の下に表示する。
        *   青色の二次関数グラフを、x軸と2点で交わるように描画する。
        *   グラフの交点を強調するために、点を円で囲むアニメーションを追加する。
    *   **D = 0 の場合:**
        *   D > 0 の説明が画面外に移動するか、フェードアウトした後に、
        *   「D = 0」を画面左上に表示する。
        *   「重解（1つの実数解）」を「D = 0」の下に表示する。
        *   緑色の二次関数グラフを、x軸と1点で接するように描画する。
        *   接点を強調するために、点を円で囲むアニメーションを追加する。
    *   **D < 0 の場合:**
        *   D = 0 の説明が画面外に移動するか、フェードアウトした後に、
        *   「D < 0」を画面左上に表示する。
        *   「異なる2つの虚数解」を「D < 0」の下に表示する。
        *   赤色の二次関数グラフを、x軸と交わらないように描画する。
5.  **グラフの比較:** 3つのグラフを横並びにして、それぞれの特徴を比較できるように表示する。必要であれば、各グラフの対応する判別式の条件を再度表示する。
6.  **まとめ:** 全てのテキストとグラフをフェードアウトさせ、最後に「二次関数の判別式」というタイトルを再度表示してフェードアウトさせる。

### シーン全体の流れ

1.  タイトル表示
2.  二次関数の一般形の提示
3.  判別式の定義と強調
4.  D > 0 の場合の説明とグラフ表示
5.  D = 0 の場合の説明とグラフ表示
6.  D < 0 の場合の説明とグラフ表示
7.  3つのケースのグラフ比較
8.  まとめと終了

### シーンが見やすいものになるようにするための注意

*   **配色:** 各グラフの色と、それに対応する判別式の条件テキストの色を統一する。
*   **配置:** テキストとグラフの配置に一貫性を持たせる。説明文は左側に、グラフは右側に配置するなど。
*   **タイミング:** 各アニメーションの速度は、視聴者が理解できる速さに調整する。特に数式や条件の説明の際には、一時停止を挟むと良い。
*   **グラフの滑らかさ:** グラフの描画は滑らかに行い、急な変化がないようにする。
*   **テキストの可読性:** テキストのフォントサイズは、動画の解像度に合わせて適切に設定し、背景とのコントラストを考慮する。
*   **余白:** 各要素の間に適切な余白を設けることで、画面がごちゃごちゃしないようにする。
*   **軸の表示:** x軸とy軸、原点を明確に表示し、グラフの理解を助ける。

### ユーザーからの注意

*   二次関数のグラフがどのように変化するかを視覚的に理解できるように、各ケースのグラフの形状に特徴を持たせてください。
*   数式の表示は、数式エディタなどを使用して綺麗に表示してください。
*   アニメーションは、単調にならないように、適度な動きや強調を加えてください。
*   専門用語の解説は最小限にし、視覚的な理解を優先してください。
2025-11-05 17:20:54.886 | INFO     | app.service.base_agent:_save_prompt:180 - Prompt file already exists: /workspaces/ai_agent/back/prompts/4.json
2025-11-05 17:20:54.887 | INFO     | app.service.base_agent:plan:325 - Plan generated: 4
2025-11-05 17:20:54.887 | DEBUG    | app.service.base_agent:plan:326 - Plan details: 4.json
2025-11-05 17:28:30.697 | INFO     | app.service.base_agent:_save_prompt:180 - Prompt file already exists: /workspaces/ai_agent/back/prompts/5.json
2025-11-05 17:28:34.142 | INFO     | app.service.graph_agent:manim_planner:337 - Manim planner output: ユーザープロンプト: jpoasjvjjap

出力形式:
- Manim で描画すべき図形やテキスト（色・サイズなどの指定を含む）
- 図形やテキストをどのように動かすか（アニメーションの指示）
- シーン全体の流れ
- シーンが見やすいものになるようにするための注意

ユーザーからの注意:
このプロンプトはランダムな文字列であり、具体的な指示を含んでいません。そのため、Manim のプロダクションプランナーとして、このプロンプトから直接的なアニメーションや図形を作成することは困難です。

しかし、もしこのプロンプトが何らかの意図（例えば、ランダムな要素の生成や、エラー処理のテストなど）を持っていると仮定するならば、以下のようなアプローチが考えられます。

**Instruction:**

1.  **Manim で描画すべき図形やテキスト:**
    *   ランダムな文字列 "jpoasjvjjap" を、視覚的に認識できるフォントサイズ（例: `font_size=48`）で、見やすい色（例: 白 `color=WHITE`）で中央に配置します。

2.  **図形やテキストをどのように動かすか:**
    *   文字列をフェードイン（`FadeIn`）させます。
    *   文字列が画面の中央から少しずつ大きくなりながら（`ScaleIn`）、同時に左右に揺れる（`Wobble` またはカスタムアニメーション）ような動きを加えます。
    *   最後に、文字列をフェードアウト（`FadeOut`）させます。

3.  **シーン全体の流れ:**
    *   黒い背景（`BLACK`）でシーンを開始します。
    *   ランダムな文字列 "jpoasjvjjap" が画面中央にフェードインします。
    *   文字列は少し大きくなりながら揺れ、視覚的な興味を引くようにします。
    *   一定時間表示された後、文字列がフェードアウトします。
    *   シーンを終了します。

4.  **シーンが見やすいものになるようにするための注意:**
    *   背景色はシンプルで、テキストが際立つように黒（`BLACK`）を使用します。
    *   テキストの色は白（`WHITE`）など、背景とコントラストの高い色を選びます。
    *   アニメーションの速度は、ユーザーが内容を認識できる程度に調整します（速すぎず、遅すぎず）。
    *   文字列の揺れや拡大の度合いは、過度に派手にならないように調整し、あくまで視覚的なアクセントとして機能するようにします。

**補足:**
この Instruction は、ランダムな文字列を視覚化するという抽象的な要求に対する、あくまで一例です。より具体的な意図があれば、それに沿った Instruction を生成します。
2025-11-05 17:28:34.143 | INFO     | app.service.base_agent:_save_prompt:180 - Prompt file already exists: /workspaces/ai_agent/back/prompts/5.json
2025-11-05 17:28:34.143 | INFO     | app.service.base_agent:plan:325 - Plan generated: 5
2025-11-05 17:28:34.143 | DEBUG    | app.service.base_agent:plan:326 - Plan details: 5.json
