2025-10-29 12:51:04,142 - INFO - ManimAnimationService initialized.
2025-10-29 12:51:04,142 - INFO - --- Starting Graph for Video ID: string (Max Retries: 3) ---
2025-10-29 12:51:04,144 - INFO - --- 1. [Node] Generating Initial Script ---
2025-10-29 12:51:04,145 - DEBUG - STATE at entry of [ _generate_initial_script ]:
{
  "user_request": "微分について説明して... (Total: 10 chars)",
  "generation_instructions": "",
  "video_id": "string",
  "current_script": "",
  "last_error": "",
  "error_type": "",
  "is_bad_request": false,
  "max_retries": 3,
  "current_retry": 0
}
2025-10-29 12:52:59,535 - DEBUG -    [+] Initial script generated (length: 3542)
2025-10-29 12:52:59,561 - INFO - --- 2. [Node] Checking Security ---
2025-10-29 12:52:59,561 - DEBUG - STATE at entry of [ _check_bad_request ]:
{
  "user_request": "微分について説明して... (Total: 10 chars)",
  "generation_instructions": "",
  "animation_plan": "Manim で微分を説明するためのシーン生成指示を以下に示します。\n\n---\n\n**Manim で描画すべき図形やテキスト**\n\n*   `Axes()`: 座標軸。\n*   `FunctionGraph(lambda x: x**2, x_range=[-3, 3], color=BLUE)`: 関数 `y = x^2` のグラフ。\n*   `Dot(point=axes.c2p(1, 1**2), color=RED)`: 固定点P。\n*   `Dot(point=axes.c2p(1+dx_initial, (1+dx_initial)**2), color=YELLOW)`: 可動点Q (初期 `dx_initial` は例えば 1)。\n*   `Line(start=point_P.get_center(), end=point_Q.get_center(), color=GREEN)`: PとQを結ぶ割線。\n*   `DashedLine(start=point_P.get_center(), end=axes.c2p(1+dx_initial, 1**2), color=WHITE)`: Δx を示す水平線。\n*   `DashedLine(start=axes.c2p(1+dx_initial, 1**2), end=point_Q.get_center(), color=WHITE)`: Δy を示す垂直線。\n*   `MathTex(r\"\\Delta x\", color=WHITE)`: Δx のラベル。\n*   `MathTex(r\"\\Delta y\", color=WHITE)`: Δy のラベル。\n*   `MathTex(r\"\\frac{\\Delta y}{\\Delta x}\", color=PURPLE)`: 傾きの式。\n*   `MathTex(r\"\\lim_{\\Delta x \\to 0} \\frac{\\Delta y}{\\Delta x} = f'(x)\", color=ORANGE)`: 微分の定義式。\n\n**図形やテキストをどのように動かすか**\n\n1.  `Axes` と `FunctionGraph` を `Create` アニメーションで描画。\n2.  `point_P` と `point_Q` を `FadeIn` で表示。\n3.  `secant_line` と Δx, Δy を示す `DashedLine` およびラベルを `Create` または `FadeIn` で表示。\n4.  `ValueTracker` を使用して `dx` の値を初期値から `0` に近づけるアニメーションを生成。\n    *   `point_Q` を `axes.c2p(1+dx, (1+dx)**2)` に追従させる。\n    *   `secant_line` の終点を `point_Q.get_center()` に追従させる。\n    *   Δx, Δy を示す `DashedLine` とラベルを `dx` の変化に合わせて更新。\n5.  `dx` が `0` に近づくと共に、`secant_line` が `TangentLine(graph, alpha=1/6)` (x=1における接線) に `Transform` するように見せる。この際、`secant_line` の色を `RED` などに変更して強調。\n6.  画面下部に `MathTex(r\"\\frac{\\Delta y}{\\Delta x}\")` を `Write` アニメーションで表示。\n7.  その式を `MathTex(r\"\\lim_{\\Delta x \\to 0} \\frac{\\Delta y}{\\Delta x} = f'(x)\")` に `Transform` アニメーションで変化させる。\n\n**シーン全体の流れ**\n\n1.  座標軸と関数 `y = x^2` のグラフが描かれる。\n2.  グラフ上に固定点Pと、Pから少し離れた可動点Qが表示される。\n3.  PとQを結ぶ割線、およびΔxとΔyを示す線とラベルが表示される。\n4.  点Qが点Pに徐々に近づくアニメーションが開始される。これに伴い、割線とΔx, Δy の表示もリアルタイムで変化する。\n5.  点Qが点Pに限りなく近づくにつれて、割線が点Pにおけるグラフの接線へと変化する様子が視覚的に示される。接線は色を変えて強調される。\n6.  画面下部に「Δy/Δx」という式が表示される。\n7.  その式が「lim Δx→0 (Δy/Δx) = f'(x)」へと変化し、これが導関数であると説明される。\n\n**シーンが見やすいものになるようにするための注意**\n\n*   アニメーションの各ステップ間には十分なポーズ（`self.wait()`）を挿入し、視聴者が内容を理解する時間を確保する。\n*   主要な図形や変化する要素（点Q、割線、接線、Δx、Δy、式）には、視認性の高い異なる色を使用する。\n*   点Qが点Pに近づくアニメーションは、滑らかで連続的に見えるように `ValueTracker` を用いて制御する。\n*   数式は画面中央下など、見やすい位置に配置し、サイズも適切に調整する。",
  "video_id": "string",
  "current_script": "\nfrom manim import *\n\nclass GeneratedScene(Scene):\n    def construct(self):\n        # 1. 座標軸と関数 y = x^2 のグラフが描かれる。\n        axes = Axes(\n            x_range=[-4, 4, 1],\n            y_range=[-1, 9, 1],\n... (Total: 3542 chars)",
  "last_error": "",
  "error_type": "",
  "is_bad_request": false,
  "max_retries": 3,
  "current_retry": 0
}
2025-10-29 12:52:59,577 - INFO -    [+] Secure.
2025-10-29 12:52:59,578 - DEBUG - --- [Branch] Secure. Proceeding to Lint. ---
2025-10-29 12:52:59,581 - INFO - --- 3. [Node] Running Linter (format_and_linter) ---
2025-10-29 12:52:59,581 - DEBUG - STATE at entry of [ _lint_check ]:
{
  "user_request": "微分について説明して... (Total: 10 chars)",
  "generation_instructions": "",
  "animation_plan": "Manim で微分を説明するためのシーン生成指示を以下に示します。\n\n---\n\n**Manim で描画すべき図形やテキスト**\n\n*   `Axes()`: 座標軸。\n*   `FunctionGraph(lambda x: x**2, x_range=[-3, 3], color=BLUE)`: 関数 `y = x^2` のグラフ。\n*   `Dot(point=axes.c2p(1, 1**2), color=RED)`: 固定点P。\n*   `Dot(point=axes.c2p(1+dx_initial, (1+dx_initial)**2), color=YELLOW)`: 可動点Q (初期 `dx_initial` は例えば 1)。\n*   `Line(start=point_P.get_center(), end=point_Q.get_center(), color=GREEN)`: PとQを結ぶ割線。\n*   `DashedLine(start=point_P.get_center(), end=axes.c2p(1+dx_initial, 1**2), color=WHITE)`: Δx を示す水平線。\n*   `DashedLine(start=axes.c2p(1+dx_initial, 1**2), end=point_Q.get_center(), color=WHITE)`: Δy を示す垂直線。\n*   `MathTex(r\"\\Delta x\", color=WHITE)`: Δx のラベル。\n*   `MathTex(r\"\\Delta y\", color=WHITE)`: Δy のラベル。\n*   `MathTex(r\"\\frac{\\Delta y}{\\Delta x}\", color=PURPLE)`: 傾きの式。\n*   `MathTex(r\"\\lim_{\\Delta x \\to 0} \\frac{\\Delta y}{\\Delta x} = f'(x)\", color=ORANGE)`: 微分の定義式。\n\n**図形やテキストをどのように動かすか**\n\n1.  `Axes` と `FunctionGraph` を `Create` アニメーションで描画。\n2.  `point_P` と `point_Q` を `FadeIn` で表示。\n3.  `secant_line` と Δx, Δy を示す `DashedLine` およびラベルを `Create` または `FadeIn` で表示。\n4.  `ValueTracker` を使用して `dx` の値を初期値から `0` に近づけるアニメーションを生成。\n    *   `point_Q` を `axes.c2p(1+dx, (1+dx)**2)` に追従させる。\n    *   `secant_line` の終点を `point_Q.get_center()` に追従させる。\n    *   Δx, Δy を示す `DashedLine` とラベルを `dx` の変化に合わせて更新。\n5.  `dx` が `0` に近づくと共に、`secant_line` が `TangentLine(graph, alpha=1/6)` (x=1における接線) に `Transform` するように見せる。この際、`secant_line` の色を `RED` などに変更して強調。\n6.  画面下部に `MathTex(r\"\\frac{\\Delta y}{\\Delta x}\")` を `Write` アニメーションで表示。\n7.  その式を `MathTex(r\"\\lim_{\\Delta x \\to 0} \\frac{\\Delta y}{\\Delta x} = f'(x)\")` に `Transform` アニメーションで変化させる。\n\n**シーン全体の流れ**\n\n1.  座標軸と関数 `y = x^2` のグラフが描かれる。\n2.  グラフ上に固定点Pと、Pから少し離れた可動点Qが表示される。\n3.  PとQを結ぶ割線、およびΔxとΔyを示す線とラベルが表示される。\n4.  点Qが点Pに徐々に近づくアニメーションが開始される。これに伴い、割線とΔx, Δy の表示もリアルタイムで変化する。\n5.  点Qが点Pに限りなく近づくにつれて、割線が点Pにおけるグラフの接線へと変化する様子が視覚的に示される。接線は色を変えて強調される。\n6.  画面下部に「Δy/Δx」という式が表示される。\n7.  その式が「lim Δx→0 (Δy/Δx) = f'(x)」へと変化し、これが導関数であると説明される。\n\n**シーンが見やすいものになるようにするための注意**\n\n*   アニメーションの各ステップ間には十分なポーズ（`self.wait()`）を挿入し、視聴者が内容を理解する時間を確保する。\n*   主要な図形や変化する要素（点Q、割線、接線、Δx、Δy、式）には、視認性の高い異なる色を使用する。\n*   点Qが点Pに近づくアニメーションは、滑らかで連続的に見えるように `ValueTracker` を用いて制御する。\n*   数式は画面中央下など、見やすい位置に配置し、サイズも適切に調整する。",
  "video_id": "string",
  "current_script": "\nfrom manim import *\n\nclass GeneratedScene(Scene):\n    def construct(self):\n        # 1. 座標軸と関数 y = x^2 のグラフが描かれる。\n        axes = Axes(\n            x_range=[-4, 4, 1],\n            y_range=[-1, 9, 1],\n... (Total: 3542 chars)",
  "last_error": "",
  "error_type": "",
  "is_bad_request": false,
  "max_retries": 3,
  "current_retry": 0
}
2025-10-29 12:53:02,346 - WARNING -    [!] Linter Failed.
2025-10-29 12:53:02,346 - INFO -    [+] Linter error details saved to linter_errors.log
2025-10-29 12:53:02,347 - INFO - --- [Branch] Linter Failed. Proceeding to Refine. ---
2025-10-29 12:53:02,347 - INFO - --- 5. [Node] Refining Script (Attempt 1) ---
2025-10-29 12:53:02,348 - DEBUG - STATE at entry of [ _refine_script_on_error ]:
{
  "user_request": "微分について説明して... (Total: 10 chars)",
  "generation_instructions": "",
  "animation_plan": "Manim で微分を説明するためのシーン生成指示を以下に示します。\n\n---\n\n**Manim で描画すべき図形やテキスト**\n\n*   `Axes()`: 座標軸。\n*   `FunctionGraph(lambda x: x**2, x_range=[-3, 3], color=BLUE)`: 関数 `y = x^2` のグラフ。\n*   `Dot(point=axes.c2p(1, 1**2), color=RED)`: 固定点P。\n*   `Dot(point=axes.c2p(1+dx_initial, (1+dx_initial)**2), color=YELLOW)`: 可動点Q (初期 `dx_initial` は例えば 1)。\n*   `Line(start=point_P.get_center(), end=point_Q.get_center(), color=GREEN)`: PとQを結ぶ割線。\n*   `DashedLine(start=point_P.get_center(), end=axes.c2p(1+dx_initial, 1**2), color=WHITE)`: Δx を示す水平線。\n*   `DashedLine(start=axes.c2p(1+dx_initial, 1**2), end=point_Q.get_center(), color=WHITE)`: Δy を示す垂直線。\n*   `MathTex(r\"\\Delta x\", color=WHITE)`: Δx のラベル。\n*   `MathTex(r\"\\Delta y\", color=WHITE)`: Δy のラベル。\n*   `MathTex(r\"\\frac{\\Delta y}{\\Delta x}\", color=PURPLE)`: 傾きの式。\n*   `MathTex(r\"\\lim_{\\Delta x \\to 0} \\frac{\\Delta y}{\\Delta x} = f'(x)\", color=ORANGE)`: 微分の定義式。\n\n**図形やテキストをどのように動かすか**\n\n1.  `Axes` と `FunctionGraph` を `Create` アニメーションで描画。\n2.  `point_P` と `point_Q` を `FadeIn` で表示。\n3.  `secant_line` と Δx, Δy を示す `DashedLine` およびラベルを `Create` または `FadeIn` で表示。\n4.  `ValueTracker` を使用して `dx` の値を初期値から `0` に近づけるアニメーションを生成。\n    *   `point_Q` を `axes.c2p(1+dx, (1+dx)**2)` に追従させる。\n    *   `secant_line` の終点を `point_Q.get_center()` に追従させる。\n    *   Δx, Δy を示す `DashedLine` とラベルを `dx` の変化に合わせて更新。\n5.  `dx` が `0` に近づくと共に、`secant_line` が `TangentLine(graph, alpha=1/6)` (x=1における接線) に `Transform` するように見せる。この際、`secant_line` の色を `RED` などに変更して強調。\n6.  画面下部に `MathTex(r\"\\frac{\\Delta y}{\\Delta x}\")` を `Write` アニメーションで表示。\n7.  その式を `MathTex(r\"\\lim_{\\Delta x \\to 0} \\frac{\\Delta y}{\\Delta x} = f'(x)\")` に `Transform` アニメーションで変化させる。\n\n**シーン全体の流れ**\n\n1.  座標軸と関数 `y = x^2` のグラフが描かれる。\n2.  グラフ上に固定点Pと、Pから少し離れた可動点Qが表示される。\n3.  PとQを結ぶ割線、およびΔxとΔyを示す線とラベルが表示される。\n4.  点Qが点Pに徐々に近づくアニメーションが開始される。これに伴い、割線とΔx, Δy の表示もリアルタイムで変化する。\n5.  点Qが点Pに限りなく近づくにつれて、割線が点Pにおけるグラフの接線へと変化する様子が視覚的に示される。接線は色を変えて強調される。\n6.  画面下部に「Δy/Δx」という式が表示される。\n7.  その式が「lim Δx→0 (Δy/Δx) = f'(x)」へと変化し、これが導関数であると説明される。\n\n**シーンが見やすいものになるようにするための注意**\n\n*   アニメーションの各ステップ間には十分なポーズ（`self.wait()`）を挿入し、視聴者が内容を理解する時間を確保する。\n*   主要な図形や変化する要素（点Q、割線、接線、Δx、Δy、式）には、視認性の高い異なる色を使用する。\n*   点Qが点Pに近づくアニメーションは、滑らかで連続的に見えるように `ValueTracker` を用いて制御する。\n*   数式は画面中央下など、見やすい位置に配置し、サイズも適切に調整する。",
  "video_id": "string",
  "current_script": "\nfrom manim import *\n\nclass GeneratedScene(Scene):\n    def construct(self):\n        # 1. 座標軸と関数 y = x^2 のグラフが描かれる。\n        axes = Axes(\n            x_range=[-4, 4, 1],\n            y_range=[-1, 9, 1],\n... (Total: 3542 chars)",
  "last_error": "[Error 1]\nfile: /workspaces/ai_agent/back/tmp/string.py\nrule: reportArgumentType\nseverity: error\nline: 19\nmessage: Argument of type \"float\" cannot be assigned to parameter \"value\" of type \"int\" in function \"__init__\"   \"float\" is not assignable to \"int\"\n\n[Summary]\nerrorCount: 1\nwarningCount: 1\n... (Total: 295 chars)",
  "error_type": "lint",
  "is_bad_request": false,
  "max_retries": 3,
  "current_retry": 0
}
2025-10-29 12:53:44,738 - DEBUG -    [+] Script refined (length: 3621)
2025-10-29 12:53:44,741 - INFO - --- 2. [Node] Checking Security ---
2025-10-29 12:53:44,741 - DEBUG - STATE at entry of [ _check_bad_request ]:
{
  "user_request": "微分について説明して... (Total: 10 chars)",
  "generation_instructions": "",
  "animation_plan": "Manim で微分を説明するためのシーン生成指示を以下に示します。\n\n---\n\n**Manim で描画すべき図形やテキスト**\n\n*   `Axes()`: 座標軸。\n*   `FunctionGraph(lambda x: x**2, x_range=[-3, 3], color=BLUE)`: 関数 `y = x^2` のグラフ。\n*   `Dot(point=axes.c2p(1, 1**2), color=RED)`: 固定点P。\n*   `Dot(point=axes.c2p(1+dx_initial, (1+dx_initial)**2), color=YELLOW)`: 可動点Q (初期 `dx_initial` は例えば 1)。\n*   `Line(start=point_P.get_center(), end=point_Q.get_center(), color=GREEN)`: PとQを結ぶ割線。\n*   `DashedLine(start=point_P.get_center(), end=axes.c2p(1+dx_initial, 1**2), color=WHITE)`: Δx を示す水平線。\n*   `DashedLine(start=axes.c2p(1+dx_initial, 1**2), end=point_Q.get_center(), color=WHITE)`: Δy を示す垂直線。\n*   `MathTex(r\"\\Delta x\", color=WHITE)`: Δx のラベル。\n*   `MathTex(r\"\\Delta y\", color=WHITE)`: Δy のラベル。\n*   `MathTex(r\"\\frac{\\Delta y}{\\Delta x}\", color=PURPLE)`: 傾きの式。\n*   `MathTex(r\"\\lim_{\\Delta x \\to 0} \\frac{\\Delta y}{\\Delta x} = f'(x)\", color=ORANGE)`: 微分の定義式。\n\n**図形やテキストをどのように動かすか**\n\n1.  `Axes` と `FunctionGraph` を `Create` アニメーションで描画。\n2.  `point_P` と `point_Q` を `FadeIn` で表示。\n3.  `secant_line` と Δx, Δy を示す `DashedLine` およびラベルを `Create` または `FadeIn` で表示。\n4.  `ValueTracker` を使用して `dx` の値を初期値から `0` に近づけるアニメーションを生成。\n    *   `point_Q` を `axes.c2p(1+dx, (1+dx)**2)` に追従させる。\n    *   `secant_line` の終点を `point_Q.get_center()` に追従させる。\n    *   Δx, Δy を示す `DashedLine` とラベルを `dx` の変化に合わせて更新。\n5.  `dx` が `0` に近づくと共に、`secant_line` が `TangentLine(graph, alpha=1/6)` (x=1における接線) に `Transform` するように見せる。この際、`secant_line` の色を `RED` などに変更して強調。\n6.  画面下部に `MathTex(r\"\\frac{\\Delta y}{\\Delta x}\")` を `Write` アニメーションで表示。\n7.  その式を `MathTex(r\"\\lim_{\\Delta x \\to 0} \\frac{\\Delta y}{\\Delta x} = f'(x)\")` に `Transform` アニメーションで変化させる。\n\n**シーン全体の流れ**\n\n1.  座標軸と関数 `y = x^2` のグラフが描かれる。\n2.  グラフ上に固定点Pと、Pから少し離れた可動点Qが表示される。\n3.  PとQを結ぶ割線、およびΔxとΔyを示す線とラベルが表示される。\n4.  点Qが点Pに徐々に近づくアニメーションが開始される。これに伴い、割線とΔx, Δy の表示もリアルタイムで変化する。\n5.  点Qが点Pに限りなく近づくにつれて、割線が点Pにおけるグラフの接線へと変化する様子が視覚的に示される。接線は色を変えて強調される。\n6.  画面下部に「Δy/Δx」という式が表示される。\n7.  その式が「lim Δx→0 (Δy/Δx) = f'(x)」へと変化し、これが導関数であると説明される。\n\n**シーンが見やすいものになるようにするための注意**\n\n*   アニメーションの各ステップ間には十分なポーズ（`self.wait()`）を挿入し、視聴者が内容を理解する時間を確保する。\n*   主要な図形や変化する要素（点Q、割線、接線、Δx、Δy、式）には、視認性の高い異なる色を使用する。\n*   点Qが点Pに近づくアニメーションは、滑らかで連続的に見えるように `ValueTracker` を用いて制御する。\n*   数式は画面中央下など、見やすい位置に配置し、サイズも適切に調整する。",
  "video_id": "string",
  "current_script": "\nfrom manim import *\n\nclass GeneratedScene(Scene):\n    def construct(self):\n        # 1. 座標軸と関数 y = x^2 のグラフが描かれる。\n        axes = Axes(\n            x_range=[-4, 4, 1],\n            y_range=[-1, 9, 1],\n... (Total: 3621 chars)",
  "last_error": "",
  "error_type": "",
  "is_bad_request": false,
  "max_retries": 3,
  "current_retry": 1
}
2025-10-29 12:53:44,746 - INFO -    [+] Secure.
2025-10-29 12:53:44,747 - DEBUG - --- [Branch] Secure. Proceeding to Lint. ---
2025-10-29 12:53:44,748 - INFO - --- 3. [Node] Running Linter (format_and_linter) ---
2025-10-29 12:53:44,748 - DEBUG - STATE at entry of [ _lint_check ]:
{
  "user_request": "微分について説明して... (Total: 10 chars)",
  "generation_instructions": "",
  "animation_plan": "Manim で微分を説明するためのシーン生成指示を以下に示します。\n\n---\n\n**Manim で描画すべき図形やテキスト**\n\n*   `Axes()`: 座標軸。\n*   `FunctionGraph(lambda x: x**2, x_range=[-3, 3], color=BLUE)`: 関数 `y = x^2` のグラフ。\n*   `Dot(point=axes.c2p(1, 1**2), color=RED)`: 固定点P。\n*   `Dot(point=axes.c2p(1+dx_initial, (1+dx_initial)**2), color=YELLOW)`: 可動点Q (初期 `dx_initial` は例えば 1)。\n*   `Line(start=point_P.get_center(), end=point_Q.get_center(), color=GREEN)`: PとQを結ぶ割線。\n*   `DashedLine(start=point_P.get_center(), end=axes.c2p(1+dx_initial, 1**2), color=WHITE)`: Δx を示す水平線。\n*   `DashedLine(start=axes.c2p(1+dx_initial, 1**2), end=point_Q.get_center(), color=WHITE)`: Δy を示す垂直線。\n*   `MathTex(r\"\\Delta x\", color=WHITE)`: Δx のラベル。\n*   `MathTex(r\"\\Delta y\", color=WHITE)`: Δy のラベル。\n*   `MathTex(r\"\\frac{\\Delta y}{\\Delta x}\", color=PURPLE)`: 傾きの式。\n*   `MathTex(r\"\\lim_{\\Delta x \\to 0} \\frac{\\Delta y}{\\Delta x} = f'(x)\", color=ORANGE)`: 微分の定義式。\n\n**図形やテキストをどのように動かすか**\n\n1.  `Axes` と `FunctionGraph` を `Create` アニメーションで描画。\n2.  `point_P` と `point_Q` を `FadeIn` で表示。\n3.  `secant_line` と Δx, Δy を示す `DashedLine` およびラベルを `Create` または `FadeIn` で表示。\n4.  `ValueTracker` を使用して `dx` の値を初期値から `0` に近づけるアニメーションを生成。\n    *   `point_Q` を `axes.c2p(1+dx, (1+dx)**2)` に追従させる。\n    *   `secant_line` の終点を `point_Q.get_center()` に追従させる。\n    *   Δx, Δy を示す `DashedLine` とラベルを `dx` の変化に合わせて更新。\n5.  `dx` が `0` に近づくと共に、`secant_line` が `TangentLine(graph, alpha=1/6)` (x=1における接線) に `Transform` するように見せる。この際、`secant_line` の色を `RED` などに変更して強調。\n6.  画面下部に `MathTex(r\"\\frac{\\Delta y}{\\Delta x}\")` を `Write` アニメーションで表示。\n7.  その式を `MathTex(r\"\\lim_{\\Delta x \\to 0} \\frac{\\Delta y}{\\Delta x} = f'(x)\")` に `Transform` アニメーションで変化させる。\n\n**シーン全体の流れ**\n\n1.  座標軸と関数 `y = x^2` のグラフが描かれる。\n2.  グラフ上に固定点Pと、Pから少し離れた可動点Qが表示される。\n3.  PとQを結ぶ割線、およびΔxとΔyを示す線とラベルが表示される。\n4.  点Qが点Pに徐々に近づくアニメーションが開始される。これに伴い、割線とΔx, Δy の表示もリアルタイムで変化する。\n5.  点Qが点Pに限りなく近づくにつれて、割線が点Pにおけるグラフの接線へと変化する様子が視覚的に示される。接線は色を変えて強調される。\n6.  画面下部に「Δy/Δx」という式が表示される。\n7.  その式が「lim Δx→0 (Δy/Δx) = f'(x)」へと変化し、これが導関数であると説明される。\n\n**シーンが見やすいものになるようにするための注意**\n\n*   アニメーションの各ステップ間には十分なポーズ（`self.wait()`）を挿入し、視聴者が内容を理解する時間を確保する。\n*   主要な図形や変化する要素（点Q、割線、接線、Δx、Δy、式）には、視認性の高い異なる色を使用する。\n*   点Qが点Pに近づくアニメーションは、滑らかで連続的に見えるように `ValueTracker` を用いて制御する。\n*   数式は画面中央下など、見やすい位置に配置し、サイズも適切に調整する。",
  "video_id": "string",
  "current_script": "\nfrom manim import *\n\nclass GeneratedScene(Scene):\n    def construct(self):\n        # 1. 座標軸と関数 y = x^2 のグラフが描かれる。\n        axes = Axes(\n            x_range=[-4, 4, 1],\n            y_range=[-1, 9, 1],\n... (Total: 3621 chars)",
  "last_error": "",
  "error_type": "",
  "is_bad_request": false,
  "max_retries": 3,
  "current_retry": 1
}
2025-10-29 12:53:46,302 - INFO -    [+] Linter Passed.
2025-10-29 12:53:46,302 - DEBUG - --- [Branch] Linter Passed. Proceeding to Execute. ---
2025-10-29 12:53:46,303 - INFO - --- 4. [Node] Executing Manim ---
2025-10-29 12:53:46,303 - DEBUG - STATE at entry of [ _execute_script ]:
{
  "user_request": "微分について説明して... (Total: 10 chars)",
  "generation_instructions": "",
  "animation_plan": "Manim で微分を説明するためのシーン生成指示を以下に示します。\n\n---\n\n**Manim で描画すべき図形やテキスト**\n\n*   `Axes()`: 座標軸。\n*   `FunctionGraph(lambda x: x**2, x_range=[-3, 3], color=BLUE)`: 関数 `y = x^2` のグラフ。\n*   `Dot(point=axes.c2p(1, 1**2), color=RED)`: 固定点P。\n*   `Dot(point=axes.c2p(1+dx_initial, (1+dx_initial)**2), color=YELLOW)`: 可動点Q (初期 `dx_initial` は例えば 1)。\n*   `Line(start=point_P.get_center(), end=point_Q.get_center(), color=GREEN)`: PとQを結ぶ割線。\n*   `DashedLine(start=point_P.get_center(), end=axes.c2p(1+dx_initial, 1**2), color=WHITE)`: Δx を示す水平線。\n*   `DashedLine(start=axes.c2p(1+dx_initial, 1**2), end=point_Q.get_center(), color=WHITE)`: Δy を示す垂直線。\n*   `MathTex(r\"\\Delta x\", color=WHITE)`: Δx のラベル。\n*   `MathTex(r\"\\Delta y\", color=WHITE)`: Δy のラベル。\n*   `MathTex(r\"\\frac{\\Delta y}{\\Delta x}\", color=PURPLE)`: 傾きの式。\n*   `MathTex(r\"\\lim_{\\Delta x \\to 0} \\frac{\\Delta y}{\\Delta x} = f'(x)\", color=ORANGE)`: 微分の定義式。\n\n**図形やテキストをどのように動かすか**\n\n1.  `Axes` と `FunctionGraph` を `Create` アニメーションで描画。\n2.  `point_P` と `point_Q` を `FadeIn` で表示。\n3.  `secant_line` と Δx, Δy を示す `DashedLine` およびラベルを `Create` または `FadeIn` で表示。\n4.  `ValueTracker` を使用して `dx` の値を初期値から `0` に近づけるアニメーションを生成。\n    *   `point_Q` を `axes.c2p(1+dx, (1+dx)**2)` に追従させる。\n    *   `secant_line` の終点を `point_Q.get_center()` に追従させる。\n    *   Δx, Δy を示す `DashedLine` とラベルを `dx` の変化に合わせて更新。\n5.  `dx` が `0` に近づくと共に、`secant_line` が `TangentLine(graph, alpha=1/6)` (x=1における接線) に `Transform` するように見せる。この際、`secant_line` の色を `RED` などに変更して強調。\n6.  画面下部に `MathTex(r\"\\frac{\\Delta y}{\\Delta x}\")` を `Write` アニメーションで表示。\n7.  その式を `MathTex(r\"\\lim_{\\Delta x \\to 0} \\frac{\\Delta y}{\\Delta x} = f'(x)\")` に `Transform` アニメーションで変化させる。\n\n**シーン全体の流れ**\n\n1.  座標軸と関数 `y = x^2` のグラフが描かれる。\n2.  グラフ上に固定点Pと、Pから少し離れた可動点Qが表示される。\n3.  PとQを結ぶ割線、およびΔxとΔyを示す線とラベルが表示される。\n4.  点Qが点Pに徐々に近づくアニメーションが開始される。これに伴い、割線とΔx, Δy の表示もリアルタイムで変化する。\n5.  点Qが点Pに限りなく近づくにつれて、割線が点Pにおけるグラフの接線へと変化する様子が視覚的に示される。接線は色を変えて強調される。\n6.  画面下部に「Δy/Δx」という式が表示される。\n7.  その式が「lim Δx→0 (Δy/Δx) = f'(x)」へと変化し、これが導関数であると説明される。\n\n**シーンが見やすいものになるようにするための注意**\n\n*   アニメーションの各ステップ間には十分なポーズ（`self.wait()`）を挿入し、視聴者が内容を理解する時間を確保する。\n*   主要な図形や変化する要素（点Q、割線、接線、Δx、Δy、式）には、視認性の高い異なる色を使用する。\n*   点Qが点Pに近づくアニメーションは、滑らかで連続的に見えるように `ValueTracker` を用いて制御する。\n*   数式は画面中央下など、見やすい位置に配置し、サイズも適切に調整する。",
  "video_id": "string",
  "current_script": "from manim import *\n\n\nclass GeneratedScene(Scene):\n    def construct(self):\n        # 1. 座標軸と関数 y = x^2 のグラフが描かれる。\n        axes = Axes(\n            x_range=[-4, 4, 1],\n            y_range=[-1, 9, 1],\n... (Total: 3996 chars)",
  "last_error": "",
  "error_type": "",
  "is_bad_request": false,
  "max_retries": 3,
  "current_retry": 1
}
2025-10-29 12:53:47,336 - ERROR -    [!] Execution Failed (Runtime Error).
╭─────────────────────────────── Traceback (most recent call last) ────────────────────────────────╮
│ /workspaces/ai_agent/back/.venv/lib/python3.11/site-packages/manim/cli/render/commands.py:125 in │
│ render                                                                                           │
│                                                                                                  │
│   122 │   │   │   try:                                                                           │
│   123 │   │   │   │   with tempconfig({}):                                                       │
│   124 │   │   │   │   │   scene = SceneClass()                                                   │
│ ❱ 125 │   │   │   │   │   scene.render()                                                         │
│   126 │   │   │   except Exception:                                                              │
│   127 │   │   │   │   error_console.print_exception()                                            │
│   128 │   │   │   │   sys.exit(1)                                                                │
│                                                                                                  │
│ /workspaces/ai_agent/back/.venv/lib/python3.11/site-packages/manim/scene/scene.py:237 in render  │
│                                                                                                  │
│    234 │   │   """                                                                               │
│    235 │   │   self.setup()                                                                      │
│    236 │   │   try:                                                                              │
│ ❱  237 │   │   │   self.construct()                                                              │
│    238 │   │   except EndSceneEarlyException:                                                    │
│    239 │   │   │   pass                                                                          │
│    240 │   │   except RerunSceneException:                                                       │
│                                                                                                  │
│ /workspaces/ai_agent/back/tmp/string.py:12 in construct                                          │
│                                                                                                  │
│     9 │   │   │   y_range=[-1, 9, 1],                                                            │
│    10 │   │   │   axis_config={"color": BLUE},                                                   │
│    11 │   │   )                                                                                  │
│ ❱  12 │   │   graph = axes.get_graph(lambda x: x**2, x_range=[-3, 3], color=BLUE)                │
│    13 │   │                                                                                      │
│    14 │   │   self.play(Create(axes), Create(graph))                                             │
│    15 │   │   self.wait(1)                                                                       │
╰──────────────────────────────────────────────────────────────────────────────────────────────────╯
TypeError: Mobject.__getattr__.<locals>.getter() got an unexpected keyword argument 'x_range'

2025-10-29 12:53:47,338 - INFO - --- [Branch] Runtime Error. Proceeding to Refine. ---
2025-10-29 12:53:47,338 - INFO - --- 5. [Node] Refining Script (Attempt 2) ---
2025-10-29 12:53:47,338 - DEBUG - STATE at entry of [ _refine_script_on_error ]:
{
  "user_request": "微分について説明して... (Total: 10 chars)",
  "generation_instructions": "",
  "animation_plan": "Manim で微分を説明するためのシーン生成指示を以下に示します。\n\n---\n\n**Manim で描画すべき図形やテキスト**\n\n*   `Axes()`: 座標軸。\n*   `FunctionGraph(lambda x: x**2, x_range=[-3, 3], color=BLUE)`: 関数 `y = x^2` のグラフ。\n*   `Dot(point=axes.c2p(1, 1**2), color=RED)`: 固定点P。\n*   `Dot(point=axes.c2p(1+dx_initial, (1+dx_initial)**2), color=YELLOW)`: 可動点Q (初期 `dx_initial` は例えば 1)。\n*   `Line(start=point_P.get_center(), end=point_Q.get_center(), color=GREEN)`: PとQを結ぶ割線。\n*   `DashedLine(start=point_P.get_center(), end=axes.c2p(1+dx_initial, 1**2), color=WHITE)`: Δx を示す水平線。\n*   `DashedLine(start=axes.c2p(1+dx_initial, 1**2), end=point_Q.get_center(), color=WHITE)`: Δy を示す垂直線。\n*   `MathTex(r\"\\Delta x\", color=WHITE)`: Δx のラベル。\n*   `MathTex(r\"\\Delta y\", color=WHITE)`: Δy のラベル。\n*   `MathTex(r\"\\frac{\\Delta y}{\\Delta x}\", color=PURPLE)`: 傾きの式。\n*   `MathTex(r\"\\lim_{\\Delta x \\to 0} \\frac{\\Delta y}{\\Delta x} = f'(x)\", color=ORANGE)`: 微分の定義式。\n\n**図形やテキストをどのように動かすか**\n\n1.  `Axes` と `FunctionGraph` を `Create` アニメーションで描画。\n2.  `point_P` と `point_Q` を `FadeIn` で表示。\n3.  `secant_line` と Δx, Δy を示す `DashedLine` およびラベルを `Create` または `FadeIn` で表示。\n4.  `ValueTracker` を使用して `dx` の値を初期値から `0` に近づけるアニメーションを生成。\n    *   `point_Q` を `axes.c2p(1+dx, (1+dx)**2)` に追従させる。\n    *   `secant_line` の終点を `point_Q.get_center()` に追従させる。\n    *   Δx, Δy を示す `DashedLine` とラベルを `dx` の変化に合わせて更新。\n5.  `dx` が `0` に近づくと共に、`secant_line` が `TangentLine(graph, alpha=1/6)` (x=1における接線) に `Transform` するように見せる。この際、`secant_line` の色を `RED` などに変更して強調。\n6.  画面下部に `MathTex(r\"\\frac{\\Delta y}{\\Delta x}\")` を `Write` アニメーションで表示。\n7.  その式を `MathTex(r\"\\lim_{\\Delta x \\to 0} \\frac{\\Delta y}{\\Delta x} = f'(x)\")` に `Transform` アニメーションで変化させる。\n\n**シーン全体の流れ**\n\n1.  座標軸と関数 `y = x^2` のグラフが描かれる。\n2.  グラフ上に固定点Pと、Pから少し離れた可動点Qが表示される。\n3.  PとQを結ぶ割線、およびΔxとΔyを示す線とラベルが表示される。\n4.  点Qが点Pに徐々に近づくアニメーションが開始される。これに伴い、割線とΔx, Δy の表示もリアルタイムで変化する。\n5.  点Qが点Pに限りなく近づくにつれて、割線が点Pにおけるグラフの接線へと変化する様子が視覚的に示される。接線は色を変えて強調される。\n6.  画面下部に「Δy/Δx」という式が表示される。\n7.  その式が「lim Δx→0 (Δy/Δx) = f'(x)」へと変化し、これが導関数であると説明される。\n\n**シーンが見やすいものになるようにするための注意**\n\n*   アニメーションの各ステップ間には十分なポーズ（`self.wait()`）を挿入し、視聴者が内容を理解する時間を確保する。\n*   主要な図形や変化する要素（点Q、割線、接線、Δx、Δy、式）には、視認性の高い異なる色を使用する。\n*   点Qが点Pに近づくアニメーションは、滑らかで連続的に見えるように `ValueTracker` を用いて制御する。\n*   数式は画面中央下など、見やすい位置に配置し、サイズも適切に調整する。",
  "video_id": "string",
  "current_script": "from manim import *\n\n\nclass GeneratedScene(Scene):\n    def construct(self):\n        # 1. 座標軸と関数 y = x^2 のグラフが描かれる。\n        axes = Axes(\n            x_range=[-4, 4, 1],\n            y_range=[-1, 9, 1],\n... (Total: 3996 chars)",
  "last_error": "[Error]\nfile: /workspaces/ai_agent/back/tmp/string.py\nline: 12\ntype: TypeError\nmessage: Mobject.__getattr__.<locals>.getter() got an unexpected keyword argument 'x_range'\ncode: │   graph = axes.get_graph(lambda x: x**2, x_range=[-3, 3], color=BLUE)                │\n... (Total: 266 chars)",
  "error_type": "runtime",
  "is_bad_request": false,
  "max_retries": 3,
  "current_retry": 1
}
2025-10-29 12:54:59,024 - DEBUG -    [+] Script refined (length: 4246)
2025-10-29 12:54:59,030 - INFO - --- 2. [Node] Checking Security ---
2025-10-29 12:54:59,031 - DEBUG - STATE at entry of [ _check_bad_request ]:
{
  "user_request": "微分について説明して... (Total: 10 chars)",
  "generation_instructions": "",
  "animation_plan": "Manim で微分を説明するためのシーン生成指示を以下に示します。\n\n---\n\n**Manim で描画すべき図形やテキスト**\n\n*   `Axes()`: 座標軸。\n*   `FunctionGraph(lambda x: x**2, x_range=[-3, 3], color=BLUE)`: 関数 `y = x^2` のグラフ。\n*   `Dot(point=axes.c2p(1, 1**2), color=RED)`: 固定点P。\n*   `Dot(point=axes.c2p(1+dx_initial, (1+dx_initial)**2), color=YELLOW)`: 可動点Q (初期 `dx_initial` は例えば 1)。\n*   `Line(start=point_P.get_center(), end=point_Q.get_center(), color=GREEN)`: PとQを結ぶ割線。\n*   `DashedLine(start=point_P.get_center(), end=axes.c2p(1+dx_initial, 1**2), color=WHITE)`: Δx を示す水平線。\n*   `DashedLine(start=axes.c2p(1+dx_initial, 1**2), end=point_Q.get_center(), color=WHITE)`: Δy を示す垂直線。\n*   `MathTex(r\"\\Delta x\", color=WHITE)`: Δx のラベル。\n*   `MathTex(r\"\\Delta y\", color=WHITE)`: Δy のラベル。\n*   `MathTex(r\"\\frac{\\Delta y}{\\Delta x}\", color=PURPLE)`: 傾きの式。\n*   `MathTex(r\"\\lim_{\\Delta x \\to 0} \\frac{\\Delta y}{\\Delta x} = f'(x)\", color=ORANGE)`: 微分の定義式。\n\n**図形やテキストをどのように動かすか**\n\n1.  `Axes` と `FunctionGraph` を `Create` アニメーションで描画。\n2.  `point_P` と `point_Q` を `FadeIn` で表示。\n3.  `secant_line` と Δx, Δy を示す `DashedLine` およびラベルを `Create` または `FadeIn` で表示。\n4.  `ValueTracker` を使用して `dx` の値を初期値から `0` に近づけるアニメーションを生成。\n    *   `point_Q` を `axes.c2p(1+dx, (1+dx)**2)` に追従させる。\n    *   `secant_line` の終点を `point_Q.get_center()` に追従させる。\n    *   Δx, Δy を示す `DashedLine` とラベルを `dx` の変化に合わせて更新。\n5.  `dx` が `0` に近づくと共に、`secant_line` が `TangentLine(graph, alpha=1/6)` (x=1における接線) に `Transform` するように見せる。この際、`secant_line` の色を `RED` などに変更して強調。\n6.  画面下部に `MathTex(r\"\\frac{\\Delta y}{\\Delta x}\")` を `Write` アニメーションで表示。\n7.  その式を `MathTex(r\"\\lim_{\\Delta x \\to 0} \\frac{\\Delta y}{\\Delta x} = f'(x)\")` に `Transform` アニメーションで変化させる。\n\n**シーン全体の流れ**\n\n1.  座標軸と関数 `y = x^2` のグラフが描かれる。\n2.  グラフ上に固定点Pと、Pから少し離れた可動点Qが表示される。\n3.  PとQを結ぶ割線、およびΔxとΔyを示す線とラベルが表示される。\n4.  点Qが点Pに徐々に近づくアニメーションが開始される。これに伴い、割線とΔx, Δy の表示もリアルタイムで変化する。\n5.  点Qが点Pに限りなく近づくにつれて、割線が点Pにおけるグラフの接線へと変化する様子が視覚的に示される。接線は色を変えて強調される。\n6.  画面下部に「Δy/Δx」という式が表示される。\n7.  その式が「lim Δx→0 (Δy/Δx) = f'(x)」へと変化し、これが導関数であると説明される。\n\n**シーンが見やすいものになるようにするための注意**\n\n*   アニメーションの各ステップ間には十分なポーズ（`self.wait()`）を挿入し、視聴者が内容を理解する時間を確保する。\n*   主要な図形や変化する要素（点Q、割線、接線、Δx、Δy、式）には、視認性の高い異なる色を使用する。\n*   点Qが点Pに近づくアニメーションは、滑らかで連続的に見えるように `ValueTracker` を用いて制御する。\n*   数式は画面中央下など、見やすい位置に配置し、サイズも適切に調整する。",
  "video_id": "string",
  "current_script": "\nfrom manim import *\n\n\nclass GeneratedScene(Scene):\n    def construct(self):\n        # 1. 座標軸と関数 y = x^2 のグラフが描かれる。\n        # 診断結果のTypeErrorを修正するため、Axesのx_rangeをグラフの描画範囲に合わせます。\n        # これにより、axes.ge... (Total: 4246 chars)",
  "last_error": "",
  "error_type": "",
  "is_bad_request": false,
  "max_retries": 3,
  "current_retry": 2
}
2025-10-29 12:54:59,035 - INFO -    [+] Secure.
2025-10-29 12:54:59,036 - DEBUG - --- [Branch] Secure. Proceeding to Lint. ---
2025-10-29 12:54:59,036 - INFO - --- 3. [Node] Running Linter (format_and_linter) ---
2025-10-29 12:54:59,037 - DEBUG - STATE at entry of [ _lint_check ]:
{
  "user_request": "微分について説明して... (Total: 10 chars)",
  "generation_instructions": "",
  "animation_plan": "Manim で微分を説明するためのシーン生成指示を以下に示します。\n\n---\n\n**Manim で描画すべき図形やテキスト**\n\n*   `Axes()`: 座標軸。\n*   `FunctionGraph(lambda x: x**2, x_range=[-3, 3], color=BLUE)`: 関数 `y = x^2` のグラフ。\n*   `Dot(point=axes.c2p(1, 1**2), color=RED)`: 固定点P。\n*   `Dot(point=axes.c2p(1+dx_initial, (1+dx_initial)**2), color=YELLOW)`: 可動点Q (初期 `dx_initial` は例えば 1)。\n*   `Line(start=point_P.get_center(), end=point_Q.get_center(), color=GREEN)`: PとQを結ぶ割線。\n*   `DashedLine(start=point_P.get_center(), end=axes.c2p(1+dx_initial, 1**2), color=WHITE)`: Δx を示す水平線。\n*   `DashedLine(start=axes.c2p(1+dx_initial, 1**2), end=point_Q.get_center(), color=WHITE)`: Δy を示す垂直線。\n*   `MathTex(r\"\\Delta x\", color=WHITE)`: Δx のラベル。\n*   `MathTex(r\"\\Delta y\", color=WHITE)`: Δy のラベル。\n*   `MathTex(r\"\\frac{\\Delta y}{\\Delta x}\", color=PURPLE)`: 傾きの式。\n*   `MathTex(r\"\\lim_{\\Delta x \\to 0} \\frac{\\Delta y}{\\Delta x} = f'(x)\", color=ORANGE)`: 微分の定義式。\n\n**図形やテキストをどのように動かすか**\n\n1.  `Axes` と `FunctionGraph` を `Create` アニメーションで描画。\n2.  `point_P` と `point_Q` を `FadeIn` で表示。\n3.  `secant_line` と Δx, Δy を示す `DashedLine` およびラベルを `Create` または `FadeIn` で表示。\n4.  `ValueTracker` を使用して `dx` の値を初期値から `0` に近づけるアニメーションを生成。\n    *   `point_Q` を `axes.c2p(1+dx, (1+dx)**2)` に追従させる。\n    *   `secant_line` の終点を `point_Q.get_center()` に追従させる。\n    *   Δx, Δy を示す `DashedLine` とラベルを `dx` の変化に合わせて更新。\n5.  `dx` が `0` に近づくと共に、`secant_line` が `TangentLine(graph, alpha=1/6)` (x=1における接線) に `Transform` するように見せる。この際、`secant_line` の色を `RED` などに変更して強調。\n6.  画面下部に `MathTex(r\"\\frac{\\Delta y}{\\Delta x}\")` を `Write` アニメーションで表示。\n7.  その式を `MathTex(r\"\\lim_{\\Delta x \\to 0} \\frac{\\Delta y}{\\Delta x} = f'(x)\")` に `Transform` アニメーションで変化させる。\n\n**シーン全体の流れ**\n\n1.  座標軸と関数 `y = x^2` のグラフが描かれる。\n2.  グラフ上に固定点Pと、Pから少し離れた可動点Qが表示される。\n3.  PとQを結ぶ割線、およびΔxとΔyを示す線とラベルが表示される。\n4.  点Qが点Pに徐々に近づくアニメーションが開始される。これに伴い、割線とΔx, Δy の表示もリアルタイムで変化する。\n5.  点Qが点Pに限りなく近づくにつれて、割線が点Pにおけるグラフの接線へと変化する様子が視覚的に示される。接線は色を変えて強調される。\n6.  画面下部に「Δy/Δx」という式が表示される。\n7.  その式が「lim Δx→0 (Δy/Δx) = f'(x)」へと変化し、これが導関数であると説明される。\n\n**シーンが見やすいものになるようにするための注意**\n\n*   アニメーションの各ステップ間には十分なポーズ（`self.wait()`）を挿入し、視聴者が内容を理解する時間を確保する。\n*   主要な図形や変化する要素（点Q、割線、接線、Δx、Δy、式）には、視認性の高い異なる色を使用する。\n*   点Qが点Pに近づくアニメーションは、滑らかで連続的に見えるように `ValueTracker` を用いて制御する。\n*   数式は画面中央下など、見やすい位置に配置し、サイズも適切に調整する。",
  "video_id": "string",
  "current_script": "\nfrom manim import *\n\n\nclass GeneratedScene(Scene):\n    def construct(self):\n        # 1. 座標軸と関数 y = x^2 のグラフが描かれる。\n        # 診断結果のTypeErrorを修正するため、Axesのx_rangeをグラフの描画範囲に合わせます。\n        # これにより、axes.ge... (Total: 4246 chars)",
  "last_error": "",
  "error_type": "",
  "is_bad_request": false,
  "max_retries": 3,
  "current_retry": 2
}
2025-10-29 12:55:00,980 - INFO -    [+] Linter Passed.
2025-10-29 12:55:00,981 - DEBUG - --- [Branch] Linter Passed. Proceeding to Execute. ---
2025-10-29 12:55:00,981 - INFO - --- 4. [Node] Executing Manim ---
2025-10-29 12:55:00,981 - DEBUG - STATE at entry of [ _execute_script ]:
{
  "user_request": "微分について説明して... (Total: 10 chars)",
  "generation_instructions": "",
  "animation_plan": "Manim で微分を説明するためのシーン生成指示を以下に示します。\n\n---\n\n**Manim で描画すべき図形やテキスト**\n\n*   `Axes()`: 座標軸。\n*   `FunctionGraph(lambda x: x**2, x_range=[-3, 3], color=BLUE)`: 関数 `y = x^2` のグラフ。\n*   `Dot(point=axes.c2p(1, 1**2), color=RED)`: 固定点P。\n*   `Dot(point=axes.c2p(1+dx_initial, (1+dx_initial)**2), color=YELLOW)`: 可動点Q (初期 `dx_initial` は例えば 1)。\n*   `Line(start=point_P.get_center(), end=point_Q.get_center(), color=GREEN)`: PとQを結ぶ割線。\n*   `DashedLine(start=point_P.get_center(), end=axes.c2p(1+dx_initial, 1**2), color=WHITE)`: Δx を示す水平線。\n*   `DashedLine(start=axes.c2p(1+dx_initial, 1**2), end=point_Q.get_center(), color=WHITE)`: Δy を示す垂直線。\n*   `MathTex(r\"\\Delta x\", color=WHITE)`: Δx のラベル。\n*   `MathTex(r\"\\Delta y\", color=WHITE)`: Δy のラベル。\n*   `MathTex(r\"\\frac{\\Delta y}{\\Delta x}\", color=PURPLE)`: 傾きの式。\n*   `MathTex(r\"\\lim_{\\Delta x \\to 0} \\frac{\\Delta y}{\\Delta x} = f'(x)\", color=ORANGE)`: 微分の定義式。\n\n**図形やテキストをどのように動かすか**\n\n1.  `Axes` と `FunctionGraph` を `Create` アニメーションで描画。\n2.  `point_P` と `point_Q` を `FadeIn` で表示。\n3.  `secant_line` と Δx, Δy を示す `DashedLine` およびラベルを `Create` または `FadeIn` で表示。\n4.  `ValueTracker` を使用して `dx` の値を初期値から `0` に近づけるアニメーションを生成。\n    *   `point_Q` を `axes.c2p(1+dx, (1+dx)**2)` に追従させる。\n    *   `secant_line` の終点を `point_Q.get_center()` に追従させる。\n    *   Δx, Δy を示す `DashedLine` とラベルを `dx` の変化に合わせて更新。\n5.  `dx` が `0` に近づくと共に、`secant_line` が `TangentLine(graph, alpha=1/6)` (x=1における接線) に `Transform` するように見せる。この際、`secant_line` の色を `RED` などに変更して強調。\n6.  画面下部に `MathTex(r\"\\frac{\\Delta y}{\\Delta x}\")` を `Write` アニメーションで表示。\n7.  その式を `MathTex(r\"\\lim_{\\Delta x \\to 0} \\frac{\\Delta y}{\\Delta x} = f'(x)\")` に `Transform` アニメーションで変化させる。\n\n**シーン全体の流れ**\n\n1.  座標軸と関数 `y = x^2` のグラフが描かれる。\n2.  グラフ上に固定点Pと、Pから少し離れた可動点Qが表示される。\n3.  PとQを結ぶ割線、およびΔxとΔyを示す線とラベルが表示される。\n4.  点Qが点Pに徐々に近づくアニメーションが開始される。これに伴い、割線とΔx, Δy の表示もリアルタイムで変化する。\n5.  点Qが点Pに限りなく近づくにつれて、割線が点Pにおけるグラフの接線へと変化する様子が視覚的に示される。接線は色を変えて強調される。\n6.  画面下部に「Δy/Δx」という式が表示される。\n7.  その式が「lim Δx→0 (Δy/Δx) = f'(x)」へと変化し、これが導関数であると説明される。\n\n**シーンが見やすいものになるようにするための注意**\n\n*   アニメーションの各ステップ間には十分なポーズ（`self.wait()`）を挿入し、視聴者が内容を理解する時間を確保する。\n*   主要な図形や変化する要素（点Q、割線、接線、Δx、Δy、式）には、視認性の高い異なる色を使用する。\n*   点Qが点Pに近づくアニメーションは、滑らかで連続的に見えるように `ValueTracker` を用いて制御する。\n*   数式は画面中央下など、見やすい位置に配置し、サイズも適切に調整する。",
  "video_id": "string",
  "current_script": "from manim import *\n\n\nclass GeneratedScene(Scene):\n    def construct(self):\n        # 1. 座標軸と関数 y = x^2 のグラフが描かれる。\n        # 診断結果のTypeErrorを修正するため、Axesのx_rangeをグラフの描画範囲に合わせます。\n        # これにより、axes.get... (Total: 4245 chars)",
  "last_error": "",
  "error_type": "",
  "is_bad_request": false,
  "max_retries": 3,
  "current_retry": 2
}
2025-10-29 12:55:01,981 - ERROR -    [!] Execution Failed (Runtime Error).
╭─────────────────────────────── Traceback (most recent call last) ────────────────────────────────╮
│ /workspaces/ai_agent/back/.venv/lib/python3.11/site-packages/manim/cli/render/commands.py:125 in │
│ render                                                                                           │
│                                                                                                  │
│   122 │   │   │   try:                                                                           │
│   123 │   │   │   │   with tempconfig({}):                                                       │
│   124 │   │   │   │   │   scene = SceneClass()                                                   │
│ ❱ 125 │   │   │   │   │   scene.render()                                                         │
│   126 │   │   │   except Exception:                                                              │
│   127 │   │   │   │   error_console.print_exception()                                            │
│   128 │   │   │   │   sys.exit(1)                                                                │
│                                                                                                  │
│ /workspaces/ai_agent/back/.venv/lib/python3.11/site-packages/manim/scene/scene.py:237 in render  │
│                                                                                                  │
│    234 │   │   """                                                                               │
│    235 │   │   self.setup()                                                                      │
│    236 │   │   try:                                                                              │
│ ❱  237 │   │   │   self.construct()                                                              │
│    238 │   │   except EndSceneEarlyException:                                                    │
│    239 │   │   │   pass                                                                          │
│    240 │   │   except RerunSceneException:                                                       │
│                                                                                                  │
│ /workspaces/ai_agent/back/tmp/string.py:17 in construct                                          │
│                                                                                                  │
│    14 │   │   )                                                                                  │
│    15 │   │   # axes.get_graph()はAxesのx_rangeをデフォルトで使用するため、                      │
│    16 │   │   # ここではx_rangeパラメータを削除します。                                          │
│ ❱  17 │   │   graph = axes.get_graph(lambda x: x**2, color=BLUE)                                 │
│    18 │   │                                                                                      │
│    19 │   │   self.play(Create(axes), Create(graph))                                             │
│    20 │   │   self.wait(1)                                                                       │
╰──────────────────────────────────────────────────────────────────────────────────────────────────╯
TypeError: Mobject.__getattr__.<locals>.getter() got an unexpected keyword argument 'color'

2025-10-29 12:55:01,983 - INFO - --- [Branch] Runtime Error. Proceeding to Refine. ---
2025-10-29 12:55:01,983 - INFO - --- 5. [Node] Refining Script (Attempt 3) ---
2025-10-29 12:55:01,983 - DEBUG - STATE at entry of [ _refine_script_on_error ]:
{
  "user_request": "微分について説明して... (Total: 10 chars)",
  "generation_instructions": "",
  "animation_plan": "Manim で微分を説明するためのシーン生成指示を以下に示します。\n\n---\n\n**Manim で描画すべき図形やテキスト**\n\n*   `Axes()`: 座標軸。\n*   `FunctionGraph(lambda x: x**2, x_range=[-3, 3], color=BLUE)`: 関数 `y = x^2` のグラフ。\n*   `Dot(point=axes.c2p(1, 1**2), color=RED)`: 固定点P。\n*   `Dot(point=axes.c2p(1+dx_initial, (1+dx_initial)**2), color=YELLOW)`: 可動点Q (初期 `dx_initial` は例えば 1)。\n*   `Line(start=point_P.get_center(), end=point_Q.get_center(), color=GREEN)`: PとQを結ぶ割線。\n*   `DashedLine(start=point_P.get_center(), end=axes.c2p(1+dx_initial, 1**2), color=WHITE)`: Δx を示す水平線。\n*   `DashedLine(start=axes.c2p(1+dx_initial, 1**2), end=point_Q.get_center(), color=WHITE)`: Δy を示す垂直線。\n*   `MathTex(r\"\\Delta x\", color=WHITE)`: Δx のラベル。\n*   `MathTex(r\"\\Delta y\", color=WHITE)`: Δy のラベル。\n*   `MathTex(r\"\\frac{\\Delta y}{\\Delta x}\", color=PURPLE)`: 傾きの式。\n*   `MathTex(r\"\\lim_{\\Delta x \\to 0} \\frac{\\Delta y}{\\Delta x} = f'(x)\", color=ORANGE)`: 微分の定義式。\n\n**図形やテキストをどのように動かすか**\n\n1.  `Axes` と `FunctionGraph` を `Create` アニメーションで描画。\n2.  `point_P` と `point_Q` を `FadeIn` で表示。\n3.  `secant_line` と Δx, Δy を示す `DashedLine` およびラベルを `Create` または `FadeIn` で表示。\n4.  `ValueTracker` を使用して `dx` の値を初期値から `0` に近づけるアニメーションを生成。\n    *   `point_Q` を `axes.c2p(1+dx, (1+dx)**2)` に追従させる。\n    *   `secant_line` の終点を `point_Q.get_center()` に追従させる。\n    *   Δx, Δy を示す `DashedLine` とラベルを `dx` の変化に合わせて更新。\n5.  `dx` が `0` に近づくと共に、`secant_line` が `TangentLine(graph, alpha=1/6)` (x=1における接線) に `Transform` するように見せる。この際、`secant_line` の色を `RED` などに変更して強調。\n6.  画面下部に `MathTex(r\"\\frac{\\Delta y}{\\Delta x}\")` を `Write` アニメーションで表示。\n7.  その式を `MathTex(r\"\\lim_{\\Delta x \\to 0} \\frac{\\Delta y}{\\Delta x} = f'(x)\")` に `Transform` アニメーションで変化させる。\n\n**シーン全体の流れ**\n\n1.  座標軸と関数 `y = x^2` のグラフが描かれる。\n2.  グラフ上に固定点Pと、Pから少し離れた可動点Qが表示される。\n3.  PとQを結ぶ割線、およびΔxとΔyを示す線とラベルが表示される。\n4.  点Qが点Pに徐々に近づくアニメーションが開始される。これに伴い、割線とΔx, Δy の表示もリアルタイムで変化する。\n5.  点Qが点Pに限りなく近づくにつれて、割線が点Pにおけるグラフの接線へと変化する様子が視覚的に示される。接線は色を変えて強調される。\n6.  画面下部に「Δy/Δx」という式が表示される。\n7.  その式が「lim Δx→0 (Δy/Δx) = f'(x)」へと変化し、これが導関数であると説明される。\n\n**シーンが見やすいものになるようにするための注意**\n\n*   アニメーションの各ステップ間には十分なポーズ（`self.wait()`）を挿入し、視聴者が内容を理解する時間を確保する。\n*   主要な図形や変化する要素（点Q、割線、接線、Δx、Δy、式）には、視認性の高い異なる色を使用する。\n*   点Qが点Pに近づくアニメーションは、滑らかで連続的に見えるように `ValueTracker` を用いて制御する。\n*   数式は画面中央下など、見やすい位置に配置し、サイズも適切に調整する。",
  "video_id": "string",
  "current_script": "from manim import *\n\n\nclass GeneratedScene(Scene):\n    def construct(self):\n        # 1. 座標軸と関数 y = x^2 のグラフが描かれる。\n        # 診断結果のTypeErrorを修正するため、Axesのx_rangeをグラフの描画範囲に合わせます。\n        # これにより、axes.get... (Total: 4245 chars)",
  "last_error": "[Error]\nfile: /workspaces/ai_agent/back/tmp/string.py\nline: 17\ntype: TypeError\nmessage: Mobject.__getattr__.<locals>.getter() got an unexpected keyword argument 'color'\ncode: │   graph = axes.get_graph(lambda x: x**2, color=BLUE)                                 │\n... (Total: 264 chars)",
  "error_type": "runtime",
  "is_bad_request": false,
  "max_retries": 3,
  "current_retry": 2
}
2025-10-29 12:55:34,857 - DEBUG -    [+] Script refined (length: 4106)
2025-10-29 12:55:34,862 - INFO - --- 2. [Node] Checking Security ---
2025-10-29 12:55:34,863 - DEBUG - STATE at entry of [ _check_bad_request ]:
{
  "user_request": "微分について説明して... (Total: 10 chars)",
  "generation_instructions": "",
  "animation_plan": "Manim で微分を説明するためのシーン生成指示を以下に示します。\n\n---\n\n**Manim で描画すべき図形やテキスト**\n\n*   `Axes()`: 座標軸。\n*   `FunctionGraph(lambda x: x**2, x_range=[-3, 3], color=BLUE)`: 関数 `y = x^2` のグラフ。\n*   `Dot(point=axes.c2p(1, 1**2), color=RED)`: 固定点P。\n*   `Dot(point=axes.c2p(1+dx_initial, (1+dx_initial)**2), color=YELLOW)`: 可動点Q (初期 `dx_initial` は例えば 1)。\n*   `Line(start=point_P.get_center(), end=point_Q.get_center(), color=GREEN)`: PとQを結ぶ割線。\n*   `DashedLine(start=point_P.get_center(), end=axes.c2p(1+dx_initial, 1**2), color=WHITE)`: Δx を示す水平線。\n*   `DashedLine(start=axes.c2p(1+dx_initial, 1**2), end=point_Q.get_center(), color=WHITE)`: Δy を示す垂直線。\n*   `MathTex(r\"\\Delta x\", color=WHITE)`: Δx のラベル。\n*   `MathTex(r\"\\Delta y\", color=WHITE)`: Δy のラベル。\n*   `MathTex(r\"\\frac{\\Delta y}{\\Delta x}\", color=PURPLE)`: 傾きの式。\n*   `MathTex(r\"\\lim_{\\Delta x \\to 0} \\frac{\\Delta y}{\\Delta x} = f'(x)\", color=ORANGE)`: 微分の定義式。\n\n**図形やテキストをどのように動かすか**\n\n1.  `Axes` と `FunctionGraph` を `Create` アニメーションで描画。\n2.  `point_P` と `point_Q` を `FadeIn` で表示。\n3.  `secant_line` と Δx, Δy を示す `DashedLine` およびラベルを `Create` または `FadeIn` で表示。\n4.  `ValueTracker` を使用して `dx` の値を初期値から `0` に近づけるアニメーションを生成。\n    *   `point_Q` を `axes.c2p(1+dx, (1+dx)**2)` に追従させる。\n    *   `secant_line` の終点を `point_Q.get_center()` に追従させる。\n    *   Δx, Δy を示す `DashedLine` とラベルを `dx` の変化に合わせて更新。\n5.  `dx` が `0` に近づくと共に、`secant_line` が `TangentLine(graph, alpha=1/6)` (x=1における接線) に `Transform` するように見せる。この際、`secant_line` の色を `RED` などに変更して強調。\n6.  画面下部に `MathTex(r\"\\frac{\\Delta y}{\\Delta x}\")` を `Write` アニメーションで表示。\n7.  その式を `MathTex(r\"\\lim_{\\Delta x \\to 0} \\frac{\\Delta y}{\\Delta x} = f'(x)\")` に `Transform` アニメーションで変化させる。\n\n**シーン全体の流れ**\n\n1.  座標軸と関数 `y = x^2` のグラフが描かれる。\n2.  グラフ上に固定点Pと、Pから少し離れた可動点Qが表示される。\n3.  PとQを結ぶ割線、およびΔxとΔyを示す線とラベルが表示される。\n4.  点Qが点Pに徐々に近づくアニメーションが開始される。これに伴い、割線とΔx, Δy の表示もリアルタイムで変化する。\n5.  点Qが点Pに限りなく近づくにつれて、割線が点Pにおけるグラフの接線へと変化する様子が視覚的に示される。接線は色を変えて強調される。\n6.  画面下部に「Δy/Δx」という式が表示される。\n7.  その式が「lim Δx→0 (Δy/Δx) = f'(x)」へと変化し、これが導関数であると説明される。\n\n**シーンが見やすいものになるようにするための注意**\n\n*   アニメーションの各ステップ間には十分なポーズ（`self.wait()`）を挿入し、視聴者が内容を理解する時間を確保する。\n*   主要な図形や変化する要素（点Q、割線、接線、Δx、Δy、式）には、視認性の高い異なる色を使用する。\n*   点Qが点Pに近づくアニメーションは、滑らかで連続的に見えるように `ValueTracker` を用いて制御する。\n*   数式は画面中央下など、見やすい位置に配置し、サイズも適切に調整する。",
  "video_id": "string",
  "current_script": "\nfrom manim import *\n\n\nclass GeneratedScene(Scene):\n    def construct(self):\n        # 1. 座標軸と関数 y = x^2 のグラフが描かれる。\n        axes = Axes(\n            x_range=[-3, 3, 1],  # グラフのx_rangeに合わせてAxesのx_range... (Total: 4106 chars)",
  "last_error": "",
  "error_type": "",
  "is_bad_request": false,
  "max_retries": 3,
  "current_retry": 3
}
2025-10-29 12:55:34,868 - INFO -    [+] Secure.
2025-10-29 12:55:34,868 - DEBUG - --- [Branch] Secure. Proceeding to Lint. ---
2025-10-29 12:55:34,869 - INFO - --- 3. [Node] Running Linter (format_and_linter) ---
2025-10-29 12:55:34,869 - DEBUG - STATE at entry of [ _lint_check ]:
{
  "user_request": "微分について説明して... (Total: 10 chars)",
  "generation_instructions": "",
  "animation_plan": "Manim で微分を説明するためのシーン生成指示を以下に示します。\n\n---\n\n**Manim で描画すべき図形やテキスト**\n\n*   `Axes()`: 座標軸。\n*   `FunctionGraph(lambda x: x**2, x_range=[-3, 3], color=BLUE)`: 関数 `y = x^2` のグラフ。\n*   `Dot(point=axes.c2p(1, 1**2), color=RED)`: 固定点P。\n*   `Dot(point=axes.c2p(1+dx_initial, (1+dx_initial)**2), color=YELLOW)`: 可動点Q (初期 `dx_initial` は例えば 1)。\n*   `Line(start=point_P.get_center(), end=point_Q.get_center(), color=GREEN)`: PとQを結ぶ割線。\n*   `DashedLine(start=point_P.get_center(), end=axes.c2p(1+dx_initial, 1**2), color=WHITE)`: Δx を示す水平線。\n*   `DashedLine(start=axes.c2p(1+dx_initial, 1**2), end=point_Q.get_center(), color=WHITE)`: Δy を示す垂直線。\n*   `MathTex(r\"\\Delta x\", color=WHITE)`: Δx のラベル。\n*   `MathTex(r\"\\Delta y\", color=WHITE)`: Δy のラベル。\n*   `MathTex(r\"\\frac{\\Delta y}{\\Delta x}\", color=PURPLE)`: 傾きの式。\n*   `MathTex(r\"\\lim_{\\Delta x \\to 0} \\frac{\\Delta y}{\\Delta x} = f'(x)\", color=ORANGE)`: 微分の定義式。\n\n**図形やテキストをどのように動かすか**\n\n1.  `Axes` と `FunctionGraph` を `Create` アニメーションで描画。\n2.  `point_P` と `point_Q` を `FadeIn` で表示。\n3.  `secant_line` と Δx, Δy を示す `DashedLine` およびラベルを `Create` または `FadeIn` で表示。\n4.  `ValueTracker` を使用して `dx` の値を初期値から `0` に近づけるアニメーションを生成。\n    *   `point_Q` を `axes.c2p(1+dx, (1+dx)**2)` に追従させる。\n    *   `secant_line` の終点を `point_Q.get_center()` に追従させる。\n    *   Δx, Δy を示す `DashedLine` とラベルを `dx` の変化に合わせて更新。\n5.  `dx` が `0` に近づくと共に、`secant_line` が `TangentLine(graph, alpha=1/6)` (x=1における接線) に `Transform` するように見せる。この際、`secant_line` の色を `RED` などに変更して強調。\n6.  画面下部に `MathTex(r\"\\frac{\\Delta y}{\\Delta x}\")` を `Write` アニメーションで表示。\n7.  その式を `MathTex(r\"\\lim_{\\Delta x \\to 0} \\frac{\\Delta y}{\\Delta x} = f'(x)\")` に `Transform` アニメーションで変化させる。\n\n**シーン全体の流れ**\n\n1.  座標軸と関数 `y = x^2` のグラフが描かれる。\n2.  グラフ上に固定点Pと、Pから少し離れた可動点Qが表示される。\n3.  PとQを結ぶ割線、およびΔxとΔyを示す線とラベルが表示される。\n4.  点Qが点Pに徐々に近づくアニメーションが開始される。これに伴い、割線とΔx, Δy の表示もリアルタイムで変化する。\n5.  点Qが点Pに限りなく近づくにつれて、割線が点Pにおけるグラフの接線へと変化する様子が視覚的に示される。接線は色を変えて強調される。\n6.  画面下部に「Δy/Δx」という式が表示される。\n7.  その式が「lim Δx→0 (Δy/Δx) = f'(x)」へと変化し、これが導関数であると説明される。\n\n**シーンが見やすいものになるようにするための注意**\n\n*   アニメーションの各ステップ間には十分なポーズ（`self.wait()`）を挿入し、視聴者が内容を理解する時間を確保する。\n*   主要な図形や変化する要素（点Q、割線、接線、Δx、Δy、式）には、視認性の高い異なる色を使用する。\n*   点Qが点Pに近づくアニメーションは、滑らかで連続的に見えるように `ValueTracker` を用いて制御する。\n*   数式は画面中央下など、見やすい位置に配置し、サイズも適切に調整する。",
  "video_id": "string",
  "current_script": "\nfrom manim import *\n\n\nclass GeneratedScene(Scene):\n    def construct(self):\n        # 1. 座標軸と関数 y = x^2 のグラフが描かれる。\n        axes = Axes(\n            x_range=[-3, 3, 1],  # グラフのx_rangeに合わせてAxesのx_range... (Total: 4106 chars)",
  "last_error": "",
  "error_type": "",
  "is_bad_request": false,
  "max_retries": 3,
  "current_retry": 3
}
2025-10-29 12:55:37,050 - INFO -    [+] Linter Passed.
2025-10-29 12:55:37,051 - DEBUG - --- [Branch] Linter Passed. Proceeding to Execute. ---
2025-10-29 12:55:37,051 - INFO - --- 4. [Node] Executing Manim ---
2025-10-29 12:55:37,051 - DEBUG - STATE at entry of [ _execute_script ]:
{
  "user_request": "微分について説明して... (Total: 10 chars)",
  "generation_instructions": "",
  "animation_plan": "Manim で微分を説明するためのシーン生成指示を以下に示します。\n\n---\n\n**Manim で描画すべき図形やテキスト**\n\n*   `Axes()`: 座標軸。\n*   `FunctionGraph(lambda x: x**2, x_range=[-3, 3], color=BLUE)`: 関数 `y = x^2` のグラフ。\n*   `Dot(point=axes.c2p(1, 1**2), color=RED)`: 固定点P。\n*   `Dot(point=axes.c2p(1+dx_initial, (1+dx_initial)**2), color=YELLOW)`: 可動点Q (初期 `dx_initial` は例えば 1)。\n*   `Line(start=point_P.get_center(), end=point_Q.get_center(), color=GREEN)`: PとQを結ぶ割線。\n*   `DashedLine(start=point_P.get_center(), end=axes.c2p(1+dx_initial, 1**2), color=WHITE)`: Δx を示す水平線。\n*   `DashedLine(start=axes.c2p(1+dx_initial, 1**2), end=point_Q.get_center(), color=WHITE)`: Δy を示す垂直線。\n*   `MathTex(r\"\\Delta x\", color=WHITE)`: Δx のラベル。\n*   `MathTex(r\"\\Delta y\", color=WHITE)`: Δy のラベル。\n*   `MathTex(r\"\\frac{\\Delta y}{\\Delta x}\", color=PURPLE)`: 傾きの式。\n*   `MathTex(r\"\\lim_{\\Delta x \\to 0} \\frac{\\Delta y}{\\Delta x} = f'(x)\", color=ORANGE)`: 微分の定義式。\n\n**図形やテキストをどのように動かすか**\n\n1.  `Axes` と `FunctionGraph` を `Create` アニメーションで描画。\n2.  `point_P` と `point_Q` を `FadeIn` で表示。\n3.  `secant_line` と Δx, Δy を示す `DashedLine` およびラベルを `Create` または `FadeIn` で表示。\n4.  `ValueTracker` を使用して `dx` の値を初期値から `0` に近づけるアニメーションを生成。\n    *   `point_Q` を `axes.c2p(1+dx, (1+dx)**2)` に追従させる。\n    *   `secant_line` の終点を `point_Q.get_center()` に追従させる。\n    *   Δx, Δy を示す `DashedLine` とラベルを `dx` の変化に合わせて更新。\n5.  `dx` が `0` に近づくと共に、`secant_line` が `TangentLine(graph, alpha=1/6)` (x=1における接線) に `Transform` するように見せる。この際、`secant_line` の色を `RED` などに変更して強調。\n6.  画面下部に `MathTex(r\"\\frac{\\Delta y}{\\Delta x}\")` を `Write` アニメーションで表示。\n7.  その式を `MathTex(r\"\\lim_{\\Delta x \\to 0} \\frac{\\Delta y}{\\Delta x} = f'(x)\")` に `Transform` アニメーションで変化させる。\n\n**シーン全体の流れ**\n\n1.  座標軸と関数 `y = x^2` のグラフが描かれる。\n2.  グラフ上に固定点Pと、Pから少し離れた可動点Qが表示される。\n3.  PとQを結ぶ割線、およびΔxとΔyを示す線とラベルが表示される。\n4.  点Qが点Pに徐々に近づくアニメーションが開始される。これに伴い、割線とΔx, Δy の表示もリアルタイムで変化する。\n5.  点Qが点Pに限りなく近づくにつれて、割線が点Pにおけるグラフの接線へと変化する様子が視覚的に示される。接線は色を変えて強調される。\n6.  画面下部に「Δy/Δx」という式が表示される。\n7.  その式が「lim Δx→0 (Δy/Δx) = f'(x)」へと変化し、これが導関数であると説明される。\n\n**シーンが見やすいものになるようにするための注意**\n\n*   アニメーションの各ステップ間には十分なポーズ（`self.wait()`）を挿入し、視聴者が内容を理解する時間を確保する。\n*   主要な図形や変化する要素（点Q、割線、接線、Δx、Δy、式）には、視認性の高い異なる色を使用する。\n*   点Qが点Pに近づくアニメーションは、滑らかで連続的に見えるように `ValueTracker` を用いて制御する。\n*   数式は画面中央下など、見やすい位置に配置し、サイズも適切に調整する。",
  "video_id": "string",
  "current_script": "from manim import *\n\n\nclass GeneratedScene(Scene):\n    def construct(self):\n        # 1. 座標軸と関数 y = x^2 のグラフが描かれる。\n        axes = Axes(\n            x_range=[-3, 3, 1],  # グラフのx_rangeに合わせてAxesのx_rangeを... (Total: 4105 chars)",
  "last_error": "",
  "error_type": "",
  "is_bad_request": false,
  "max_retries": 3,
  "current_retry": 3
}
2025-10-29 12:55:38,291 - ERROR -    [!] Execution Failed (Runtime Error).
╭─────────────────────────────── Traceback (most recent call last) ────────────────────────────────╮
│ /workspaces/ai_agent/back/.venv/lib/python3.11/site-packages/manim/cli/render/commands.py:125 in │
│ render                                                                                           │
│                                                                                                  │
│   122 │   │   │   try:                                                                           │
│   123 │   │   │   │   with tempconfig({}):                                                       │
│   124 │   │   │   │   │   scene = SceneClass()                                                   │
│ ❱ 125 │   │   │   │   │   scene.render()                                                         │
│   126 │   │   │   except Exception:                                                              │
│   127 │   │   │   │   error_console.print_exception()                                            │
│   128 │   │   │   │   sys.exit(1)                                                                │
│                                                                                                  │
│ /workspaces/ai_agent/back/.venv/lib/python3.11/site-packages/manim/scene/scene.py:237 in render  │
│                                                                                                  │
│    234 │   │   """                                                                               │
│    235 │   │   self.setup()                                                                      │
│    236 │   │   try:                                                                              │
│ ❱  237 │   │   │   self.construct()                                                              │
│    238 │   │   except EndSceneEarlyException:                                                    │
│    239 │   │   │   pass                                                                          │
│    240 │   │   except RerunSceneException:                                                       │
│                                                                                                  │
│ /workspaces/ai_agent/back/tmp/string.py:13 in construct                                          │
│                                                                                                  │
│    10 │   │   │   axis_config={"color": BLUE},                                                   │
│    11 │   │   )                                                                                  │
│    12 │   │   # TypeErrorを修正: get_graph()のcolor引数はgraph_config辞書内で指定する必要があ    │
│ ❱  13 │   │   graph = axes.get_graph(lambda x: x**2, graph_config={"color": BLUE})               │
│    14 │   │                                                                                      │
│    15 │   │   self.play(Create(axes), Create(graph))                                             │
│    16 │   │   self.wait(1)                                                                       │
╰──────────────────────────────────────────────────────────────────────────────────────────────────╯
TypeError: Mobject.__getattr__.<locals>.getter() got an unexpected keyword argument 'graph_config'

2025-10-29 12:55:38,295 - WARNING - --- [Branch] Max Retries Reached (Runtime Error). Ending. ---
2025-10-29 12:55:38,296 - ERROR - --- Graph Finished: Error (Max Retries Reached) ---
2025-10-30 09:51:32,201 - INFO - Using dummy prompts as prompts.toml not found.
2025-10-30 09:51:32,276 - INFO - ManimAnimationService initialized.
2025-10-30 09:51:32,276 - INFO - --- Starting Graph for Video ID: impact_factor (Max Retries: 3) ---
2025-10-30 09:51:32,279 - INFO - --- 1. [Node] Generating Initial Script ---
2025-10-30 09:51:32,280 - DEBUG - STATE at entry of [ _generate_initial_script ]:
{
  "user_request": "長方形ABCD（A左下, B左上, C右上, D右下）。AB=4cm（縦）, AD=8cm（横）。点Pを1cm/sでA→B→C→Dに等速移動（Dで終了）。左に長方形と三角形ADPを表示し、△ADPをピンクで塗る。頂点A,B,C,Dを表示。辺の長さはAB左外に「4cm」、AD下外に「8cm」だけ表示。右にArea(△ADP)と時刻tのグラフ：全体の曲線は薄灰、進捗は黄色、移動点と縦横の破線ガイドを出... (Total: 264 chars)",
  "generation_instructions": "",
  "animation_plan": "",
  "video_id": "impact_factor",
  "current_script": "",
  "last_error": "",
  "error_type": "",
  "is_bad_request": false,
  "max_retries": 3,
  "current_retry": 0
}
2025-10-30 09:55:12,042 - INFO - Using dummy prompts as prompts.toml not found.
2025-10-30 09:55:12,115 - INFO - ManimAnimationService initialized.
2025-10-30 09:55:12,115 - INFO - --- Starting Graph for Video ID: impact_factor (Max Retries: 3) ---
2025-10-30 09:55:12,117 - INFO - --- 1. [Node] Generating Initial Script ---
2025-10-30 09:55:12,118 - DEBUG - STATE at entry of [ _generate_initial_script ]:
{
  "user_request": "長方形ABCD（A左下, B左上, C右上, D右下）。AB=4cm（縦）, AD=8cm（横）。点Pを1cm/sでA→B→C→Dに等速移動（Dで終了）。左に長方形と三角形ADPを表示し、△ADPをピンクで塗る。頂点A,B,C,Dを表示。辺の長さはAB左外に「4cm」、AD下外に「8cm」だけ表示。右にArea(△ADP)と時刻tのグラフ：全体の曲線は薄灰、進捗は黄色、移動点と縦横の破線ガイドを出... (Total: 264 chars)",
  "generation_instructions": "",
  "animation_plan": "",
  "video_id": "impact_factor",
  "current_script": "",
  "last_error": "",
  "error_type": "",
  "is_bad_request": false,
  "max_retries": 3,
  "current_retry": 0
}
2025-10-30 09:56:08,943 - INFO - Using dummy prompts as prompts.toml not found.
2025-10-30 09:56:09,003 - INFO - ManimAnimationService initialized.
2025-10-30 09:56:09,003 - INFO - --- Starting Graph for Video ID: impact_factor (Max Retries: 3) ---
2025-10-30 09:56:09,005 - INFO - --- 1. [Node] Generating Initial Script ---
2025-10-30 09:56:09,005 - DEBUG - STATE at entry of [ _generate_initial_script ]:
{
  "user_request": "長方形ABCD（A左下, B左上, C右上, D右下）。AB=4cm（縦）, AD=8cm（横）。点Pを1cm/sでA→B→C→Dに等速移動（Dで終了）。左に長方形と三角形ADPを表示し、△ADPをピンクで塗る。頂点A,B,C,Dを表示。辺の長さはAB左外に「4cm」、AD下外に「8cm」だけ表示。右にArea(△ADP)と時刻tのグラフ：全体の曲線は薄灰、進捗は黄色、移動点と縦横の破線ガイドを出... (Total: 264 chars)",
  "generation_instructions": "",
  "animation_plan": "",
  "video_id": "impact_factor",
  "current_script": "",
  "last_error": "",
  "error_type": "",
  "is_bad_request": false,
  "max_retries": 3,
  "current_retry": 0
}
2025-10-30 09:57:35,400 - INFO - --- 取得した中間出力 (Planner) ---
2025-10-30 09:57:35,403 - INFO - ## アニメーション企画案：動点Pと三角形の面積変化

この企画は、幾何学的な動きとそれによって生成される関数のグラフを視覚的に結びつけるアニメーションです。

---

### 1. 全体構成

画面を左右に分割します。
*   **左側:** 長方形ABCDと点Pの移動、および三角形ADPの描画。
*   **右側:** 時刻tに対する三角形ADPの面積のグラフ表示。
*   **画面上部:** 現在の面積と時刻の数値を表示。

### 2. 左側の描画要素：長方形と動点P

#### 2.1. 長方形ABCD

*   **配置:** 画面の左半分の中央に配置し、周囲に十分な余白を設ける。
*   **頂点:**
    *   A: 左下
    *   B: 左上
    *   C: 右上
    *   D: 右下
    *   （一般的な数学座標系を想定し、Y軸が上方向を正とします。例: A=(x,y), B=(x,y+4), C=(x+8,y+4), D=(x+8,y)）
*   **辺の長さ:**
    *   AB（縦）= 4cm
    *   AD（横）= 8cm
*   **描画:** 長方形の辺は黒い線で描画。
*   **頂点ラベル:** 各頂点に「A」「B」「C」「D」と表示。
*   **辺の長さ表示:**
    *   辺ABの左側（外側）に「4cm」と表示。
    *   辺ADの下側（外側）に「8cm」と表示。

#### 2.2. 点Pの移動

*   **経路:** A → B → C → D の順に移動し、Dで終了。
*   **速度:** 1cm/s の等速移動。
*   **描画:** 点Pは小さな円（例: 赤色の円）で表示。

#### 2.3. 三角形ADP

*   **描画:** 頂点A、D、および現在の点Pを結んでできる三角形ADPを、**ピンク色**で塗りつぶす。三角形の辺も描画する。

#### 2.4. 点Pの座標とArea(△ADP)の計算

（内部処理用。アニメーションの実装時に参照。）

*   **基準:** Aを原点(0,0)とします。
    *   A = (0, 0)
    *   B = (0, 4)
    *   C = (8, 4)
    *   D = (8, 0)

*   **Case 1: PがA→B上にあるとき (0 ≤ t ≤ 4)**
    *   Pの座標: (0, t)
    *   Area(△ADP) = (1/2) × 底辺AP × 高さDのX座標 = (1/2) × t × 8 = **4t**
    *   t=0: Area=0
    *   t=4: Area=16

*   **Case 2: PがB→C上にあるとき (4 < t ≤ 12)**
    *   Pの座標: (t-4, 4)
    *   Area(△ADP) = (1/2) × 底辺AD × 高さPのY座標 = (1/2) × 8 × 4 = **16**
    *   t=12: Area=16

*   **Case 3: PがC→D上にあるとき (12 < t ≤ 16)**
    *   Pの座標: (8, 16-t)
    *   Area(△ADP) = (1/2) × 底辺AD × 高さPのY座標 = (1/2) × 8 × (16-t) = **4(16-t) = 64 - 4t**
    *   t=16: Area=0

---

### 3. 右側の描画要素：面積と時刻のグラフ

#### 3.1. グラフの軸

*   **X軸:** 時刻 t (0秒から16秒まで)
*   **Y軸:** Area(△ADP) (0cm²から16cm²まで)
*   **描画:** 軸は黒い線で描画。目盛り線や主要な目盛りラベル（例: X軸に4, 8, 12, 16、Y軸に4, 8, 12, 16）があると分かりやすい。

#### 3.2. 全体の曲線

*   **形状:** (0,0) → (4,16) → (12,16) → (16,0) を結ぶ折れ線グラフ。
*   **描画:** グラフ全体を**薄灰色の線**で描画。

#### 3.3. 進捗表示

*   **描画:** 現在の時刻tまでのグラフの区間を、**黄色の線**で上書きして表示。

#### 3.4. 移動点とガイド線

*   **移動点:** 現在の(t, Area(t))の位置に小さな円（例: 赤色の円）を描画。
*   **破線ガイド:**
    *   移動点からX軸へ垂直に伸びる**破線**。
    *   移動点からY軸へ水平に伸びる**破線**。

---

### 4. 画面上部の数値表示

*   **左上:** 「Area(△ADP)= [現在のArea値]」
    *   例: 「Area(△ADP)= 8.0」
    *   小数点以下1桁まで表示。単位はなし。
*   **右上:** 「t= [現在のt値]」
    *   例: 「t= 2.0」
    *   小数点以下1桁まで表示。単位はなし。

---

### 5. アニメーションの動作

1.  時刻tが0秒から始まり、16秒まで1秒間に1ずつ増加します。
2.  各時刻tにおいて、点Pの現在位置、Area(△ADP)の値を計算します。
3.  左側の長方形と点P、△ADPの描画を更新します。
4.  右側のグラフの進捗（黄色い線）と移動点、破線ガイドを更新します。
5.  画面上部の数値表示を更新します。
6.  Dに到達（t=16）した時点でアニメーションは終了します。

---

### 6. レイアウトの指示

*   画面全体は、標準的なアスペクト比（例: 16:9）のキャンバスを使用します。
*   左側の長方形の図と右側のグラフは、それぞれ画面の左右半分に収まるように配置します。
*   上下左右に十分な余白を確保し、要素が画面端に密着しないようにします。
*   文字サイズは、遠くからでも読みやすいように十分に大きくします。
*   線の太さや色のコントラストを考慮し、視認性を高めます。

---

この企画案は、視覚的に分かりやすく、教育的な価値も高いアニメーションを提供することを目指します。
2025-10-30 09:57:35,404 - INFO - -----------------------------------
2025-10-30 09:57:35,404 - DEBUG -    [+] Initial script generated (length: 6335)
2025-10-30 09:57:35,411 - INFO - --- 2. [Node] Checking Security ---
2025-10-30 09:57:35,411 - DEBUG - STATE at entry of [ _check_bad_request ]:
{
  "user_request": "長方形ABCD（A左下, B左上, C右上, D右下）。AB=4cm（縦）, AD=8cm（横）。点Pを1cm/sでA→B→C→Dに等速移動（Dで終了）。左に長方形と三角形ADPを表示し、△ADPをピンクで塗る。頂点A,B,C,Dを表示。辺の長さはAB左外に「4cm」、AD下外に「8cm」だけ表示。右にArea(△ADP)と時刻tのグラフ：全体の曲線は薄灰、進捗は黄色、移動点と縦横の破線ガイドを出... (Total: 264 chars)",
  "generation_instructions": "",
  "animation_plan": "## アニメーション企画案：動点Pと三角形の面積変化\n\nこの企画は、幾何学的な動きとそれによって生成される関数のグラフを視覚的に結びつけるアニメーションです。\n\n---\n\n### 1. 全体構成\n\n画面を左右に分割します。\n*   **左側:** 長方形ABCDと点Pの移動、および三角形ADPの描画。\n*   **右側:** 時刻tに対する三角形ADPの面積のグラフ表示。\n*   **画面上部:** 現在の面積と時刻の数値を表示。\n\n### 2. 左側の描画要素：長方形と動点P\n\n#### 2.1. 長方形ABCD\n\n*   **配置:** 画面の左半分の中央に配置し、周囲に十分な余白を設ける。\n*   **頂点:**\n    *   A: 左下\n    *   B: 左上\n    *   C: 右上\n    *   D: 右下\n    *   （一般的な数学座標系を想定し、Y軸が上方向を正とします。例: A=(x,y), B=(x,y+4), C=(x+8,y+4), D=(x+8,y)）\n*   **辺の長さ:**\n    *   AB（縦）= 4cm\n    *   AD（横）= 8cm\n*   **描画:** 長方形の辺は黒い線で描画。\n*   **頂点ラベル:** 各頂点に「A」「B」「C」「D」と表示。\n*   **辺の長さ表示:**\n    *   辺ABの左側（外側）に「4cm」と表示。\n    *   辺ADの下側（外側）に「8cm」と表示。\n\n#### 2.2. 点Pの移動\n\n*   **経路:** A → B → C → D の順に移動し、Dで終了。\n*   **速度:** 1cm/s の等速移動。\n*   **描画:** 点Pは小さな円（例: 赤色の円）で表示。\n\n#### 2.3. 三角形ADP\n\n*   **描画:** 頂点A、D、および現在の点Pを結んでできる三角形ADPを、**ピンク色**で塗りつぶす。三角形の辺も描画する。\n\n#### 2.4. 点Pの座標とArea(△ADP)の計算\n\n（内部処理用。アニメーションの実装時に参照。）\n\n*   **基準:** Aを原点(0,0)とします。\n    *   A = (0, 0)\n    *   B = (0, 4)\n    *   C = (8, 4)\n    *   D = (8, 0)\n\n*   **Case 1: PがA→B上にあるとき (0 ≤ t ≤ 4)**\n    *   Pの座標: (0, t)\n    *   Area(△ADP) = (1/2) × 底辺AP × 高さDのX座標 = (1/2) × t × 8 = **4t**\n    *   t=0: Area=0\n    *   t=4: Area=16\n\n*   **Case 2: PがB→C上にあるとき (4 < t ≤ 12)**\n    *   Pの座標: (t-4, 4)\n    *   Area(△ADP) = (1/2) × 底辺AD × 高さPのY座標 = (1/2) × 8 × 4 = **16**\n    *   t=12: Area=16\n\n*   **Case 3: PがC→D上にあるとき (12 < t ≤ 16)**\n    *   Pの座標: (8, 16-t)\n    *   Area(△ADP) = (1/2) × 底辺AD × 高さPのY座標 = (1/2) × 8 × (16-t) = **4(16-t) = 64 - 4t**\n    *   t=16: Area=0\n\n---\n\n### 3. 右側の描画要素：面積と時刻のグラフ\n\n#### 3.1. グラフの軸\n\n*   **X軸:** 時刻 t (0秒から16秒まで)\n*   **Y軸:** Area(△ADP) (0cm²から16cm²まで)\n*   **描画:** 軸は黒い線で描画。目盛り線や主要な目盛りラベル（例: X軸に4, 8, 12, 16、Y軸に4, 8, 12, 16）があると分かりやすい。\n\n#### 3.2. 全体の曲線\n\n*   **形状:** (0,0) → (4,16) → (12,16) → (16,0) を結ぶ折れ線グラフ。\n*   **描画:** グラフ全体を**薄灰色の線**で描画。\n\n#### 3.3. 進捗表示\n\n*   **描画:** 現在の時刻tまでのグラフの区間を、**黄色の線**で上書きして表示。\n\n#### 3.4. 移動点とガイド線\n\n*   **移動点:** 現在の(t, Area(t))の位置に小さな円（例: 赤色の円）を描画。\n*   **破線ガイド:**\n    *   移動点からX軸へ垂直に伸びる**破線**。\n    *   移動点からY軸へ水平に伸びる**破線**。\n\n---\n\n### 4. 画面上部の数値表示\n\n*   **左上:** 「Area(△ADP)= [現在のArea値]」\n    *   例: 「Area(△ADP)= 8.0」\n    *   小数点以下1桁まで表示。単位はなし。\n*   **右上:** 「t= [現在のt値]」\n    *   例: 「t= 2.0」\n    *   小数点以下1桁まで表示。単位はなし。\n\n---\n\n### 5. アニメーションの動作\n\n1.  時刻tが0秒から始まり、16秒まで1秒間に1ずつ増加します。\n2.  各時刻tにおいて、点Pの現在位置、Area(△ADP)の値を計算します。\n3.  左側の長方形と点P、△ADPの描画を更新します。\n4.  右側のグラフの進捗（黄色い線）と移動点、破線ガイドを更新します。\n5.  画面上部の数値表示を更新します。\n6.  Dに到達（t=16）した時点でアニメーションは終了します。\n\n---\n\n### 6. レイアウトの指示\n\n*   画面全体は、標準的なアスペクト比（例: 16:9）のキャンバスを使用します。\n*   左側の長方形の図と右側のグラフは、それぞれ画面の左右半分に収まるように配置します。\n*   上下左右に十分な余白を確保し、要素が画面端に密着しないようにします。\n*   文字サイズは、遠くからでも読みやすいように十分に大きくします。\n*   線の太さや色のコントラストを考慮し、視認性を高めます。\n\n---\n\nこの企画案は、視覚的に分かりやすく、教育的な価値も高いアニメーションを提供することを目指します。",
  "video_id": "impact_factor",
  "current_script": "はい、承知いたしました。ご提示いただいた詳細な企画案に基づき、PythonのManimライブラリを使用してアニメーションを生成するスクリプトを作成します。\n\nこのスクリプトを `manim` コマンドで実行すると、企画案通りの動画ファイルが生成されます。\n\n---\n\n### Manimスクリプト\n\n以下のコードを `scene.py` のような名前で保存してください。\n\n\nfrom manim i... (Total: 6335 chars)",
  "last_error": "",
  "error_type": "",
  "is_bad_request": false,
  "max_retries": 3,
  "current_retry": 0
}
2025-10-30 09:57:35,412 - INFO -    [+] Secure.
2025-10-30 09:57:35,412 - DEBUG - --- [Branch] Secure. Proceeding to Lint. ---
2025-10-30 09:57:35,413 - INFO - --- 3. [Node] Running Linter (format_and_linter) ---
2025-10-30 09:57:35,413 - DEBUG - STATE at entry of [ _lint_check ]:
{
  "user_request": "長方形ABCD（A左下, B左上, C右上, D右下）。AB=4cm（縦）, AD=8cm（横）。点Pを1cm/sでA→B→C→Dに等速移動（Dで終了）。左に長方形と三角形ADPを表示し、△ADPをピンクで塗る。頂点A,B,C,Dを表示。辺の長さはAB左外に「4cm」、AD下外に「8cm」だけ表示。右にArea(△ADP)と時刻tのグラフ：全体の曲線は薄灰、進捗は黄色、移動点と縦横の破線ガイドを出... (Total: 264 chars)",
  "generation_instructions": "",
  "animation_plan": "## アニメーション企画案：動点Pと三角形の面積変化\n\nこの企画は、幾何学的な動きとそれによって生成される関数のグラフを視覚的に結びつけるアニメーションです。\n\n---\n\n### 1. 全体構成\n\n画面を左右に分割します。\n*   **左側:** 長方形ABCDと点Pの移動、および三角形ADPの描画。\n*   **右側:** 時刻tに対する三角形ADPの面積のグラフ表示。\n*   **画面上部:** 現在の面積と時刻の数値を表示。\n\n### 2. 左側の描画要素：長方形と動点P\n\n#### 2.1. 長方形ABCD\n\n*   **配置:** 画面の左半分の中央に配置し、周囲に十分な余白を設ける。\n*   **頂点:**\n    *   A: 左下\n    *   B: 左上\n    *   C: 右上\n    *   D: 右下\n    *   （一般的な数学座標系を想定し、Y軸が上方向を正とします。例: A=(x,y), B=(x,y+4), C=(x+8,y+4), D=(x+8,y)）\n*   **辺の長さ:**\n    *   AB（縦）= 4cm\n    *   AD（横）= 8cm\n*   **描画:** 長方形の辺は黒い線で描画。\n*   **頂点ラベル:** 各頂点に「A」「B」「C」「D」と表示。\n*   **辺の長さ表示:**\n    *   辺ABの左側（外側）に「4cm」と表示。\n    *   辺ADの下側（外側）に「8cm」と表示。\n\n#### 2.2. 点Pの移動\n\n*   **経路:** A → B → C → D の順に移動し、Dで終了。\n*   **速度:** 1cm/s の等速移動。\n*   **描画:** 点Pは小さな円（例: 赤色の円）で表示。\n\n#### 2.3. 三角形ADP\n\n*   **描画:** 頂点A、D、および現在の点Pを結んでできる三角形ADPを、**ピンク色**で塗りつぶす。三角形の辺も描画する。\n\n#### 2.4. 点Pの座標とArea(△ADP)の計算\n\n（内部処理用。アニメーションの実装時に参照。）\n\n*   **基準:** Aを原点(0,0)とします。\n    *   A = (0, 0)\n    *   B = (0, 4)\n    *   C = (8, 4)\n    *   D = (8, 0)\n\n*   **Case 1: PがA→B上にあるとき (0 ≤ t ≤ 4)**\n    *   Pの座標: (0, t)\n    *   Area(△ADP) = (1/2) × 底辺AP × 高さDのX座標 = (1/2) × t × 8 = **4t**\n    *   t=0: Area=0\n    *   t=4: Area=16\n\n*   **Case 2: PがB→C上にあるとき (4 < t ≤ 12)**\n    *   Pの座標: (t-4, 4)\n    *   Area(△ADP) = (1/2) × 底辺AD × 高さPのY座標 = (1/2) × 8 × 4 = **16**\n    *   t=12: Area=16\n\n*   **Case 3: PがC→D上にあるとき (12 < t ≤ 16)**\n    *   Pの座標: (8, 16-t)\n    *   Area(△ADP) = (1/2) × 底辺AD × 高さPのY座標 = (1/2) × 8 × (16-t) = **4(16-t) = 64 - 4t**\n    *   t=16: Area=0\n\n---\n\n### 3. 右側の描画要素：面積と時刻のグラフ\n\n#### 3.1. グラフの軸\n\n*   **X軸:** 時刻 t (0秒から16秒まで)\n*   **Y軸:** Area(△ADP) (0cm²から16cm²まで)\n*   **描画:** 軸は黒い線で描画。目盛り線や主要な目盛りラベル（例: X軸に4, 8, 12, 16、Y軸に4, 8, 12, 16）があると分かりやすい。\n\n#### 3.2. 全体の曲線\n\n*   **形状:** (0,0) → (4,16) → (12,16) → (16,0) を結ぶ折れ線グラフ。\n*   **描画:** グラフ全体を**薄灰色の線**で描画。\n\n#### 3.3. 進捗表示\n\n*   **描画:** 現在の時刻tまでのグラフの区間を、**黄色の線**で上書きして表示。\n\n#### 3.4. 移動点とガイド線\n\n*   **移動点:** 現在の(t, Area(t))の位置に小さな円（例: 赤色の円）を描画。\n*   **破線ガイド:**\n    *   移動点からX軸へ垂直に伸びる**破線**。\n    *   移動点からY軸へ水平に伸びる**破線**。\n\n---\n\n### 4. 画面上部の数値表示\n\n*   **左上:** 「Area(△ADP)= [現在のArea値]」\n    *   例: 「Area(△ADP)= 8.0」\n    *   小数点以下1桁まで表示。単位はなし。\n*   **右上:** 「t= [現在のt値]」\n    *   例: 「t= 2.0」\n    *   小数点以下1桁まで表示。単位はなし。\n\n---\n\n### 5. アニメーションの動作\n\n1.  時刻tが0秒から始まり、16秒まで1秒間に1ずつ増加します。\n2.  各時刻tにおいて、点Pの現在位置、Area(△ADP)の値を計算します。\n3.  左側の長方形と点P、△ADPの描画を更新します。\n4.  右側のグラフの進捗（黄色い線）と移動点、破線ガイドを更新します。\n5.  画面上部の数値表示を更新します。\n6.  Dに到達（t=16）した時点でアニメーションは終了します。\n\n---\n\n### 6. レイアウトの指示\n\n*   画面全体は、標準的なアスペクト比（例: 16:9）のキャンバスを使用します。\n*   左側の長方形の図と右側のグラフは、それぞれ画面の左右半分に収まるように配置します。\n*   上下左右に十分な余白を確保し、要素が画面端に密着しないようにします。\n*   文字サイズは、遠くからでも読みやすいように十分に大きくします。\n*   線の太さや色のコントラストを考慮し、視認性を高めます。\n\n---\n\nこの企画案は、視覚的に分かりやすく、教育的な価値も高いアニメーションを提供することを目指します。",
  "video_id": "impact_factor",
  "current_script": "はい、承知いたしました。ご提示いただいた詳細な企画案に基づき、PythonのManimライブラリを使用してアニメーションを生成するスクリプトを作成します。\n\nこのスクリプトを `manim` コマンドで実行すると、企画案通りの動画ファイルが生成されます。\n\n---\n\n### Manimスクリプト\n\n以下のコードを `scene.py` のような名前で保存してください。\n\n\nfrom manim i... (Total: 6335 chars)",
  "last_error": "",
  "error_type": "",
  "is_bad_request": false,
  "max_retries": 3,
  "current_retry": 0
}
2025-10-30 09:57:35,415 - INFO -    [+] Linter Passed.
2025-10-30 09:57:35,416 - DEBUG - --- [Branch] Linter Passed. Proceeding to Execute. ---
2025-10-30 09:57:35,417 - INFO - --- 4. [Node] Executing Manim ---
2025-10-30 09:57:35,417 - DEBUG - STATE at entry of [ _execute_script ]:
{
  "user_request": "長方形ABCD（A左下, B左上, C右上, D右下）。AB=4cm（縦）, AD=8cm（横）。点Pを1cm/sでA→B→C→Dに等速移動（Dで終了）。左に長方形と三角形ADPを表示し、△ADPをピンクで塗る。頂点A,B,C,Dを表示。辺の長さはAB左外に「4cm」、AD下外に「8cm」だけ表示。右にArea(△ADP)と時刻tのグラフ：全体の曲線は薄灰、進捗は黄色、移動点と縦横の破線ガイドを出... (Total: 264 chars)",
  "generation_instructions": "",
  "animation_plan": "## アニメーション企画案：動点Pと三角形の面積変化\n\nこの企画は、幾何学的な動きとそれによって生成される関数のグラフを視覚的に結びつけるアニメーションです。\n\n---\n\n### 1. 全体構成\n\n画面を左右に分割します。\n*   **左側:** 長方形ABCDと点Pの移動、および三角形ADPの描画。\n*   **右側:** 時刻tに対する三角形ADPの面積のグラフ表示。\n*   **画面上部:** 現在の面積と時刻の数値を表示。\n\n### 2. 左側の描画要素：長方形と動点P\n\n#### 2.1. 長方形ABCD\n\n*   **配置:** 画面の左半分の中央に配置し、周囲に十分な余白を設ける。\n*   **頂点:**\n    *   A: 左下\n    *   B: 左上\n    *   C: 右上\n    *   D: 右下\n    *   （一般的な数学座標系を想定し、Y軸が上方向を正とします。例: A=(x,y), B=(x,y+4), C=(x+8,y+4), D=(x+8,y)）\n*   **辺の長さ:**\n    *   AB（縦）= 4cm\n    *   AD（横）= 8cm\n*   **描画:** 長方形の辺は黒い線で描画。\n*   **頂点ラベル:** 各頂点に「A」「B」「C」「D」と表示。\n*   **辺の長さ表示:**\n    *   辺ABの左側（外側）に「4cm」と表示。\n    *   辺ADの下側（外側）に「8cm」と表示。\n\n#### 2.2. 点Pの移動\n\n*   **経路:** A → B → C → D の順に移動し、Dで終了。\n*   **速度:** 1cm/s の等速移動。\n*   **描画:** 点Pは小さな円（例: 赤色の円）で表示。\n\n#### 2.3. 三角形ADP\n\n*   **描画:** 頂点A、D、および現在の点Pを結んでできる三角形ADPを、**ピンク色**で塗りつぶす。三角形の辺も描画する。\n\n#### 2.4. 点Pの座標とArea(△ADP)の計算\n\n（内部処理用。アニメーションの実装時に参照。）\n\n*   **基準:** Aを原点(0,0)とします。\n    *   A = (0, 0)\n    *   B = (0, 4)\n    *   C = (8, 4)\n    *   D = (8, 0)\n\n*   **Case 1: PがA→B上にあるとき (0 ≤ t ≤ 4)**\n    *   Pの座標: (0, t)\n    *   Area(△ADP) = (1/2) × 底辺AP × 高さDのX座標 = (1/2) × t × 8 = **4t**\n    *   t=0: Area=0\n    *   t=4: Area=16\n\n*   **Case 2: PがB→C上にあるとき (4 < t ≤ 12)**\n    *   Pの座標: (t-4, 4)\n    *   Area(△ADP) = (1/2) × 底辺AD × 高さPのY座標 = (1/2) × 8 × 4 = **16**\n    *   t=12: Area=16\n\n*   **Case 3: PがC→D上にあるとき (12 < t ≤ 16)**\n    *   Pの座標: (8, 16-t)\n    *   Area(△ADP) = (1/2) × 底辺AD × 高さPのY座標 = (1/2) × 8 × (16-t) = **4(16-t) = 64 - 4t**\n    *   t=16: Area=0\n\n---\n\n### 3. 右側の描画要素：面積と時刻のグラフ\n\n#### 3.1. グラフの軸\n\n*   **X軸:** 時刻 t (0秒から16秒まで)\n*   **Y軸:** Area(△ADP) (0cm²から16cm²まで)\n*   **描画:** 軸は黒い線で描画。目盛り線や主要な目盛りラベル（例: X軸に4, 8, 12, 16、Y軸に4, 8, 12, 16）があると分かりやすい。\n\n#### 3.2. 全体の曲線\n\n*   **形状:** (0,0) → (4,16) → (12,16) → (16,0) を結ぶ折れ線グラフ。\n*   **描画:** グラフ全体を**薄灰色の線**で描画。\n\n#### 3.3. 進捗表示\n\n*   **描画:** 現在の時刻tまでのグラフの区間を、**黄色の線**で上書きして表示。\n\n#### 3.4. 移動点とガイド線\n\n*   **移動点:** 現在の(t, Area(t))の位置に小さな円（例: 赤色の円）を描画。\n*   **破線ガイド:**\n    *   移動点からX軸へ垂直に伸びる**破線**。\n    *   移動点からY軸へ水平に伸びる**破線**。\n\n---\n\n### 4. 画面上部の数値表示\n\n*   **左上:** 「Area(△ADP)= [現在のArea値]」\n    *   例: 「Area(△ADP)= 8.0」\n    *   小数点以下1桁まで表示。単位はなし。\n*   **右上:** 「t= [現在のt値]」\n    *   例: 「t= 2.0」\n    *   小数点以下1桁まで表示。単位はなし。\n\n---\n\n### 5. アニメーションの動作\n\n1.  時刻tが0秒から始まり、16秒まで1秒間に1ずつ増加します。\n2.  各時刻tにおいて、点Pの現在位置、Area(△ADP)の値を計算します。\n3.  左側の長方形と点P、△ADPの描画を更新します。\n4.  右側のグラフの進捗（黄色い線）と移動点、破線ガイドを更新します。\n5.  画面上部の数値表示を更新します。\n6.  Dに到達（t=16）した時点でアニメーションは終了します。\n\n---\n\n### 6. レイアウトの指示\n\n*   画面全体は、標準的なアスペクト比（例: 16:9）のキャンバスを使用します。\n*   左側の長方形の図と右側のグラフは、それぞれ画面の左右半分に収まるように配置します。\n*   上下左右に十分な余白を確保し、要素が画面端に密着しないようにします。\n*   文字サイズは、遠くからでも読みやすいように十分に大きくします。\n*   線の太さや色のコントラストを考慮し、視認性を高めます。\n\n---\n\nこの企画案は、視覚的に分かりやすく、教育的な価値も高いアニメーションを提供することを目指します。",
  "video_id": "impact_factor",
  "current_script": "はい、承知いたしました。ご提示いただいた詳細な企画案に基づき、PythonのManimライブラリを使用してアニメーションを生成するスクリプトを作成します。\n\nこのスクリプトを `manim` コマンドで実行すると、企画案通りの動画ファイルが生成されます。\n\n---\n\n### Manimスクリプト\n\n以下のコードを `scene.py` のような名前で保存してください。\n\n\nfrom manim i... (Total: 6335 chars)",
  "last_error": "",
  "error_type": "",
  "is_bad_request": false,
  "max_retries": 3,
  "current_retry": 0
}
2025-10-30 09:57:38,015 - ERROR -    [!] Execution Failed (Runtime Error).
Traceback (most recent call last):
  File "/workspaces/ai_agent/back/.venv/bin/manim", line 10, in <module>
    sys.exit(main())
             ^^^^^^
  File "/workspaces/ai_agent/back/.venv/lib/python3.11/site-packages/click/core.py", line 1462, in __call__
    return self.main(*args, **kwargs)
           ^^^^^^^^^^^^^^^^^^^^^^^^^^
  File "/workspaces/ai_agent/back/.venv/lib/python3.11/site-packages/click/core.py", line 1383, in main
    rv = self.invoke(ctx)
         ^^^^^^^^^^^^^^^^
  File "/workspaces/ai_agent/back/.venv/lib/python3.11/site-packages/click/core.py", line 1850, in invoke
    return _process_result(sub_ctx.command.invoke(sub_ctx))
                           ^^^^^^^^^^^^^^^^^^^^^^^^^^^^^^^
  File "/workspaces/ai_agent/back/.venv/lib/python3.11/site-packages/click/core.py", line 1246, in invoke
    return ctx.invoke(self.callback, **ctx.params)
           ^^^^^^^^^^^^^^^^^^^^^^^^^^^^^^^^^^^^^^^
  File "/workspaces/ai_agent/back/.venv/lib/python3.11/site-packages/click/core.py", line 814, in invoke
    return callback(*args, **kwargs)
           ^^^^^^^^^^^^^^^^^^^^^^^^^
  File "/workspaces/ai_agent/back/.venv/lib/python3.11/site-packages/manim/cli/render/commands.py", line 121, in render
    for SceneClass in scene_classes_from_file(file):
                      ^^^^^^^^^^^^^^^^^^^^^^^^^^^^^
  File "/workspaces/ai_agent/back/.venv/lib/python3.11/site-packages/manim/utils/module_ops.py", line 167, in scene_classes_from_file
    module = get_module(file_path)
             ^^^^^^^^^^^^^^^^^^^^^
  File "/workspaces/ai_agent/back/.venv/lib/python3.11/site-packages/manim/utils/module_ops.py", line 67, in get_module
    spec.loader.exec_module(module)
  File "<frozen importlib._bootstrap_external>", line 936, in exec_module
  File "<frozen importlib._bootstrap_external>", line 1074, in get_code
  File "<frozen importlib._bootstrap_external>", line 1004, in source_to_code
  File "<frozen importlib._bootstrap>", line 241, in _call_with_frames_removed
  File "/workspaces/ai_agent/back/tmp/impact_factor.py", line 1
    はい、承知いたしました。ご提示いただいた詳細な企画案に基づき、PythonのManimライブラリを使用してアニメーションを生成するスクリプトを作成します。
      ^
SyntaxError: invalid character '、' (U+3001)

2025-10-30 09:57:38,016 - WARNING -    [!] Parsed error (for LLM refine):
Line 10: Traceback (most recent call last):
  File "/workspaces/ai_agent/back/.venv/bin/manim", line 10, in <
2025-10-30 09:57:38,016 - INFO - --- [Branch] Runtime Error. Proceeding to Refine. ---
2025-10-30 09:57:38,017 - INFO - --- 5. [Node] Refining Script (Attempt 1) ---
2025-10-30 09:57:38,017 - DEBUG - STATE at entry of [ _refine_script_on_error ]:
{
  "user_request": "長方形ABCD（A左下, B左上, C右上, D右下）。AB=4cm（縦）, AD=8cm（横）。点Pを1cm/sでA→B→C→Dに等速移動（Dで終了）。左に長方形と三角形ADPを表示し、△ADPをピンクで塗る。頂点A,B,C,Dを表示。辺の長さはAB左外に「4cm」、AD下外に「8cm」だけ表示。右にArea(△ADP)と時刻tのグラフ：全体の曲線は薄灰、進捗は黄色、移動点と縦横の破線ガイドを出... (Total: 264 chars)",
  "generation_instructions": "",
  "animation_plan": "## アニメーション企画案：動点Pと三角形の面積変化\n\nこの企画は、幾何学的な動きとそれによって生成される関数のグラフを視覚的に結びつけるアニメーションです。\n\n---\n\n### 1. 全体構成\n\n画面を左右に分割します。\n*   **左側:** 長方形ABCDと点Pの移動、および三角形ADPの描画。\n*   **右側:** 時刻tに対する三角形ADPの面積のグラフ表示。\n*   **画面上部:** 現在の面積と時刻の数値を表示。\n\n### 2. 左側の描画要素：長方形と動点P\n\n#### 2.1. 長方形ABCD\n\n*   **配置:** 画面の左半分の中央に配置し、周囲に十分な余白を設ける。\n*   **頂点:**\n    *   A: 左下\n    *   B: 左上\n    *   C: 右上\n    *   D: 右下\n    *   （一般的な数学座標系を想定し、Y軸が上方向を正とします。例: A=(x,y), B=(x,y+4), C=(x+8,y+4), D=(x+8,y)）\n*   **辺の長さ:**\n    *   AB（縦）= 4cm\n    *   AD（横）= 8cm\n*   **描画:** 長方形の辺は黒い線で描画。\n*   **頂点ラベル:** 各頂点に「A」「B」「C」「D」と表示。\n*   **辺の長さ表示:**\n    *   辺ABの左側（外側）に「4cm」と表示。\n    *   辺ADの下側（外側）に「8cm」と表示。\n\n#### 2.2. 点Pの移動\n\n*   **経路:** A → B → C → D の順に移動し、Dで終了。\n*   **速度:** 1cm/s の等速移動。\n*   **描画:** 点Pは小さな円（例: 赤色の円）で表示。\n\n#### 2.3. 三角形ADP\n\n*   **描画:** 頂点A、D、および現在の点Pを結んでできる三角形ADPを、**ピンク色**で塗りつぶす。三角形の辺も描画する。\n\n#### 2.4. 点Pの座標とArea(△ADP)の計算\n\n（内部処理用。アニメーションの実装時に参照。）\n\n*   **基準:** Aを原点(0,0)とします。\n    *   A = (0, 0)\n    *   B = (0, 4)\n    *   C = (8, 4)\n    *   D = (8, 0)\n\n*   **Case 1: PがA→B上にあるとき (0 ≤ t ≤ 4)**\n    *   Pの座標: (0, t)\n    *   Area(△ADP) = (1/2) × 底辺AP × 高さDのX座標 = (1/2) × t × 8 = **4t**\n    *   t=0: Area=0\n    *   t=4: Area=16\n\n*   **Case 2: PがB→C上にあるとき (4 < t ≤ 12)**\n    *   Pの座標: (t-4, 4)\n    *   Area(△ADP) = (1/2) × 底辺AD × 高さPのY座標 = (1/2) × 8 × 4 = **16**\n    *   t=12: Area=16\n\n*   **Case 3: PがC→D上にあるとき (12 < t ≤ 16)**\n    *   Pの座標: (8, 16-t)\n    *   Area(△ADP) = (1/2) × 底辺AD × 高さPのY座標 = (1/2) × 8 × (16-t) = **4(16-t) = 64 - 4t**\n    *   t=16: Area=0\n\n---\n\n### 3. 右側の描画要素：面積と時刻のグラフ\n\n#### 3.1. グラフの軸\n\n*   **X軸:** 時刻 t (0秒から16秒まで)\n*   **Y軸:** Area(△ADP) (0cm²から16cm²まで)\n*   **描画:** 軸は黒い線で描画。目盛り線や主要な目盛りラベル（例: X軸に4, 8, 12, 16、Y軸に4, 8, 12, 16）があると分かりやすい。\n\n#### 3.2. 全体の曲線\n\n*   **形状:** (0,0) → (4,16) → (12,16) → (16,0) を結ぶ折れ線グラフ。\n*   **描画:** グラフ全体を**薄灰色の線**で描画。\n\n#### 3.3. 進捗表示\n\n*   **描画:** 現在の時刻tまでのグラフの区間を、**黄色の線**で上書きして表示。\n\n#### 3.4. 移動点とガイド線\n\n*   **移動点:** 現在の(t, Area(t))の位置に小さな円（例: 赤色の円）を描画。\n*   **破線ガイド:**\n    *   移動点からX軸へ垂直に伸びる**破線**。\n    *   移動点からY軸へ水平に伸びる**破線**。\n\n---\n\n### 4. 画面上部の数値表示\n\n*   **左上:** 「Area(△ADP)= [現在のArea値]」\n    *   例: 「Area(△ADP)= 8.0」\n    *   小数点以下1桁まで表示。単位はなし。\n*   **右上:** 「t= [現在のt値]」\n    *   例: 「t= 2.0」\n    *   小数点以下1桁まで表示。単位はなし。\n\n---\n\n### 5. アニメーションの動作\n\n1.  時刻tが0秒から始まり、16秒まで1秒間に1ずつ増加します。\n2.  各時刻tにおいて、点Pの現在位置、Area(△ADP)の値を計算します。\n3.  左側の長方形と点P、△ADPの描画を更新します。\n4.  右側のグラフの進捗（黄色い線）と移動点、破線ガイドを更新します。\n5.  画面上部の数値表示を更新します。\n6.  Dに到達（t=16）した時点でアニメーションは終了します。\n\n---\n\n### 6. レイアウトの指示\n\n*   画面全体は、標準的なアスペクト比（例: 16:9）のキャンバスを使用します。\n*   左側の長方形の図と右側のグラフは、それぞれ画面の左右半分に収まるように配置します。\n*   上下左右に十分な余白を確保し、要素が画面端に密着しないようにします。\n*   文字サイズは、遠くからでも読みやすいように十分に大きくします。\n*   線の太さや色のコントラストを考慮し、視認性を高めます。\n\n---\n\nこの企画案は、視覚的に分かりやすく、教育的な価値も高いアニメーションを提供することを目指します。",
  "video_id": "impact_factor",
  "current_script": "はい、承知いたしました。ご提示いただいた詳細な企画案に基づき、PythonのManimライブラリを使用してアニメーションを生成するスクリプトを作成します。\n\nこのスクリプトを `manim` コマンドで実行すると、企画案通りの動画ファイルが生成されます。\n\n---\n\n### Manimスクリプト\n\n以下のコードを `scene.py` のような名前で保存してください。\n\n\nfrom manim i... (Total: 6335 chars)",
  "last_error": "Line 10: Traceback (most recent call last):\n  File \"/workspaces/ai_agent/back/.venv/bin/manim\", line 10, in <... (Total: 109 chars)",
  "error_type": "runtime",
  "is_bad_request": false,
  "max_retries": 3,
  "current_retry": 0
}
2025-10-30 09:58:39,447 - DEBUG -    [+] Script refined (length: 6450)
2025-10-30 09:58:39,453 - INFO - --- 2. [Node] Checking Security ---
2025-10-30 09:58:39,454 - DEBUG - STATE at entry of [ _check_bad_request ]:
{
  "user_request": "長方形ABCD（A左下, B左上, C右上, D右下）。AB=4cm（縦）, AD=8cm（横）。点Pを1cm/sでA→B→C→Dに等速移動（Dで終了）。左に長方形と三角形ADPを表示し、△ADPをピンクで塗る。頂点A,B,C,Dを表示。辺の長さはAB左外に「4cm」、AD下外に「8cm」だけ表示。右にArea(△ADP)と時刻tのグラフ：全体の曲線は薄灰、進捗は黄色、移動点と縦横の破線ガイドを出... (Total: 264 chars)",
  "generation_instructions": "",
  "animation_plan": "## アニメーション企画案：動点Pと三角形の面積変化\n\nこの企画は、幾何学的な動きとそれによって生成される関数のグラフを視覚的に結びつけるアニメーションです。\n\n---\n\n### 1. 全体構成\n\n画面を左右に分割します。\n*   **左側:** 長方形ABCDと点Pの移動、および三角形ADPの描画。\n*   **右側:** 時刻tに対する三角形ADPの面積のグラフ表示。\n*   **画面上部:** 現在の面積と時刻の数値を表示。\n\n### 2. 左側の描画要素：長方形と動点P\n\n#### 2.1. 長方形ABCD\n\n*   **配置:** 画面の左半分の中央に配置し、周囲に十分な余白を設ける。\n*   **頂点:**\n    *   A: 左下\n    *   B: 左上\n    *   C: 右上\n    *   D: 右下\n    *   （一般的な数学座標系を想定し、Y軸が上方向を正とします。例: A=(x,y), B=(x,y+4), C=(x+8,y+4), D=(x+8,y)）\n*   **辺の長さ:**\n    *   AB（縦）= 4cm\n    *   AD（横）= 8cm\n*   **描画:** 長方形の辺は黒い線で描画。\n*   **頂点ラベル:** 各頂点に「A」「B」「C」「D」と表示。\n*   **辺の長さ表示:**\n    *   辺ABの左側（外側）に「4cm」と表示。\n    *   辺ADの下側（外側）に「8cm」と表示。\n\n#### 2.2. 点Pの移動\n\n*   **経路:** A → B → C → D の順に移動し、Dで終了。\n*   **速度:** 1cm/s の等速移動。\n*   **描画:** 点Pは小さな円（例: 赤色の円）で表示。\n\n#### 2.3. 三角形ADP\n\n*   **描画:** 頂点A、D、および現在の点Pを結んでできる三角形ADPを、**ピンク色**で塗りつぶす。三角形の辺も描画する。\n\n#### 2.4. 点Pの座標とArea(△ADP)の計算\n\n（内部処理用。アニメーションの実装時に参照。）\n\n*   **基準:** Aを原点(0,0)とします。\n    *   A = (0, 0)\n    *   B = (0, 4)\n    *   C = (8, 4)\n    *   D = (8, 0)\n\n*   **Case 1: PがA→B上にあるとき (0 ≤ t ≤ 4)**\n    *   Pの座標: (0, t)\n    *   Area(△ADP) = (1/2) × 底辺AP × 高さDのX座標 = (1/2) × t × 8 = **4t**\n    *   t=0: Area=0\n    *   t=4: Area=16\n\n*   **Case 2: PがB→C上にあるとき (4 < t ≤ 12)**\n    *   Pの座標: (t-4, 4)\n    *   Area(△ADP) = (1/2) × 底辺AD × 高さPのY座標 = (1/2) × 8 × 4 = **16**\n    *   t=12: Area=16\n\n*   **Case 3: PがC→D上にあるとき (12 < t ≤ 16)**\n    *   Pの座標: (8, 16-t)\n    *   Area(△ADP) = (1/2) × 底辺AD × 高さPのY座標 = (1/2) × 8 × (16-t) = **4(16-t) = 64 - 4t**\n    *   t=16: Area=0\n\n---\n\n### 3. 右側の描画要素：面積と時刻のグラフ\n\n#### 3.1. グラフの軸\n\n*   **X軸:** 時刻 t (0秒から16秒まで)\n*   **Y軸:** Area(△ADP) (0cm²から16cm²まで)\n*   **描画:** 軸は黒い線で描画。目盛り線や主要な目盛りラベル（例: X軸に4, 8, 12, 16、Y軸に4, 8, 12, 16）があると分かりやすい。\n\n#### 3.2. 全体の曲線\n\n*   **形状:** (0,0) → (4,16) → (12,16) → (16,0) を結ぶ折れ線グラフ。\n*   **描画:** グラフ全体を**薄灰色の線**で描画。\n\n#### 3.3. 進捗表示\n\n*   **描画:** 現在の時刻tまでのグラフの区間を、**黄色の線**で上書きして表示。\n\n#### 3.4. 移動点とガイド線\n\n*   **移動点:** 現在の(t, Area(t))の位置に小さな円（例: 赤色の円）を描画。\n*   **破線ガイド:**\n    *   移動点からX軸へ垂直に伸びる**破線**。\n    *   移動点からY軸へ水平に伸びる**破線**。\n\n---\n\n### 4. 画面上部の数値表示\n\n*   **左上:** 「Area(△ADP)= [現在のArea値]」\n    *   例: 「Area(△ADP)= 8.0」\n    *   小数点以下1桁まで表示。単位はなし。\n*   **右上:** 「t= [現在のt値]」\n    *   例: 「t= 2.0」\n    *   小数点以下1桁まで表示。単位はなし。\n\n---\n\n### 5. アニメーションの動作\n\n1.  時刻tが0秒から始まり、16秒まで1秒間に1ずつ増加します。\n2.  各時刻tにおいて、点Pの現在位置、Area(△ADP)の値を計算します。\n3.  左側の長方形と点P、△ADPの描画を更新します。\n4.  右側のグラフの進捗（黄色い線）と移動点、破線ガイドを更新します。\n5.  画面上部の数値表示を更新します。\n6.  Dに到達（t=16）した時点でアニメーションは終了します。\n\n---\n\n### 6. レイアウトの指示\n\n*   画面全体は、標準的なアスペクト比（例: 16:9）のキャンバスを使用します。\n*   左側の長方形の図と右側のグラフは、それぞれ画面の左右半分に収まるように配置します。\n*   上下左右に十分な余白を確保し、要素が画面端に密着しないようにします。\n*   文字サイズは、遠くからでも読みやすいように十分に大きくします。\n*   線の太さや色のコントラストを考慮し、視認性を高めます。\n\n---\n\nこの企画案は、視覚的に分かりやすく、教育的な価値も高いアニメーションを提供することを目指します。",
  "video_id": "impact_factor",
  "current_script": "from manim import *\n\nclass GeneratedScene(Scene):\n    def construct(self):\n        # 背景色を白に設定し、黒い線や文字を見やすくする\n        self.camera.background_color = WHITE\n\n        # --- 1. 定数と設定 ---\n        # 長方形のサイズ\n... (Total: 6450 chars)",
  "last_error": "",
  "error_type": "",
  "is_bad_request": false,
  "max_retries": 3,
  "current_retry": 1
}
2025-10-30 09:58:39,454 - INFO -    [+] Secure.
2025-10-30 09:58:39,455 - DEBUG - --- [Branch] Secure. Proceeding to Lint. ---
2025-10-30 09:58:39,456 - INFO - --- 3. [Node] Running Linter (format_and_linter) ---
2025-10-30 09:58:39,457 - DEBUG - STATE at entry of [ _lint_check ]:
{
  "user_request": "長方形ABCD（A左下, B左上, C右上, D右下）。AB=4cm（縦）, AD=8cm（横）。点Pを1cm/sでA→B→C→Dに等速移動（Dで終了）。左に長方形と三角形ADPを表示し、△ADPをピンクで塗る。頂点A,B,C,Dを表示。辺の長さはAB左外に「4cm」、AD下外に「8cm」だけ表示。右にArea(△ADP)と時刻tのグラフ：全体の曲線は薄灰、進捗は黄色、移動点と縦横の破線ガイドを出... (Total: 264 chars)",
  "generation_instructions": "",
  "animation_plan": "## アニメーション企画案：動点Pと三角形の面積変化\n\nこの企画は、幾何学的な動きとそれによって生成される関数のグラフを視覚的に結びつけるアニメーションです。\n\n---\n\n### 1. 全体構成\n\n画面を左右に分割します。\n*   **左側:** 長方形ABCDと点Pの移動、および三角形ADPの描画。\n*   **右側:** 時刻tに対する三角形ADPの面積のグラフ表示。\n*   **画面上部:** 現在の面積と時刻の数値を表示。\n\n### 2. 左側の描画要素：長方形と動点P\n\n#### 2.1. 長方形ABCD\n\n*   **配置:** 画面の左半分の中央に配置し、周囲に十分な余白を設ける。\n*   **頂点:**\n    *   A: 左下\n    *   B: 左上\n    *   C: 右上\n    *   D: 右下\n    *   （一般的な数学座標系を想定し、Y軸が上方向を正とします。例: A=(x,y), B=(x,y+4), C=(x+8,y+4), D=(x+8,y)）\n*   **辺の長さ:**\n    *   AB（縦）= 4cm\n    *   AD（横）= 8cm\n*   **描画:** 長方形の辺は黒い線で描画。\n*   **頂点ラベル:** 各頂点に「A」「B」「C」「D」と表示。\n*   **辺の長さ表示:**\n    *   辺ABの左側（外側）に「4cm」と表示。\n    *   辺ADの下側（外側）に「8cm」と表示。\n\n#### 2.2. 点Pの移動\n\n*   **経路:** A → B → C → D の順に移動し、Dで終了。\n*   **速度:** 1cm/s の等速移動。\n*   **描画:** 点Pは小さな円（例: 赤色の円）で表示。\n\n#### 2.3. 三角形ADP\n\n*   **描画:** 頂点A、D、および現在の点Pを結んでできる三角形ADPを、**ピンク色**で塗りつぶす。三角形の辺も描画する。\n\n#### 2.4. 点Pの座標とArea(△ADP)の計算\n\n（内部処理用。アニメーションの実装時に参照。）\n\n*   **基準:** Aを原点(0,0)とします。\n    *   A = (0, 0)\n    *   B = (0, 4)\n    *   C = (8, 4)\n    *   D = (8, 0)\n\n*   **Case 1: PがA→B上にあるとき (0 ≤ t ≤ 4)**\n    *   Pの座標: (0, t)\n    *   Area(△ADP) = (1/2) × 底辺AP × 高さDのX座標 = (1/2) × t × 8 = **4t**\n    *   t=0: Area=0\n    *   t=4: Area=16\n\n*   **Case 2: PがB→C上にあるとき (4 < t ≤ 12)**\n    *   Pの座標: (t-4, 4)\n    *   Area(△ADP) = (1/2) × 底辺AD × 高さPのY座標 = (1/2) × 8 × 4 = **16**\n    *   t=12: Area=16\n\n*   **Case 3: PがC→D上にあるとき (12 < t ≤ 16)**\n    *   Pの座標: (8, 16-t)\n    *   Area(△ADP) = (1/2) × 底辺AD × 高さPのY座標 = (1/2) × 8 × (16-t) = **4(16-t) = 64 - 4t**\n    *   t=16: Area=0\n\n---\n\n### 3. 右側の描画要素：面積と時刻のグラフ\n\n#### 3.1. グラフの軸\n\n*   **X軸:** 時刻 t (0秒から16秒まで)\n*   **Y軸:** Area(△ADP) (0cm²から16cm²まで)\n*   **描画:** 軸は黒い線で描画。目盛り線や主要な目盛りラベル（例: X軸に4, 8, 12, 16、Y軸に4, 8, 12, 16）があると分かりやすい。\n\n#### 3.2. 全体の曲線\n\n*   **形状:** (0,0) → (4,16) → (12,16) → (16,0) を結ぶ折れ線グラフ。\n*   **描画:** グラフ全体を**薄灰色の線**で描画。\n\n#### 3.3. 進捗表示\n\n*   **描画:** 現在の時刻tまでのグラフの区間を、**黄色の線**で上書きして表示。\n\n#### 3.4. 移動点とガイド線\n\n*   **移動点:** 現在の(t, Area(t))の位置に小さな円（例: 赤色の円）を描画。\n*   **破線ガイド:**\n    *   移動点からX軸へ垂直に伸びる**破線**。\n    *   移動点からY軸へ水平に伸びる**破線**。\n\n---\n\n### 4. 画面上部の数値表示\n\n*   **左上:** 「Area(△ADP)= [現在のArea値]」\n    *   例: 「Area(△ADP)= 8.0」\n    *   小数点以下1桁まで表示。単位はなし。\n*   **右上:** 「t= [現在のt値]」\n    *   例: 「t= 2.0」\n    *   小数点以下1桁まで表示。単位はなし。\n\n---\n\n### 5. アニメーションの動作\n\n1.  時刻tが0秒から始まり、16秒まで1秒間に1ずつ増加します。\n2.  各時刻tにおいて、点Pの現在位置、Area(△ADP)の値を計算します。\n3.  左側の長方形と点P、△ADPの描画を更新します。\n4.  右側のグラフの進捗（黄色い線）と移動点、破線ガイドを更新します。\n5.  画面上部の数値表示を更新します。\n6.  Dに到達（t=16）した時点でアニメーションは終了します。\n\n---\n\n### 6. レイアウトの指示\n\n*   画面全体は、標準的なアスペクト比（例: 16:9）のキャンバスを使用します。\n*   左側の長方形の図と右側のグラフは、それぞれ画面の左右半分に収まるように配置します。\n*   上下左右に十分な余白を確保し、要素が画面端に密着しないようにします。\n*   文字サイズは、遠くからでも読みやすいように十分に大きくします。\n*   線の太さや色のコントラストを考慮し、視認性を高めます。\n\n---\n\nこの企画案は、視覚的に分かりやすく、教育的な価値も高いアニメーションを提供することを目指します。",
  "video_id": "impact_factor",
  "current_script": "from manim import *\n\nclass GeneratedScene(Scene):\n    def construct(self):\n        # 背景色を白に設定し、黒い線や文字を見やすくする\n        self.camera.background_color = WHITE\n\n        # --- 1. 定数と設定 ---\n        # 長方形のサイズ\n... (Total: 6450 chars)",
  "last_error": "",
  "error_type": "",
  "is_bad_request": false,
  "max_retries": 3,
  "current_retry": 1
}
2025-10-30 09:58:39,459 - INFO -    [+] Linter Passed.
2025-10-30 09:58:39,460 - DEBUG - --- [Branch] Linter Passed. Proceeding to Execute. ---
2025-10-30 09:58:39,460 - INFO - --- 4. [Node] Executing Manim ---
2025-10-30 09:58:39,460 - DEBUG - STATE at entry of [ _execute_script ]:
{
  "user_request": "長方形ABCD（A左下, B左上, C右上, D右下）。AB=4cm（縦）, AD=8cm（横）。点Pを1cm/sでA→B→C→Dに等速移動（Dで終了）。左に長方形と三角形ADPを表示し、△ADPをピンクで塗る。頂点A,B,C,Dを表示。辺の長さはAB左外に「4cm」、AD下外に「8cm」だけ表示。右にArea(△ADP)と時刻tのグラフ：全体の曲線は薄灰、進捗は黄色、移動点と縦横の破線ガイドを出... (Total: 264 chars)",
  "generation_instructions": "",
  "animation_plan": "## アニメーション企画案：動点Pと三角形の面積変化\n\nこの企画は、幾何学的な動きとそれによって生成される関数のグラフを視覚的に結びつけるアニメーションです。\n\n---\n\n### 1. 全体構成\n\n画面を左右に分割します。\n*   **左側:** 長方形ABCDと点Pの移動、および三角形ADPの描画。\n*   **右側:** 時刻tに対する三角形ADPの面積のグラフ表示。\n*   **画面上部:** 現在の面積と時刻の数値を表示。\n\n### 2. 左側の描画要素：長方形と動点P\n\n#### 2.1. 長方形ABCD\n\n*   **配置:** 画面の左半分の中央に配置し、周囲に十分な余白を設ける。\n*   **頂点:**\n    *   A: 左下\n    *   B: 左上\n    *   C: 右上\n    *   D: 右下\n    *   （一般的な数学座標系を想定し、Y軸が上方向を正とします。例: A=(x,y), B=(x,y+4), C=(x+8,y+4), D=(x+8,y)）\n*   **辺の長さ:**\n    *   AB（縦）= 4cm\n    *   AD（横）= 8cm\n*   **描画:** 長方形の辺は黒い線で描画。\n*   **頂点ラベル:** 各頂点に「A」「B」「C」「D」と表示。\n*   **辺の長さ表示:**\n    *   辺ABの左側（外側）に「4cm」と表示。\n    *   辺ADの下側（外側）に「8cm」と表示。\n\n#### 2.2. 点Pの移動\n\n*   **経路:** A → B → C → D の順に移動し、Dで終了。\n*   **速度:** 1cm/s の等速移動。\n*   **描画:** 点Pは小さな円（例: 赤色の円）で表示。\n\n#### 2.3. 三角形ADP\n\n*   **描画:** 頂点A、D、および現在の点Pを結んでできる三角形ADPを、**ピンク色**で塗りつぶす。三角形の辺も描画する。\n\n#### 2.4. 点Pの座標とArea(△ADP)の計算\n\n（内部処理用。アニメーションの実装時に参照。）\n\n*   **基準:** Aを原点(0,0)とします。\n    *   A = (0, 0)\n    *   B = (0, 4)\n    *   C = (8, 4)\n    *   D = (8, 0)\n\n*   **Case 1: PがA→B上にあるとき (0 ≤ t ≤ 4)**\n    *   Pの座標: (0, t)\n    *   Area(△ADP) = (1/2) × 底辺AP × 高さDのX座標 = (1/2) × t × 8 = **4t**\n    *   t=0: Area=0\n    *   t=4: Area=16\n\n*   **Case 2: PがB→C上にあるとき (4 < t ≤ 12)**\n    *   Pの座標: (t-4, 4)\n    *   Area(△ADP) = (1/2) × 底辺AD × 高さPのY座標 = (1/2) × 8 × 4 = **16**\n    *   t=12: Area=16\n\n*   **Case 3: PがC→D上にあるとき (12 < t ≤ 16)**\n    *   Pの座標: (8, 16-t)\n    *   Area(△ADP) = (1/2) × 底辺AD × 高さPのY座標 = (1/2) × 8 × (16-t) = **4(16-t) = 64 - 4t**\n    *   t=16: Area=0\n\n---\n\n### 3. 右側の描画要素：面積と時刻のグラフ\n\n#### 3.1. グラフの軸\n\n*   **X軸:** 時刻 t (0秒から16秒まで)\n*   **Y軸:** Area(△ADP) (0cm²から16cm²まで)\n*   **描画:** 軸は黒い線で描画。目盛り線や主要な目盛りラベル（例: X軸に4, 8, 12, 16、Y軸に4, 8, 12, 16）があると分かりやすい。\n\n#### 3.2. 全体の曲線\n\n*   **形状:** (0,0) → (4,16) → (12,16) → (16,0) を結ぶ折れ線グラフ。\n*   **描画:** グラフ全体を**薄灰色の線**で描画。\n\n#### 3.3. 進捗表示\n\n*   **描画:** 現在の時刻tまでのグラフの区間を、**黄色の線**で上書きして表示。\n\n#### 3.4. 移動点とガイド線\n\n*   **移動点:** 現在の(t, Area(t))の位置に小さな円（例: 赤色の円）を描画。\n*   **破線ガイド:**\n    *   移動点からX軸へ垂直に伸びる**破線**。\n    *   移動点からY軸へ水平に伸びる**破線**。\n\n---\n\n### 4. 画面上部の数値表示\n\n*   **左上:** 「Area(△ADP)= [現在のArea値]」\n    *   例: 「Area(△ADP)= 8.0」\n    *   小数点以下1桁まで表示。単位はなし。\n*   **右上:** 「t= [現在のt値]」\n    *   例: 「t= 2.0」\n    *   小数点以下1桁まで表示。単位はなし。\n\n---\n\n### 5. アニメーションの動作\n\n1.  時刻tが0秒から始まり、16秒まで1秒間に1ずつ増加します。\n2.  各時刻tにおいて、点Pの現在位置、Area(△ADP)の値を計算します。\n3.  左側の長方形と点P、△ADPの描画を更新します。\n4.  右側のグラフの進捗（黄色い線）と移動点、破線ガイドを更新します。\n5.  画面上部の数値表示を更新します。\n6.  Dに到達（t=16）した時点でアニメーションは終了します。\n\n---\n\n### 6. レイアウトの指示\n\n*   画面全体は、標準的なアスペクト比（例: 16:9）のキャンバスを使用します。\n*   左側の長方形の図と右側のグラフは、それぞれ画面の左右半分に収まるように配置します。\n*   上下左右に十分な余白を確保し、要素が画面端に密着しないようにします。\n*   文字サイズは、遠くからでも読みやすいように十分に大きくします。\n*   線の太さや色のコントラストを考慮し、視認性を高めます。\n\n---\n\nこの企画案は、視覚的に分かりやすく、教育的な価値も高いアニメーションを提供することを目指します。",
  "video_id": "impact_factor",
  "current_script": "from manim import *\n\nclass GeneratedScene(Scene):\n    def construct(self):\n        # 背景色を白に設定し、黒い線や文字を見やすくする\n        self.camera.background_color = WHITE\n\n        # --- 1. 定数と設定 ---\n        # 長方形のサイズ\n... (Total: 6450 chars)",
  "last_error": "",
  "error_type": "",
  "is_bad_request": false,
  "max_retries": 3,
  "current_retry": 1
}
2025-10-30 09:58:42,399 - ERROR -    [!] Execution Failed (Runtime Error).
╭─────────────────────────────── Traceback (most recent call last) ────────────────────────────────╮
│ /workspaces/ai_agent/back/.venv/lib/python3.11/site-packages/manim/cli/render/commands.py:125 in │
│ render                                                                                           │
│                                                                                                  │
│   122 │   │   │   try:                                                                           │
│   123 │   │   │   │   with tempconfig({}):                                                       │
│   124 │   │   │   │   │   scene = SceneClass()                                                   │
│ ❱ 125 │   │   │   │   │   scene.render()                                                         │
│   126 │   │   │   except Exception:                                                              │
│   127 │   │   │   │   error_console.print_exception()                                            │
│   128 │   │   │   │   sys.exit(1)                                                                │
│                                                                                                  │
│ /workspaces/ai_agent/back/.venv/lib/python3.11/site-packages/manim/scene/scene.py:237 in render  │
│                                                                                                  │
│    234 │   │   """                                                                               │
│    235 │   │   self.setup()                                                                      │
│    236 │   │   try:                                                                              │
│ ❱  237 │   │   │   self.construct()                                                              │
│    238 │   │   except EndSceneEarlyException:                                                    │
│    239 │   │   │   pass                                                                          │
│    240 │   │   except RerunSceneException:                                                       │
│                                                                                                  │
│ /workspaces/ai_agent/back/tmp/impact_factor.py:80 in construct                                   │
│                                                                                                  │
│    77 │   │                                                                                      │
│    78 │   │   # 軸ラベル - 背景が白なので文字色を黒に設定                                        │
│    79 │   │   axis_labels = VGroup(                                                              │
│ ❱  80 │   │   │   axes.get_x_axis_label(Tex("時刻 t").scale(0.8).set_color(BLACK), edge=DOWN,    │
│    81 │   │   │   axes.get_y_axis_label(Tex("面積 Area").scale(0.8).set_color(BLACK), edge=LEF   │
│    82 │   │   )                                                                                  │
│    83                                                                                            │
│                                                                                                  │
│ /workspaces/ai_agent/back/.venv/lib/python3.11/site-packages/manim/mobject/text/tex_mobject.py:4 │
│ 52 in __init__                                                                                   │
│                                                                                                  │
│   449 │   def __init__(                                                                          │
│   450 │   │   self, *tex_strings, arg_separator="", tex_environment="center", **kwargs           │
│   451 │   ):                                                                                     │
│ ❱ 452 │   │   super().__init__(                                                                  │
│   453 │   │   │   *tex_strings,                                                                  │
│   454 │   │   │   arg_separator=arg_separator,                                                   │
│   455 │   │   │   tex_environment=tex_environment,                                               │
│                                                                                                  │
│ /workspaces/ai_agent/back/.venv/lib/python3.11/site-packages/manim/mobject/text/tex_mobject.py:2 │
│ 98 in __init__                                                                                   │
│                                                                                                  │
│   295 │   │   │   │   │   │   """,                                                               │
│   296 │   │   │   │   │   ),                                                                     │
│   297 │   │   │   │   )                                                                          │
│ ❱ 298 │   │   │   raise compilation_error                                                        │
│   299 │   │   self.set_color_by_tex_to_color_map(self.tex_to_color_map)                          │
│   300 │   │                                                                                      │
│   301 │   │   if self.organize_left_to_right:                                                    │
│                                                                                                  │
│ /workspaces/ai_agent/back/.venv/lib/python3.11/site-packages/manim/mobject/text/tex_mobject.py:2 │
│ 77 in __init__                                                                                   │
│                                                                                                  │
│   274 │   │   self.brace_notation_split_occurred = False                                         │
│   275 │   │   self.tex_strings = self._break_up_tex_strings(tex_strings)                         │
│   276 │   │   try:                                                                               │
│ ❱ 277 │   │   │   super().__init__(                                                              │
│   278 │   │   │   │   self.arg_separator.join(self.tex_strings),                                 │
│   279 │   │   │   │   tex_environment=self.tex_environment,                                      │
│   280 │   │   │   │   tex_template=self.tex_template,                                            │
│                                                                                                  │
│ /workspaces/ai_agent/back/.venv/lib/python3.11/site-packages/manim/mobject/text/tex_mobject.py:8 │
│ 0 in __init__                                                                                    │
│                                                                                                  │
│    77 │   │                                                                                      │
│    78 │   │   assert isinstance(tex_string, str)                                                 │
│    79 │   │   self.tex_string = tex_string                                                       │
│ ❱  80 │   │   file_name = tex_to_svg_file(                                                       │
│    81 │   │   │   self._get_modified_expression(tex_string),                                     │
│    82 │   │   │   environment=self.tex_environment,                                              │
│    83 │   │   │   tex_template=self.tex_template,                                                │
│                                                                                                  │
│ /workspaces/ai_agent/back/.venv/lib/python3.11/site-packages/manim/utils/tex_file_writing.py:65  │
│ in tex_to_svg_file                                                                               │
│                                                                                                  │
│    62 │   if svg_file.exists():                                                                  │
│    63 │   │   return svg_file                                                                    │
│    64 │                                                                                          │
│ ❱  65 │   dvi_file = compile_tex(                                                                │
│    66 │   │   tex_file,                                                                          │
│    67 │   │   tex_template.tex_compiler,                                                         │
│    68 │   │   tex_template.output_format,                                                        │
│                                                                                                  │
│ /workspaces/ai_agent/back/.venv/lib/python3.11/site-packages/manim/utils/tex_file_writing.py:212 │
│ in compile_tex                                                                                   │
│                                                                                                  │
│   209 │   │   if cp.returncode != 0:                                                             │
│   210 │   │   │   log_file = tex_file.with_suffix(".log")                                        │
│   211 │   │   │   print_all_tex_errors(log_file, tex_compiler, tex_file)                         │
│ ❱ 212 │   │   │   raise ValueError(                                                              │
│   213 │   │   │   │   f"{tex_compiler} error converting to"                                      │
│   214 │   │   │   │   f" {output_format[1:]}. See log output above or"                           │
│   215 │   │   │   │   f" the log file: {log_file}",                                              │
╰──────────────────────────────────────────────────────────────────────────────────────────────────╯
ValueError: latex error converting to dvi. See log output above or the log file: media/Tex/40fd3f6cd720c535.log

2025-10-30 09:58:42,400 - WARNING -    [!] Parsed error (for LLM refine):
Line 10: ╭─────────────────────────────── Traceback (most recent call last) ────────────────────────────────╮
2025-10-30 09:58:42,400 - INFO - --- [Branch] Runtime Error. Proceeding to Refine. ---
2025-10-30 09:58:42,400 - INFO - --- 5. [Node] Refining Script (Attempt 2) ---
2025-10-30 09:58:42,400 - DEBUG - STATE at entry of [ _refine_script_on_error ]:
{
  "user_request": "長方形ABCD（A左下, B左上, C右上, D右下）。AB=4cm（縦）, AD=8cm（横）。点Pを1cm/sでA→B→C→Dに等速移動（Dで終了）。左に長方形と三角形ADPを表示し、△ADPをピンクで塗る。頂点A,B,C,Dを表示。辺の長さはAB左外に「4cm」、AD下外に「8cm」だけ表示。右にArea(△ADP)と時刻tのグラフ：全体の曲線は薄灰、進捗は黄色、移動点と縦横の破線ガイドを出... (Total: 264 chars)",
  "generation_instructions": "",
  "animation_plan": "## アニメーション企画案：動点Pと三角形の面積変化\n\nこの企画は、幾何学的な動きとそれによって生成される関数のグラフを視覚的に結びつけるアニメーションです。\n\n---\n\n### 1. 全体構成\n\n画面を左右に分割します。\n*   **左側:** 長方形ABCDと点Pの移動、および三角形ADPの描画。\n*   **右側:** 時刻tに対する三角形ADPの面積のグラフ表示。\n*   **画面上部:** 現在の面積と時刻の数値を表示。\n\n### 2. 左側の描画要素：長方形と動点P\n\n#### 2.1. 長方形ABCD\n\n*   **配置:** 画面の左半分の中央に配置し、周囲に十分な余白を設ける。\n*   **頂点:**\n    *   A: 左下\n    *   B: 左上\n    *   C: 右上\n    *   D: 右下\n    *   （一般的な数学座標系を想定し、Y軸が上方向を正とします。例: A=(x,y), B=(x,y+4), C=(x+8,y+4), D=(x+8,y)）\n*   **辺の長さ:**\n    *   AB（縦）= 4cm\n    *   AD（横）= 8cm\n*   **描画:** 長方形の辺は黒い線で描画。\n*   **頂点ラベル:** 各頂点に「A」「B」「C」「D」と表示。\n*   **辺の長さ表示:**\n    *   辺ABの左側（外側）に「4cm」と表示。\n    *   辺ADの下側（外側）に「8cm」と表示。\n\n#### 2.2. 点Pの移動\n\n*   **経路:** A → B → C → D の順に移動し、Dで終了。\n*   **速度:** 1cm/s の等速移動。\n*   **描画:** 点Pは小さな円（例: 赤色の円）で表示。\n\n#### 2.3. 三角形ADP\n\n*   **描画:** 頂点A、D、および現在の点Pを結んでできる三角形ADPを、**ピンク色**で塗りつぶす。三角形の辺も描画する。\n\n#### 2.4. 点Pの座標とArea(△ADP)の計算\n\n（内部処理用。アニメーションの実装時に参照。）\n\n*   **基準:** Aを原点(0,0)とします。\n    *   A = (0, 0)\n    *   B = (0, 4)\n    *   C = (8, 4)\n    *   D = (8, 0)\n\n*   **Case 1: PがA→B上にあるとき (0 ≤ t ≤ 4)**\n    *   Pの座標: (0, t)\n    *   Area(△ADP) = (1/2) × 底辺AP × 高さDのX座標 = (1/2) × t × 8 = **4t**\n    *   t=0: Area=0\n    *   t=4: Area=16\n\n*   **Case 2: PがB→C上にあるとき (4 < t ≤ 12)**\n    *   Pの座標: (t-4, 4)\n    *   Area(△ADP) = (1/2) × 底辺AD × 高さPのY座標 = (1/2) × 8 × 4 = **16**\n    *   t=12: Area=16\n\n*   **Case 3: PがC→D上にあるとき (12 < t ≤ 16)**\n    *   Pの座標: (8, 16-t)\n    *   Area(△ADP) = (1/2) × 底辺AD × 高さPのY座標 = (1/2) × 8 × (16-t) = **4(16-t) = 64 - 4t**\n    *   t=16: Area=0\n\n---\n\n### 3. 右側の描画要素：面積と時刻のグラフ\n\n#### 3.1. グラフの軸\n\n*   **X軸:** 時刻 t (0秒から16秒まで)\n*   **Y軸:** Area(△ADP) (0cm²から16cm²まで)\n*   **描画:** 軸は黒い線で描画。目盛り線や主要な目盛りラベル（例: X軸に4, 8, 12, 16、Y軸に4, 8, 12, 16）があると分かりやすい。\n\n#### 3.2. 全体の曲線\n\n*   **形状:** (0,0) → (4,16) → (12,16) → (16,0) を結ぶ折れ線グラフ。\n*   **描画:** グラフ全体を**薄灰色の線**で描画。\n\n#### 3.3. 進捗表示\n\n*   **描画:** 現在の時刻tまでのグラフの区間を、**黄色の線**で上書きして表示。\n\n#### 3.4. 移動点とガイド線\n\n*   **移動点:** 現在の(t, Area(t))の位置に小さな円（例: 赤色の円）を描画。\n*   **破線ガイド:**\n    *   移動点からX軸へ垂直に伸びる**破線**。\n    *   移動点からY軸へ水平に伸びる**破線**。\n\n---\n\n### 4. 画面上部の数値表示\n\n*   **左上:** 「Area(△ADP)= [現在のArea値]」\n    *   例: 「Area(△ADP)= 8.0」\n    *   小数点以下1桁まで表示。単位はなし。\n*   **右上:** 「t= [現在のt値]」\n    *   例: 「t= 2.0」\n    *   小数点以下1桁まで表示。単位はなし。\n\n---\n\n### 5. アニメーションの動作\n\n1.  時刻tが0秒から始まり、16秒まで1秒間に1ずつ増加します。\n2.  各時刻tにおいて、点Pの現在位置、Area(△ADP)の値を計算します。\n3.  左側の長方形と点P、△ADPの描画を更新します。\n4.  右側のグラフの進捗（黄色い線）と移動点、破線ガイドを更新します。\n5.  画面上部の数値表示を更新します。\n6.  Dに到達（t=16）した時点でアニメーションは終了します。\n\n---\n\n### 6. レイアウトの指示\n\n*   画面全体は、標準的なアスペクト比（例: 16:9）のキャンバスを使用します。\n*   左側の長方形の図と右側のグラフは、それぞれ画面の左右半分に収まるように配置します。\n*   上下左右に十分な余白を確保し、要素が画面端に密着しないようにします。\n*   文字サイズは、遠くからでも読みやすいように十分に大きくします。\n*   線の太さや色のコントラストを考慮し、視認性を高めます。\n\n---\n\nこの企画案は、視覚的に分かりやすく、教育的な価値も高いアニメーションを提供することを目指します。",
  "video_id": "impact_factor",
  "current_script": "from manim import *\n\nclass GeneratedScene(Scene):\n    def construct(self):\n        # 背景色を白に設定し、黒い線や文字を見やすくする\n        self.camera.background_color = WHITE\n\n        # --- 1. 定数と設定 ---\n        # 長方形のサイズ\n... (Total: 6450 chars)",
  "last_error": "Line 10: ╭─────────────────────────────── Traceback (most recent call last) ────────────────────────────────╮... (Total: 109 chars)",
  "error_type": "runtime",
  "is_bad_request": false,
  "max_retries": 3,
  "current_retry": 1
}
2025-10-30 09:59:21,163 - DEBUG -    [+] Script refined (length: 6351)
2025-10-30 09:59:21,168 - INFO - --- 2. [Node] Checking Security ---
2025-10-30 09:59:21,169 - DEBUG - STATE at entry of [ _check_bad_request ]:
{
  "user_request": "長方形ABCD（A左下, B左上, C右上, D右下）。AB=4cm（縦）, AD=8cm（横）。点Pを1cm/sでA→B→C→Dに等速移動（Dで終了）。左に長方形と三角形ADPを表示し、△ADPをピンクで塗る。頂点A,B,C,Dを表示。辺の長さはAB左外に「4cm」、AD下外に「8cm」だけ表示。右にArea(△ADP)と時刻tのグラフ：全体の曲線は薄灰、進捗は黄色、移動点と縦横の破線ガイドを出... (Total: 264 chars)",
  "generation_instructions": "",
  "animation_plan": "## アニメーション企画案：動点Pと三角形の面積変化\n\nこの企画は、幾何学的な動きとそれによって生成される関数のグラフを視覚的に結びつけるアニメーションです。\n\n---\n\n### 1. 全体構成\n\n画面を左右に分割します。\n*   **左側:** 長方形ABCDと点Pの移動、および三角形ADPの描画。\n*   **右側:** 時刻tに対する三角形ADPの面積のグラフ表示。\n*   **画面上部:** 現在の面積と時刻の数値を表示。\n\n### 2. 左側の描画要素：長方形と動点P\n\n#### 2.1. 長方形ABCD\n\n*   **配置:** 画面の左半分の中央に配置し、周囲に十分な余白を設ける。\n*   **頂点:**\n    *   A: 左下\n    *   B: 左上\n    *   C: 右上\n    *   D: 右下\n    *   （一般的な数学座標系を想定し、Y軸が上方向を正とします。例: A=(x,y), B=(x,y+4), C=(x+8,y+4), D=(x+8,y)）\n*   **辺の長さ:**\n    *   AB（縦）= 4cm\n    *   AD（横）= 8cm\n*   **描画:** 長方形の辺は黒い線で描画。\n*   **頂点ラベル:** 各頂点に「A」「B」「C」「D」と表示。\n*   **辺の長さ表示:**\n    *   辺ABの左側（外側）に「4cm」と表示。\n    *   辺ADの下側（外側）に「8cm」と表示。\n\n#### 2.2. 点Pの移動\n\n*   **経路:** A → B → C → D の順に移動し、Dで終了。\n*   **速度:** 1cm/s の等速移動。\n*   **描画:** 点Pは小さな円（例: 赤色の円）で表示。\n\n#### 2.3. 三角形ADP\n\n*   **描画:** 頂点A、D、および現在の点Pを結んでできる三角形ADPを、**ピンク色**で塗りつぶす。三角形の辺も描画する。\n\n#### 2.4. 点Pの座標とArea(△ADP)の計算\n\n（内部処理用。アニメーションの実装時に参照。）\n\n*   **基準:** Aを原点(0,0)とします。\n    *   A = (0, 0)\n    *   B = (0, 4)\n    *   C = (8, 4)\n    *   D = (8, 0)\n\n*   **Case 1: PがA→B上にあるとき (0 ≤ t ≤ 4)**\n    *   Pの座標: (0, t)\n    *   Area(△ADP) = (1/2) × 底辺AP × 高さDのX座標 = (1/2) × t × 8 = **4t**\n    *   t=0: Area=0\n    *   t=4: Area=16\n\n*   **Case 2: PがB→C上にあるとき (4 < t ≤ 12)**\n    *   Pの座標: (t-4, 4)\n    *   Area(△ADP) = (1/2) × 底辺AD × 高さPのY座標 = (1/2) × 8 × 4 = **16**\n    *   t=12: Area=16\n\n*   **Case 3: PがC→D上にあるとき (12 < t ≤ 16)**\n    *   Pの座標: (8, 16-t)\n    *   Area(△ADP) = (1/2) × 底辺AD × 高さPのY座標 = (1/2) × 8 × (16-t) = **4(16-t) = 64 - 4t**\n    *   t=16: Area=0\n\n---\n\n### 3. 右側の描画要素：面積と時刻のグラフ\n\n#### 3.1. グラフの軸\n\n*   **X軸:** 時刻 t (0秒から16秒まで)\n*   **Y軸:** Area(△ADP) (0cm²から16cm²まで)\n*   **描画:** 軸は黒い線で描画。目盛り線や主要な目盛りラベル（例: X軸に4, 8, 12, 16、Y軸に4, 8, 12, 16）があると分かりやすい。\n\n#### 3.2. 全体の曲線\n\n*   **形状:** (0,0) → (4,16) → (12,16) → (16,0) を結ぶ折れ線グラフ。\n*   **描画:** グラフ全体を**薄灰色の線**で描画。\n\n#### 3.3. 進捗表示\n\n*   **描画:** 現在の時刻tまでのグラフの区間を、**黄色の線**で上書きして表示。\n\n#### 3.4. 移動点とガイド線\n\n*   **移動点:** 現在の(t, Area(t))の位置に小さな円（例: 赤色の円）を描画。\n*   **破線ガイド:**\n    *   移動点からX軸へ垂直に伸びる**破線**。\n    *   移動点からY軸へ水平に伸びる**破線**。\n\n---\n\n### 4. 画面上部の数値表示\n\n*   **左上:** 「Area(△ADP)= [現在のArea値]」\n    *   例: 「Area(△ADP)= 8.0」\n    *   小数点以下1桁まで表示。単位はなし。\n*   **右上:** 「t= [現在のt値]」\n    *   例: 「t= 2.0」\n    *   小数点以下1桁まで表示。単位はなし。\n\n---\n\n### 5. アニメーションの動作\n\n1.  時刻tが0秒から始まり、16秒まで1秒間に1ずつ増加します。\n2.  各時刻tにおいて、点Pの現在位置、Area(△ADP)の値を計算します。\n3.  左側の長方形と点P、△ADPの描画を更新します。\n4.  右側のグラフの進捗（黄色い線）と移動点、破線ガイドを更新します。\n5.  画面上部の数値表示を更新します。\n6.  Dに到達（t=16）した時点でアニメーションは終了します。\n\n---\n\n### 6. レイアウトの指示\n\n*   画面全体は、標準的なアスペクト比（例: 16:9）のキャンバスを使用します。\n*   左側の長方形の図と右側のグラフは、それぞれ画面の左右半分に収まるように配置します。\n*   上下左右に十分な余白を確保し、要素が画面端に密着しないようにします。\n*   文字サイズは、遠くからでも読みやすいように十分に大きくします。\n*   線の太さや色のコントラストを考慮し、視認性を高めます。\n\n---\n\nこの企画案は、視覚的に分かりやすく、教育的な価値も高いアニメーションを提供することを目指します。",
  "video_id": "impact_factor",
  "current_script": "from manim import *\n\nclass GeneratedScene(Scene):\n    def construct(self):\n        # 背景色を白に設定し、黒い線や文字を見やすくする\n        self.camera.background_color = WHITE\n\n        # --- 1. 定数と設定 ---\n        # 長方形のサイズ\n... (Total: 6351 chars)",
  "last_error": "",
  "error_type": "",
  "is_bad_request": false,
  "max_retries": 3,
  "current_retry": 2
}
2025-10-30 09:59:21,170 - INFO -    [+] Secure.
2025-10-30 09:59:21,170 - DEBUG - --- [Branch] Secure. Proceeding to Lint. ---
2025-10-30 09:59:21,171 - INFO - --- 3. [Node] Running Linter (format_and_linter) ---
2025-10-30 09:59:21,171 - DEBUG - STATE at entry of [ _lint_check ]:
{
  "user_request": "長方形ABCD（A左下, B左上, C右上, D右下）。AB=4cm（縦）, AD=8cm（横）。点Pを1cm/sでA→B→C→Dに等速移動（Dで終了）。左に長方形と三角形ADPを表示し、△ADPをピンクで塗る。頂点A,B,C,Dを表示。辺の長さはAB左外に「4cm」、AD下外に「8cm」だけ表示。右にArea(△ADP)と時刻tのグラフ：全体の曲線は薄灰、進捗は黄色、移動点と縦横の破線ガイドを出... (Total: 264 chars)",
  "generation_instructions": "",
  "animation_plan": "## アニメーション企画案：動点Pと三角形の面積変化\n\nこの企画は、幾何学的な動きとそれによって生成される関数のグラフを視覚的に結びつけるアニメーションです。\n\n---\n\n### 1. 全体構成\n\n画面を左右に分割します。\n*   **左側:** 長方形ABCDと点Pの移動、および三角形ADPの描画。\n*   **右側:** 時刻tに対する三角形ADPの面積のグラフ表示。\n*   **画面上部:** 現在の面積と時刻の数値を表示。\n\n### 2. 左側の描画要素：長方形と動点P\n\n#### 2.1. 長方形ABCD\n\n*   **配置:** 画面の左半分の中央に配置し、周囲に十分な余白を設ける。\n*   **頂点:**\n    *   A: 左下\n    *   B: 左上\n    *   C: 右上\n    *   D: 右下\n    *   （一般的な数学座標系を想定し、Y軸が上方向を正とします。例: A=(x,y), B=(x,y+4), C=(x+8,y+4), D=(x+8,y)）\n*   **辺の長さ:**\n    *   AB（縦）= 4cm\n    *   AD（横）= 8cm\n*   **描画:** 長方形の辺は黒い線で描画。\n*   **頂点ラベル:** 各頂点に「A」「B」「C」「D」と表示。\n*   **辺の長さ表示:**\n    *   辺ABの左側（外側）に「4cm」と表示。\n    *   辺ADの下側（外側）に「8cm」と表示。\n\n#### 2.2. 点Pの移動\n\n*   **経路:** A → B → C → D の順に移動し、Dで終了。\n*   **速度:** 1cm/s の等速移動。\n*   **描画:** 点Pは小さな円（例: 赤色の円）で表示。\n\n#### 2.3. 三角形ADP\n\n*   **描画:** 頂点A、D、および現在の点Pを結んでできる三角形ADPを、**ピンク色**で塗りつぶす。三角形の辺も描画する。\n\n#### 2.4. 点Pの座標とArea(△ADP)の計算\n\n（内部処理用。アニメーションの実装時に参照。）\n\n*   **基準:** Aを原点(0,0)とします。\n    *   A = (0, 0)\n    *   B = (0, 4)\n    *   C = (8, 4)\n    *   D = (8, 0)\n\n*   **Case 1: PがA→B上にあるとき (0 ≤ t ≤ 4)**\n    *   Pの座標: (0, t)\n    *   Area(△ADP) = (1/2) × 底辺AP × 高さDのX座標 = (1/2) × t × 8 = **4t**\n    *   t=0: Area=0\n    *   t=4: Area=16\n\n*   **Case 2: PがB→C上にあるとき (4 < t ≤ 12)**\n    *   Pの座標: (t-4, 4)\n    *   Area(△ADP) = (1/2) × 底辺AD × 高さPのY座標 = (1/2) × 8 × 4 = **16**\n    *   t=12: Area=16\n\n*   **Case 3: PがC→D上にあるとき (12 < t ≤ 16)**\n    *   Pの座標: (8, 16-t)\n    *   Area(△ADP) = (1/2) × 底辺AD × 高さPのY座標 = (1/2) × 8 × (16-t) = **4(16-t) = 64 - 4t**\n    *   t=16: Area=0\n\n---\n\n### 3. 右側の描画要素：面積と時刻のグラフ\n\n#### 3.1. グラフの軸\n\n*   **X軸:** 時刻 t (0秒から16秒まで)\n*   **Y軸:** Area(△ADP) (0cm²から16cm²まで)\n*   **描画:** 軸は黒い線で描画。目盛り線や主要な目盛りラベル（例: X軸に4, 8, 12, 16、Y軸に4, 8, 12, 16）があると分かりやすい。\n\n#### 3.2. 全体の曲線\n\n*   **形状:** (0,0) → (4,16) → (12,16) → (16,0) を結ぶ折れ線グラフ。\n*   **描画:** グラフ全体を**薄灰色の線**で描画。\n\n#### 3.3. 進捗表示\n\n*   **描画:** 現在の時刻tまでのグラフの区間を、**黄色の線**で上書きして表示。\n\n#### 3.4. 移動点とガイド線\n\n*   **移動点:** 現在の(t, Area(t))の位置に小さな円（例: 赤色の円）を描画。\n*   **破線ガイド:**\n    *   移動点からX軸へ垂直に伸びる**破線**。\n    *   移動点からY軸へ水平に伸びる**破線**。\n\n---\n\n### 4. 画面上部の数値表示\n\n*   **左上:** 「Area(△ADP)= [現在のArea値]」\n    *   例: 「Area(△ADP)= 8.0」\n    *   小数点以下1桁まで表示。単位はなし。\n*   **右上:** 「t= [現在のt値]」\n    *   例: 「t= 2.0」\n    *   小数点以下1桁まで表示。単位はなし。\n\n---\n\n### 5. アニメーションの動作\n\n1.  時刻tが0秒から始まり、16秒まで1秒間に1ずつ増加します。\n2.  各時刻tにおいて、点Pの現在位置、Area(△ADP)の値を計算します。\n3.  左側の長方形と点P、△ADPの描画を更新します。\n4.  右側のグラフの進捗（黄色い線）と移動点、破線ガイドを更新します。\n5.  画面上部の数値表示を更新します。\n6.  Dに到達（t=16）した時点でアニメーションは終了します。\n\n---\n\n### 6. レイアウトの指示\n\n*   画面全体は、標準的なアスペクト比（例: 16:9）のキャンバスを使用します。\n*   左側の長方形の図と右側のグラフは、それぞれ画面の左右半分に収まるように配置します。\n*   上下左右に十分な余白を確保し、要素が画面端に密着しないようにします。\n*   文字サイズは、遠くからでも読みやすいように十分に大きくします。\n*   線の太さや色のコントラストを考慮し、視認性を高めます。\n\n---\n\nこの企画案は、視覚的に分かりやすく、教育的な価値も高いアニメーションを提供することを目指します。",
  "video_id": "impact_factor",
  "current_script": "from manim import *\n\nclass GeneratedScene(Scene):\n    def construct(self):\n        # 背景色を白に設定し、黒い線や文字を見やすくする\n        self.camera.background_color = WHITE\n\n        # --- 1. 定数と設定 ---\n        # 長方形のサイズ\n... (Total: 6351 chars)",
  "last_error": "",
  "error_type": "",
  "is_bad_request": false,
  "max_retries": 3,
  "current_retry": 2
}
2025-10-30 09:59:21,172 - INFO -    [+] Linter Passed.
2025-10-30 09:59:21,173 - DEBUG - --- [Branch] Linter Passed. Proceeding to Execute. ---
2025-10-30 09:59:21,173 - INFO - --- 4. [Node] Executing Manim ---
2025-10-30 09:59:21,174 - DEBUG - STATE at entry of [ _execute_script ]:
{
  "user_request": "長方形ABCD（A左下, B左上, C右上, D右下）。AB=4cm（縦）, AD=8cm（横）。点Pを1cm/sでA→B→C→Dに等速移動（Dで終了）。左に長方形と三角形ADPを表示し、△ADPをピンクで塗る。頂点A,B,C,Dを表示。辺の長さはAB左外に「4cm」、AD下外に「8cm」だけ表示。右にArea(△ADP)と時刻tのグラフ：全体の曲線は薄灰、進捗は黄色、移動点と縦横の破線ガイドを出... (Total: 264 chars)",
  "generation_instructions": "",
  "animation_plan": "## アニメーション企画案：動点Pと三角形の面積変化\n\nこの企画は、幾何学的な動きとそれによって生成される関数のグラフを視覚的に結びつけるアニメーションです。\n\n---\n\n### 1. 全体構成\n\n画面を左右に分割します。\n*   **左側:** 長方形ABCDと点Pの移動、および三角形ADPの描画。\n*   **右側:** 時刻tに対する三角形ADPの面積のグラフ表示。\n*   **画面上部:** 現在の面積と時刻の数値を表示。\n\n### 2. 左側の描画要素：長方形と動点P\n\n#### 2.1. 長方形ABCD\n\n*   **配置:** 画面の左半分の中央に配置し、周囲に十分な余白を設ける。\n*   **頂点:**\n    *   A: 左下\n    *   B: 左上\n    *   C: 右上\n    *   D: 右下\n    *   （一般的な数学座標系を想定し、Y軸が上方向を正とします。例: A=(x,y), B=(x,y+4), C=(x+8,y+4), D=(x+8,y)）\n*   **辺の長さ:**\n    *   AB（縦）= 4cm\n    *   AD（横）= 8cm\n*   **描画:** 長方形の辺は黒い線で描画。\n*   **頂点ラベル:** 各頂点に「A」「B」「C」「D」と表示。\n*   **辺の長さ表示:**\n    *   辺ABの左側（外側）に「4cm」と表示。\n    *   辺ADの下側（外側）に「8cm」と表示。\n\n#### 2.2. 点Pの移動\n\n*   **経路:** A → B → C → D の順に移動し、Dで終了。\n*   **速度:** 1cm/s の等速移動。\n*   **描画:** 点Pは小さな円（例: 赤色の円）で表示。\n\n#### 2.3. 三角形ADP\n\n*   **描画:** 頂点A、D、および現在の点Pを結んでできる三角形ADPを、**ピンク色**で塗りつぶす。三角形の辺も描画する。\n\n#### 2.4. 点Pの座標とArea(△ADP)の計算\n\n（内部処理用。アニメーションの実装時に参照。）\n\n*   **基準:** Aを原点(0,0)とします。\n    *   A = (0, 0)\n    *   B = (0, 4)\n    *   C = (8, 4)\n    *   D = (8, 0)\n\n*   **Case 1: PがA→B上にあるとき (0 ≤ t ≤ 4)**\n    *   Pの座標: (0, t)\n    *   Area(△ADP) = (1/2) × 底辺AP × 高さDのX座標 = (1/2) × t × 8 = **4t**\n    *   t=0: Area=0\n    *   t=4: Area=16\n\n*   **Case 2: PがB→C上にあるとき (4 < t ≤ 12)**\n    *   Pの座標: (t-4, 4)\n    *   Area(△ADP) = (1/2) × 底辺AD × 高さPのY座標 = (1/2) × 8 × 4 = **16**\n    *   t=12: Area=16\n\n*   **Case 3: PがC→D上にあるとき (12 < t ≤ 16)**\n    *   Pの座標: (8, 16-t)\n    *   Area(△ADP) = (1/2) × 底辺AD × 高さPのY座標 = (1/2) × 8 × (16-t) = **4(16-t) = 64 - 4t**\n    *   t=16: Area=0\n\n---\n\n### 3. 右側の描画要素：面積と時刻のグラフ\n\n#### 3.1. グラフの軸\n\n*   **X軸:** 時刻 t (0秒から16秒まで)\n*   **Y軸:** Area(△ADP) (0cm²から16cm²まで)\n*   **描画:** 軸は黒い線で描画。目盛り線や主要な目盛りラベル（例: X軸に4, 8, 12, 16、Y軸に4, 8, 12, 16）があると分かりやすい。\n\n#### 3.2. 全体の曲線\n\n*   **形状:** (0,0) → (4,16) → (12,16) → (16,0) を結ぶ折れ線グラフ。\n*   **描画:** グラフ全体を**薄灰色の線**で描画。\n\n#### 3.3. 進捗表示\n\n*   **描画:** 現在の時刻tまでのグラフの区間を、**黄色の線**で上書きして表示。\n\n#### 3.4. 移動点とガイド線\n\n*   **移動点:** 現在の(t, Area(t))の位置に小さな円（例: 赤色の円）を描画。\n*   **破線ガイド:**\n    *   移動点からX軸へ垂直に伸びる**破線**。\n    *   移動点からY軸へ水平に伸びる**破線**。\n\n---\n\n### 4. 画面上部の数値表示\n\n*   **左上:** 「Area(△ADP)= [現在のArea値]」\n    *   例: 「Area(△ADP)= 8.0」\n    *   小数点以下1桁まで表示。単位はなし。\n*   **右上:** 「t= [現在のt値]」\n    *   例: 「t= 2.0」\n    *   小数点以下1桁まで表示。単位はなし。\n\n---\n\n### 5. アニメーションの動作\n\n1.  時刻tが0秒から始まり、16秒まで1秒間に1ずつ増加します。\n2.  各時刻tにおいて、点Pの現在位置、Area(△ADP)の値を計算します。\n3.  左側の長方形と点P、△ADPの描画を更新します。\n4.  右側のグラフの進捗（黄色い線）と移動点、破線ガイドを更新します。\n5.  画面上部の数値表示を更新します。\n6.  Dに到達（t=16）した時点でアニメーションは終了します。\n\n---\n\n### 6. レイアウトの指示\n\n*   画面全体は、標準的なアスペクト比（例: 16:9）のキャンバスを使用します。\n*   左側の長方形の図と右側のグラフは、それぞれ画面の左右半分に収まるように配置します。\n*   上下左右に十分な余白を確保し、要素が画面端に密着しないようにします。\n*   文字サイズは、遠くからでも読みやすいように十分に大きくします。\n*   線の太さや色のコントラストを考慮し、視認性を高めます。\n\n---\n\nこの企画案は、視覚的に分かりやすく、教育的な価値も高いアニメーションを提供することを目指します。",
  "video_id": "impact_factor",
  "current_script": "from manim import *\n\nclass GeneratedScene(Scene):\n    def construct(self):\n        # 背景色を白に設定し、黒い線や文字を見やすくする\n        self.camera.background_color = WHITE\n\n        # --- 1. 定数と設定 ---\n        # 長方形のサイズ\n... (Total: 6351 chars)",
  "last_error": "",
  "error_type": "",
  "is_bad_request": false,
  "max_retries": 3,
  "current_retry": 2
}
2025-10-30 09:59:22,654 - ERROR -    [!] Execution Failed (Runtime Error).
╭─────────────────────────────── Traceback (most recent call last) ────────────────────────────────╮
│ /workspaces/ai_agent/back/.venv/lib/python3.11/site-packages/manim/cli/render/commands.py:125 in │
│ render                                                                                           │
│                                                                                                  │
│   122 │   │   │   try:                                                                           │
│   123 │   │   │   │   with tempconfig({}):                                                       │
│   124 │   │   │   │   │   scene = SceneClass()                                                   │
│ ❱ 125 │   │   │   │   │   scene.render()                                                         │
│   126 │   │   │   except Exception:                                                              │
│   127 │   │   │   │   error_console.print_exception()                                            │
│   128 │   │   │   │   sys.exit(1)                                                                │
│                                                                                                  │
│ /workspaces/ai_agent/back/.venv/lib/python3.11/site-packages/manim/scene/scene.py:237 in render  │
│                                                                                                  │
│    234 │   │   """                                                                               │
│    235 │   │   self.setup()                                                                      │
│    236 │   │   try:                                                                              │
│ ❱  237 │   │   │   self.construct()                                                              │
│    238 │   │   except EndSceneEarlyException:                                                    │
│    239 │   │   │   pass                                                                          │
│    240 │   │   except RerunSceneException:                                                       │
│                                                                                                  │
│ /workspaces/ai_agent/back/tmp/impact_factor.py:85 in construct                                   │
│                                                                                                  │
│    82 │   │                                                                                      │
│    83 │   │   # 軸ラベル - 背景が白なので文字色を黒に設定                                        │
│    84 │   │   axis_labels = VGroup(                                                              │
│ ❱  85 │   │   │   axes.get_x_axis_label(Tex("時刻 t").scale(0.8).set_color(BLACK), edge=DOWN,    │
│    86 │   │   │   axes.get_y_axis_label(Tex("面積 Area").scale(0.8).set_color(BLACK), edge=LEF   │
│    87 │   │   )                                                                                  │
│    88                                                                                            │
│                                                                                                  │
│ /workspaces/ai_agent/back/.venv/lib/python3.11/site-packages/manim/mobject/text/tex_mobject.py:4 │
│ 52 in __init__                                                                                   │
│                                                                                                  │
│   449 │   def __init__(                                                                          │
│   450 │   │   self, *tex_strings, arg_separator="", tex_environment="center", **kwargs           │
│   451 │   ):                                                                                     │
│ ❱ 452 │   │   super().__init__(                                                                  │
│   453 │   │   │   *tex_strings,                                                                  │
│   454 │   │   │   arg_separator=arg_separator,                                                   │
│   455 │   │   │   tex_environment=tex_environment,                                               │
│                                                                                                  │
│ /workspaces/ai_agent/back/.venv/lib/python3.11/site-packages/manim/mobject/text/tex_mobject.py:2 │
│ 98 in __init__                                                                                   │
│                                                                                                  │
│   295 │   │   │   │   │   │   """,                                                               │
│   296 │   │   │   │   │   ),                                                                     │
│   297 │   │   │   │   )                                                                          │
│ ❱ 298 │   │   │   raise compilation_error                                                        │
│   299 │   │   self.set_color_by_tex_to_color_map(self.tex_to_color_map)                          │
│   300 │   │                                                                                      │
│   301 │   │   if self.organize_left_to_right:                                                    │
│                                                                                                  │
│ /workspaces/ai_agent/back/.venv/lib/python3.11/site-packages/manim/mobject/text/tex_mobject.py:2 │
│ 77 in __init__                                                                                   │
│                                                                                                  │
│   274 │   │   self.brace_notation_split_occurred = False                                         │
│   275 │   │   self.tex_strings = self._break_up_tex_strings(tex_strings)                         │
│   276 │   │   try:                                                                               │
│ ❱ 277 │   │   │   super().__init__(                                                              │
│   278 │   │   │   │   self.arg_separator.join(self.tex_strings),                                 │
│   279 │   │   │   │   tex_environment=self.tex_environment,                                      │
│   280 │   │   │   │   tex_template=self.tex_template,                                            │
│                                                                                                  │
│ /workspaces/ai_agent/back/.venv/lib/python3.11/site-packages/manim/mobject/text/tex_mobject.py:8 │
│ 0 in __init__                                                                                    │
│                                                                                                  │
│    77 │   │                                                                                      │
│    78 │   │   assert isinstance(tex_string, str)                                                 │
│    79 │   │   self.tex_string = tex_string                                                       │
│ ❱  80 │   │   file_name = tex_to_svg_file(                                                       │
│    81 │   │   │   self._get_modified_expression(tex_string),                                     │
│    82 │   │   │   environment=self.tex_environment,                                              │
│    83 │   │   │   tex_template=self.tex_template,                                                │
│                                                                                                  │
│ /workspaces/ai_agent/back/.venv/lib/python3.11/site-packages/manim/utils/tex_file_writing.py:65  │
│ in tex_to_svg_file                                                                               │
│                                                                                                  │
│    62 │   if svg_file.exists():                                                                  │
│    63 │   │   return svg_file                                                                    │
│    64 │                                                                                          │
│ ❱  65 │   dvi_file = compile_tex(                                                                │
│    66 │   │   tex_file,                                                                          │
│    67 │   │   tex_template.tex_compiler,                                                         │
│    68 │   │   tex_template.output_format,                                                        │
│                                                                                                  │
│ /workspaces/ai_agent/back/.venv/lib/python3.11/site-packages/manim/utils/tex_file_writing.py:212 │
│ in compile_tex                                                                                   │
│                                                                                                  │
│   209 │   │   if cp.returncode != 0:                                                             │
│   210 │   │   │   log_file = tex_file.with_suffix(".log")                                        │
│   211 │   │   │   print_all_tex_errors(log_file, tex_compiler, tex_file)                         │
│ ❱ 212 │   │   │   raise ValueError(                                                              │
│   213 │   │   │   │   f"{tex_compiler} error converting to"                                      │
│   214 │   │   │   │   f" {output_format[1:]}. See log output above or"                           │
│   215 │   │   │   │   f" the log file: {log_file}",                                              │
╰──────────────────────────────────────────────────────────────────────────────────────────────────╯
ValueError: latex error converting to dvi. See log output above or the log file: media/Tex/40fd3f6cd720c535.log

2025-10-30 09:59:22,654 - WARNING -    [!] Parsed error (for LLM refine):
Line 10: ╭─────────────────────────────── Traceback (most recent call last) ────────────────────────────────╮
2025-10-30 09:59:22,655 - INFO - --- [Branch] Runtime Error. Proceeding to Refine. ---
2025-10-30 09:59:22,655 - INFO - --- 5. [Node] Refining Script (Attempt 3) ---
2025-10-30 09:59:22,655 - DEBUG - STATE at entry of [ _refine_script_on_error ]:
{
  "user_request": "長方形ABCD（A左下, B左上, C右上, D右下）。AB=4cm（縦）, AD=8cm（横）。点Pを1cm/sでA→B→C→Dに等速移動（Dで終了）。左に長方形と三角形ADPを表示し、△ADPをピンクで塗る。頂点A,B,C,Dを表示。辺の長さはAB左外に「4cm」、AD下外に「8cm」だけ表示。右にArea(△ADP)と時刻tのグラフ：全体の曲線は薄灰、進捗は黄色、移動点と縦横の破線ガイドを出... (Total: 264 chars)",
  "generation_instructions": "",
  "animation_plan": "## アニメーション企画案：動点Pと三角形の面積変化\n\nこの企画は、幾何学的な動きとそれによって生成される関数のグラフを視覚的に結びつけるアニメーションです。\n\n---\n\n### 1. 全体構成\n\n画面を左右に分割します。\n*   **左側:** 長方形ABCDと点Pの移動、および三角形ADPの描画。\n*   **右側:** 時刻tに対する三角形ADPの面積のグラフ表示。\n*   **画面上部:** 現在の面積と時刻の数値を表示。\n\n### 2. 左側の描画要素：長方形と動点P\n\n#### 2.1. 長方形ABCD\n\n*   **配置:** 画面の左半分の中央に配置し、周囲に十分な余白を設ける。\n*   **頂点:**\n    *   A: 左下\n    *   B: 左上\n    *   C: 右上\n    *   D: 右下\n    *   （一般的な数学座標系を想定し、Y軸が上方向を正とします。例: A=(x,y), B=(x,y+4), C=(x+8,y+4), D=(x+8,y)）\n*   **辺の長さ:**\n    *   AB（縦）= 4cm\n    *   AD（横）= 8cm\n*   **描画:** 長方形の辺は黒い線で描画。\n*   **頂点ラベル:** 各頂点に「A」「B」「C」「D」と表示。\n*   **辺の長さ表示:**\n    *   辺ABの左側（外側）に「4cm」と表示。\n    *   辺ADの下側（外側）に「8cm」と表示。\n\n#### 2.2. 点Pの移動\n\n*   **経路:** A → B → C → D の順に移動し、Dで終了。\n*   **速度:** 1cm/s の等速移動。\n*   **描画:** 点Pは小さな円（例: 赤色の円）で表示。\n\n#### 2.3. 三角形ADP\n\n*   **描画:** 頂点A、D、および現在の点Pを結んでできる三角形ADPを、**ピンク色**で塗りつぶす。三角形の辺も描画する。\n\n#### 2.4. 点Pの座標とArea(△ADP)の計算\n\n（内部処理用。アニメーションの実装時に参照。）\n\n*   **基準:** Aを原点(0,0)とします。\n    *   A = (0, 0)\n    *   B = (0, 4)\n    *   C = (8, 4)\n    *   D = (8, 0)\n\n*   **Case 1: PがA→B上にあるとき (0 ≤ t ≤ 4)**\n    *   Pの座標: (0, t)\n    *   Area(△ADP) = (1/2) × 底辺AP × 高さDのX座標 = (1/2) × t × 8 = **4t**\n    *   t=0: Area=0\n    *   t=4: Area=16\n\n*   **Case 2: PがB→C上にあるとき (4 < t ≤ 12)**\n    *   Pの座標: (t-4, 4)\n    *   Area(△ADP) = (1/2) × 底辺AD × 高さPのY座標 = (1/2) × 8 × 4 = **16**\n    *   t=12: Area=16\n\n*   **Case 3: PがC→D上にあるとき (12 < t ≤ 16)**\n    *   Pの座標: (8, 16-t)\n    *   Area(△ADP) = (1/2) × 底辺AD × 高さPのY座標 = (1/2) × 8 × (16-t) = **4(16-t) = 64 - 4t**\n    *   t=16: Area=0\n\n---\n\n### 3. 右側の描画要素：面積と時刻のグラフ\n\n#### 3.1. グラフの軸\n\n*   **X軸:** 時刻 t (0秒から16秒まで)\n*   **Y軸:** Area(△ADP) (0cm²から16cm²まで)\n*   **描画:** 軸は黒い線で描画。目盛り線や主要な目盛りラベル（例: X軸に4, 8, 12, 16、Y軸に4, 8, 12, 16）があると分かりやすい。\n\n#### 3.2. 全体の曲線\n\n*   **形状:** (0,0) → (4,16) → (12,16) → (16,0) を結ぶ折れ線グラフ。\n*   **描画:** グラフ全体を**薄灰色の線**で描画。\n\n#### 3.3. 進捗表示\n\n*   **描画:** 現在の時刻tまでのグラフの区間を、**黄色の線**で上書きして表示。\n\n#### 3.4. 移動点とガイド線\n\n*   **移動点:** 現在の(t, Area(t))の位置に小さな円（例: 赤色の円）を描画。\n*   **破線ガイド:**\n    *   移動点からX軸へ垂直に伸びる**破線**。\n    *   移動点からY軸へ水平に伸びる**破線**。\n\n---\n\n### 4. 画面上部の数値表示\n\n*   **左上:** 「Area(△ADP)= [現在のArea値]」\n    *   例: 「Area(△ADP)= 8.0」\n    *   小数点以下1桁まで表示。単位はなし。\n*   **右上:** 「t= [現在のt値]」\n    *   例: 「t= 2.0」\n    *   小数点以下1桁まで表示。単位はなし。\n\n---\n\n### 5. アニメーションの動作\n\n1.  時刻tが0秒から始まり、16秒まで1秒間に1ずつ増加します。\n2.  各時刻tにおいて、点Pの現在位置、Area(△ADP)の値を計算します。\n3.  左側の長方形と点P、△ADPの描画を更新します。\n4.  右側のグラフの進捗（黄色い線）と移動点、破線ガイドを更新します。\n5.  画面上部の数値表示を更新します。\n6.  Dに到達（t=16）した時点でアニメーションは終了します。\n\n---\n\n### 6. レイアウトの指示\n\n*   画面全体は、標準的なアスペクト比（例: 16:9）のキャンバスを使用します。\n*   左側の長方形の図と右側のグラフは、それぞれ画面の左右半分に収まるように配置します。\n*   上下左右に十分な余白を確保し、要素が画面端に密着しないようにします。\n*   文字サイズは、遠くからでも読みやすいように十分に大きくします。\n*   線の太さや色のコントラストを考慮し、視認性を高めます。\n\n---\n\nこの企画案は、視覚的に分かりやすく、教育的な価値も高いアニメーションを提供することを目指します。",
  "video_id": "impact_factor",
  "current_script": "from manim import *\n\nclass GeneratedScene(Scene):\n    def construct(self):\n        # 背景色を白に設定し、黒い線や文字を見やすくする\n        self.camera.background_color = WHITE\n\n        # --- 1. 定数と設定 ---\n        # 長方形のサイズ\n... (Total: 6351 chars)",
  "last_error": "Line 10: ╭─────────────────────────────── Traceback (most recent call last) ────────────────────────────────╮... (Total: 109 chars)",
  "error_type": "runtime",
  "is_bad_request": false,
  "max_retries": 3,
  "current_retry": 2
}
2025-10-30 10:00:39,745 - DEBUG -    [+] Script refined (length: 6526)
2025-10-30 10:00:39,752 - INFO - --- 2. [Node] Checking Security ---
2025-10-30 10:00:39,753 - DEBUG - STATE at entry of [ _check_bad_request ]:
{
  "user_request": "長方形ABCD（A左下, B左上, C右上, D右下）。AB=4cm（縦）, AD=8cm（横）。点Pを1cm/sでA→B→C→Dに等速移動（Dで終了）。左に長方形と三角形ADPを表示し、△ADPをピンクで塗る。頂点A,B,C,Dを表示。辺の長さはAB左外に「4cm」、AD下外に「8cm」だけ表示。右にArea(△ADP)と時刻tのグラフ：全体の曲線は薄灰、進捗は黄色、移動点と縦横の破線ガイドを出... (Total: 264 chars)",
  "generation_instructions": "",
  "animation_plan": "## アニメーション企画案：動点Pと三角形の面積変化\n\nこの企画は、幾何学的な動きとそれによって生成される関数のグラフを視覚的に結びつけるアニメーションです。\n\n---\n\n### 1. 全体構成\n\n画面を左右に分割します。\n*   **左側:** 長方形ABCDと点Pの移動、および三角形ADPの描画。\n*   **右側:** 時刻tに対する三角形ADPの面積のグラフ表示。\n*   **画面上部:** 現在の面積と時刻の数値を表示。\n\n### 2. 左側の描画要素：長方形と動点P\n\n#### 2.1. 長方形ABCD\n\n*   **配置:** 画面の左半分の中央に配置し、周囲に十分な余白を設ける。\n*   **頂点:**\n    *   A: 左下\n    *   B: 左上\n    *   C: 右上\n    *   D: 右下\n    *   （一般的な数学座標系を想定し、Y軸が上方向を正とします。例: A=(x,y), B=(x,y+4), C=(x+8,y+4), D=(x+8,y)）\n*   **辺の長さ:**\n    *   AB（縦）= 4cm\n    *   AD（横）= 8cm\n*   **描画:** 長方形の辺は黒い線で描画。\n*   **頂点ラベル:** 各頂点に「A」「B」「C」「D」と表示。\n*   **辺の長さ表示:**\n    *   辺ABの左側（外側）に「4cm」と表示。\n    *   辺ADの下側（外側）に「8cm」と表示。\n\n#### 2.2. 点Pの移動\n\n*   **経路:** A → B → C → D の順に移動し、Dで終了。\n*   **速度:** 1cm/s の等速移動。\n*   **描画:** 点Pは小さな円（例: 赤色の円）で表示。\n\n#### 2.3. 三角形ADP\n\n*   **描画:** 頂点A、D、および現在の点Pを結んでできる三角形ADPを、**ピンク色**で塗りつぶす。三角形の辺も描画する。\n\n#### 2.4. 点Pの座標とArea(△ADP)の計算\n\n（内部処理用。アニメーションの実装時に参照。）\n\n*   **基準:** Aを原点(0,0)とします。\n    *   A = (0, 0)\n    *   B = (0, 4)\n    *   C = (8, 4)\n    *   D = (8, 0)\n\n*   **Case 1: PがA→B上にあるとき (0 ≤ t ≤ 4)**\n    *   Pの座標: (0, t)\n    *   Area(△ADP) = (1/2) × 底辺AP × 高さDのX座標 = (1/2) × t × 8 = **4t**\n    *   t=0: Area=0\n    *   t=4: Area=16\n\n*   **Case 2: PがB→C上にあるとき (4 < t ≤ 12)**\n    *   Pの座標: (t-4, 4)\n    *   Area(△ADP) = (1/2) × 底辺AD × 高さPのY座標 = (1/2) × 8 × 4 = **16**\n    *   t=12: Area=16\n\n*   **Case 3: PがC→D上にあるとき (12 < t ≤ 16)**\n    *   Pの座標: (8, 16-t)\n    *   Area(△ADP) = (1/2) × 底辺AD × 高さPのY座標 = (1/2) × 8 × (16-t) = **4(16-t) = 64 - 4t**\n    *   t=16: Area=0\n\n---\n\n### 3. 右側の描画要素：面積と時刻のグラフ\n\n#### 3.1. グラフの軸\n\n*   **X軸:** 時刻 t (0秒から16秒まで)\n*   **Y軸:** Area(△ADP) (0cm²から16cm²まで)\n*   **描画:** 軸は黒い線で描画。目盛り線や主要な目盛りラベル（例: X軸に4, 8, 12, 16、Y軸に4, 8, 12, 16）があると分かりやすい。\n\n#### 3.2. 全体の曲線\n\n*   **形状:** (0,0) → (4,16) → (12,16) → (16,0) を結ぶ折れ線グラフ。\n*   **描画:** グラフ全体を**薄灰色の線**で描画。\n\n#### 3.3. 進捗表示\n\n*   **描画:** 現在の時刻tまでのグラフの区間を、**黄色の線**で上書きして表示。\n\n#### 3.4. 移動点とガイド線\n\n*   **移動点:** 現在の(t, Area(t))の位置に小さな円（例: 赤色の円）を描画。\n*   **破線ガイド:**\n    *   移動点からX軸へ垂直に伸びる**破線**。\n    *   移動点からY軸へ水平に伸びる**破線**。\n\n---\n\n### 4. 画面上部の数値表示\n\n*   **左上:** 「Area(△ADP)= [現在のArea値]」\n    *   例: 「Area(△ADP)= 8.0」\n    *   小数点以下1桁まで表示。単位はなし。\n*   **右上:** 「t= [現在のt値]」\n    *   例: 「t= 2.0」\n    *   小数点以下1桁まで表示。単位はなし。\n\n---\n\n### 5. アニメーションの動作\n\n1.  時刻tが0秒から始まり、16秒まで1秒間に1ずつ増加します。\n2.  各時刻tにおいて、点Pの現在位置、Area(△ADP)の値を計算します。\n3.  左側の長方形と点P、△ADPの描画を更新します。\n4.  右側のグラフの進捗（黄色い線）と移動点、破線ガイドを更新します。\n5.  画面上部の数値表示を更新します。\n6.  Dに到達（t=16）した時点でアニメーションは終了します。\n\n---\n\n### 6. レイアウトの指示\n\n*   画面全体は、標準的なアスペクト比（例: 16:9）のキャンバスを使用します。\n*   左側の長方形の図と右側のグラフは、それぞれ画面の左右半分に収まるように配置します。\n*   上下左右に十分な余白を確保し、要素が画面端に密着しないようにします。\n*   文字サイズは、遠くからでも読みやすいように十分に大きくします。\n*   線の太さや色のコントラストを考慮し、視認性を高めます。\n\n---\n\nこの企画案は、視覚的に分かりやすく、教育的な価値も高いアニメーションを提供することを目指します。",
  "video_id": "impact_factor",
  "current_script": "from manim import *\n\nclass GeneratedScene(Scene):\n    def construct(self):\n        # 背景色を白に設定し、黒い線や文字を見やすくする\n        self.camera.background_color = WHITE\n\n        # --- 1. 定数と設定 ---\n        # 長方形のサイズ\n... (Total: 6526 chars)",
  "last_error": "",
  "error_type": "",
  "is_bad_request": false,
  "max_retries": 3,
  "current_retry": 3
}
2025-10-30 10:00:39,753 - INFO -    [+] Secure.
2025-10-30 10:00:39,754 - DEBUG - --- [Branch] Secure. Proceeding to Lint. ---
2025-10-30 10:00:39,754 - INFO - --- 3. [Node] Running Linter (format_and_linter) ---
2025-10-30 10:00:39,755 - DEBUG - STATE at entry of [ _lint_check ]:
{
  "user_request": "長方形ABCD（A左下, B左上, C右上, D右下）。AB=4cm（縦）, AD=8cm（横）。点Pを1cm/sでA→B→C→Dに等速移動（Dで終了）。左に長方形と三角形ADPを表示し、△ADPをピンクで塗る。頂点A,B,C,Dを表示。辺の長さはAB左外に「4cm」、AD下外に「8cm」だけ表示。右にArea(△ADP)と時刻tのグラフ：全体の曲線は薄灰、進捗は黄色、移動点と縦横の破線ガイドを出... (Total: 264 chars)",
  "generation_instructions": "",
  "animation_plan": "## アニメーション企画案：動点Pと三角形の面積変化\n\nこの企画は、幾何学的な動きとそれによって生成される関数のグラフを視覚的に結びつけるアニメーションです。\n\n---\n\n### 1. 全体構成\n\n画面を左右に分割します。\n*   **左側:** 長方形ABCDと点Pの移動、および三角形ADPの描画。\n*   **右側:** 時刻tに対する三角形ADPの面積のグラフ表示。\n*   **画面上部:** 現在の面積と時刻の数値を表示。\n\n### 2. 左側の描画要素：長方形と動点P\n\n#### 2.1. 長方形ABCD\n\n*   **配置:** 画面の左半分の中央に配置し、周囲に十分な余白を設ける。\n*   **頂点:**\n    *   A: 左下\n    *   B: 左上\n    *   C: 右上\n    *   D: 右下\n    *   （一般的な数学座標系を想定し、Y軸が上方向を正とします。例: A=(x,y), B=(x,y+4), C=(x+8,y+4), D=(x+8,y)）\n*   **辺の長さ:**\n    *   AB（縦）= 4cm\n    *   AD（横）= 8cm\n*   **描画:** 長方形の辺は黒い線で描画。\n*   **頂点ラベル:** 各頂点に「A」「B」「C」「D」と表示。\n*   **辺の長さ表示:**\n    *   辺ABの左側（外側）に「4cm」と表示。\n    *   辺ADの下側（外側）に「8cm」と表示。\n\n#### 2.2. 点Pの移動\n\n*   **経路:** A → B → C → D の順に移動し、Dで終了。\n*   **速度:** 1cm/s の等速移動。\n*   **描画:** 点Pは小さな円（例: 赤色の円）で表示。\n\n#### 2.3. 三角形ADP\n\n*   **描画:** 頂点A、D、および現在の点Pを結んでできる三角形ADPを、**ピンク色**で塗りつぶす。三角形の辺も描画する。\n\n#### 2.4. 点Pの座標とArea(△ADP)の計算\n\n（内部処理用。アニメーションの実装時に参照。）\n\n*   **基準:** Aを原点(0,0)とします。\n    *   A = (0, 0)\n    *   B = (0, 4)\n    *   C = (8, 4)\n    *   D = (8, 0)\n\n*   **Case 1: PがA→B上にあるとき (0 ≤ t ≤ 4)**\n    *   Pの座標: (0, t)\n    *   Area(△ADP) = (1/2) × 底辺AP × 高さDのX座標 = (1/2) × t × 8 = **4t**\n    *   t=0: Area=0\n    *   t=4: Area=16\n\n*   **Case 2: PがB→C上にあるとき (4 < t ≤ 12)**\n    *   Pの座標: (t-4, 4)\n    *   Area(△ADP) = (1/2) × 底辺AD × 高さPのY座標 = (1/2) × 8 × 4 = **16**\n    *   t=12: Area=16\n\n*   **Case 3: PがC→D上にあるとき (12 < t ≤ 16)**\n    *   Pの座標: (8, 16-t)\n    *   Area(△ADP) = (1/2) × 底辺AD × 高さPのY座標 = (1/2) × 8 × (16-t) = **4(16-t) = 64 - 4t**\n    *   t=16: Area=0\n\n---\n\n### 3. 右側の描画要素：面積と時刻のグラフ\n\n#### 3.1. グラフの軸\n\n*   **X軸:** 時刻 t (0秒から16秒まで)\n*   **Y軸:** Area(△ADP) (0cm²から16cm²まで)\n*   **描画:** 軸は黒い線で描画。目盛り線や主要な目盛りラベル（例: X軸に4, 8, 12, 16、Y軸に4, 8, 12, 16）があると分かりやすい。\n\n#### 3.2. 全体の曲線\n\n*   **形状:** (0,0) → (4,16) → (12,16) → (16,0) を結ぶ折れ線グラフ。\n*   **描画:** グラフ全体を**薄灰色の線**で描画。\n\n#### 3.3. 進捗表示\n\n*   **描画:** 現在の時刻tまでのグラフの区間を、**黄色の線**で上書きして表示。\n\n#### 3.4. 移動点とガイド線\n\n*   **移動点:** 現在の(t, Area(t))の位置に小さな円（例: 赤色の円）を描画。\n*   **破線ガイド:**\n    *   移動点からX軸へ垂直に伸びる**破線**。\n    *   移動点からY軸へ水平に伸びる**破線**。\n\n---\n\n### 4. 画面上部の数値表示\n\n*   **左上:** 「Area(△ADP)= [現在のArea値]」\n    *   例: 「Area(△ADP)= 8.0」\n    *   小数点以下1桁まで表示。単位はなし。\n*   **右上:** 「t= [現在のt値]」\n    *   例: 「t= 2.0」\n    *   小数点以下1桁まで表示。単位はなし。\n\n---\n\n### 5. アニメーションの動作\n\n1.  時刻tが0秒から始まり、16秒まで1秒間に1ずつ増加します。\n2.  各時刻tにおいて、点Pの現在位置、Area(△ADP)の値を計算します。\n3.  左側の長方形と点P、△ADPの描画を更新します。\n4.  右側のグラフの進捗（黄色い線）と移動点、破線ガイドを更新します。\n5.  画面上部の数値表示を更新します。\n6.  Dに到達（t=16）した時点でアニメーションは終了します。\n\n---\n\n### 6. レイアウトの指示\n\n*   画面全体は、標準的なアスペクト比（例: 16:9）のキャンバスを使用します。\n*   左側の長方形の図と右側のグラフは、それぞれ画面の左右半分に収まるように配置します。\n*   上下左右に十分な余白を確保し、要素が画面端に密着しないようにします。\n*   文字サイズは、遠くからでも読みやすいように十分に大きくします。\n*   線の太さや色のコントラストを考慮し、視認性を高めます。\n\n---\n\nこの企画案は、視覚的に分かりやすく、教育的な価値も高いアニメーションを提供することを目指します。",
  "video_id": "impact_factor",
  "current_script": "from manim import *\n\nclass GeneratedScene(Scene):\n    def construct(self):\n        # 背景色を白に設定し、黒い線や文字を見やすくする\n        self.camera.background_color = WHITE\n\n        # --- 1. 定数と設定 ---\n        # 長方形のサイズ\n... (Total: 6526 chars)",
  "last_error": "",
  "error_type": "",
  "is_bad_request": false,
  "max_retries": 3,
  "current_retry": 3
}
2025-10-30 10:00:39,756 - INFO -    [+] Linter Passed.
2025-10-30 10:00:39,757 - DEBUG - --- [Branch] Linter Passed. Proceeding to Execute. ---
2025-10-30 10:00:39,757 - INFO - --- 4. [Node] Executing Manim ---
2025-10-30 10:00:39,758 - DEBUG - STATE at entry of [ _execute_script ]:
{
  "user_request": "長方形ABCD（A左下, B左上, C右上, D右下）。AB=4cm（縦）, AD=8cm（横）。点Pを1cm/sでA→B→C→Dに等速移動（Dで終了）。左に長方形と三角形ADPを表示し、△ADPをピンクで塗る。頂点A,B,C,Dを表示。辺の長さはAB左外に「4cm」、AD下外に「8cm」だけ表示。右にArea(△ADP)と時刻tのグラフ：全体の曲線は薄灰、進捗は黄色、移動点と縦横の破線ガイドを出... (Total: 264 chars)",
  "generation_instructions": "",
  "animation_plan": "## アニメーション企画案：動点Pと三角形の面積変化\n\nこの企画は、幾何学的な動きとそれによって生成される関数のグラフを視覚的に結びつけるアニメーションです。\n\n---\n\n### 1. 全体構成\n\n画面を左右に分割します。\n*   **左側:** 長方形ABCDと点Pの移動、および三角形ADPの描画。\n*   **右側:** 時刻tに対する三角形ADPの面積のグラフ表示。\n*   **画面上部:** 現在の面積と時刻の数値を表示。\n\n### 2. 左側の描画要素：長方形と動点P\n\n#### 2.1. 長方形ABCD\n\n*   **配置:** 画面の左半分の中央に配置し、周囲に十分な余白を設ける。\n*   **頂点:**\n    *   A: 左下\n    *   B: 左上\n    *   C: 右上\n    *   D: 右下\n    *   （一般的な数学座標系を想定し、Y軸が上方向を正とします。例: A=(x,y), B=(x,y+4), C=(x+8,y+4), D=(x+8,y)）\n*   **辺の長さ:**\n    *   AB（縦）= 4cm\n    *   AD（横）= 8cm\n*   **描画:** 長方形の辺は黒い線で描画。\n*   **頂点ラベル:** 各頂点に「A」「B」「C」「D」と表示。\n*   **辺の長さ表示:**\n    *   辺ABの左側（外側）に「4cm」と表示。\n    *   辺ADの下側（外側）に「8cm」と表示。\n\n#### 2.2. 点Pの移動\n\n*   **経路:** A → B → C → D の順に移動し、Dで終了。\n*   **速度:** 1cm/s の等速移動。\n*   **描画:** 点Pは小さな円（例: 赤色の円）で表示。\n\n#### 2.3. 三角形ADP\n\n*   **描画:** 頂点A、D、および現在の点Pを結んでできる三角形ADPを、**ピンク色**で塗りつぶす。三角形の辺も描画する。\n\n#### 2.4. 点Pの座標とArea(△ADP)の計算\n\n（内部処理用。アニメーションの実装時に参照。）\n\n*   **基準:** Aを原点(0,0)とします。\n    *   A = (0, 0)\n    *   B = (0, 4)\n    *   C = (8, 4)\n    *   D = (8, 0)\n\n*   **Case 1: PがA→B上にあるとき (0 ≤ t ≤ 4)**\n    *   Pの座標: (0, t)\n    *   Area(△ADP) = (1/2) × 底辺AP × 高さDのX座標 = (1/2) × t × 8 = **4t**\n    *   t=0: Area=0\n    *   t=4: Area=16\n\n*   **Case 2: PがB→C上にあるとき (4 < t ≤ 12)**\n    *   Pの座標: (t-4, 4)\n    *   Area(△ADP) = (1/2) × 底辺AD × 高さPのY座標 = (1/2) × 8 × 4 = **16**\n    *   t=12: Area=16\n\n*   **Case 3: PがC→D上にあるとき (12 < t ≤ 16)**\n    *   Pの座標: (8, 16-t)\n    *   Area(△ADP) = (1/2) × 底辺AD × 高さPのY座標 = (1/2) × 8 × (16-t) = **4(16-t) = 64 - 4t**\n    *   t=16: Area=0\n\n---\n\n### 3. 右側の描画要素：面積と時刻のグラフ\n\n#### 3.1. グラフの軸\n\n*   **X軸:** 時刻 t (0秒から16秒まで)\n*   **Y軸:** Area(△ADP) (0cm²から16cm²まで)\n*   **描画:** 軸は黒い線で描画。目盛り線や主要な目盛りラベル（例: X軸に4, 8, 12, 16、Y軸に4, 8, 12, 16）があると分かりやすい。\n\n#### 3.2. 全体の曲線\n\n*   **形状:** (0,0) → (4,16) → (12,16) → (16,0) を結ぶ折れ線グラフ。\n*   **描画:** グラフ全体を**薄灰色の線**で描画。\n\n#### 3.3. 進捗表示\n\n*   **描画:** 現在の時刻tまでのグラフの区間を、**黄色の線**で上書きして表示。\n\n#### 3.4. 移動点とガイド線\n\n*   **移動点:** 現在の(t, Area(t))の位置に小さな円（例: 赤色の円）を描画。\n*   **破線ガイド:**\n    *   移動点からX軸へ垂直に伸びる**破線**。\n    *   移動点からY軸へ水平に伸びる**破線**。\n\n---\n\n### 4. 画面上部の数値表示\n\n*   **左上:** 「Area(△ADP)= [現在のArea値]」\n    *   例: 「Area(△ADP)= 8.0」\n    *   小数点以下1桁まで表示。単位はなし。\n*   **右上:** 「t= [現在のt値]」\n    *   例: 「t= 2.0」\n    *   小数点以下1桁まで表示。単位はなし。\n\n---\n\n### 5. アニメーションの動作\n\n1.  時刻tが0秒から始まり、16秒まで1秒間に1ずつ増加します。\n2.  各時刻tにおいて、点Pの現在位置、Area(△ADP)の値を計算します。\n3.  左側の長方形と点P、△ADPの描画を更新します。\n4.  右側のグラフの進捗（黄色い線）と移動点、破線ガイドを更新します。\n5.  画面上部の数値表示を更新します。\n6.  Dに到達（t=16）した時点でアニメーションは終了します。\n\n---\n\n### 6. レイアウトの指示\n\n*   画面全体は、標準的なアスペクト比（例: 16:9）のキャンバスを使用します。\n*   左側の長方形の図と右側のグラフは、それぞれ画面の左右半分に収まるように配置します。\n*   上下左右に十分な余白を確保し、要素が画面端に密着しないようにします。\n*   文字サイズは、遠くからでも読みやすいように十分に大きくします。\n*   線の太さや色のコントラストを考慮し、視認性を高めます。\n\n---\n\nこの企画案は、視覚的に分かりやすく、教育的な価値も高いアニメーションを提供することを目指します。",
  "video_id": "impact_factor",
  "current_script": "from manim import *\n\nclass GeneratedScene(Scene):\n    def construct(self):\n        # 背景色を白に設定し、黒い線や文字を見やすくする\n        self.camera.background_color = WHITE\n\n        # --- 1. 定数と設定 ---\n        # 長方形のサイズ\n... (Total: 6526 chars)",
  "last_error": "",
  "error_type": "",
  "is_bad_request": false,
  "max_retries": 3,
  "current_retry": 3
}
2025-10-30 10:00:41,305 - ERROR -    [!] Execution Failed (Runtime Error).
╭─────────────────────────────── Traceback (most recent call last) ────────────────────────────────╮
│ /workspaces/ai_agent/back/.venv/lib/python3.11/site-packages/manim/cli/render/commands.py:125 in │
│ render                                                                                           │
│                                                                                                  │
│   122 │   │   │   try:                                                                           │
│   123 │   │   │   │   with tempconfig({}):                                                       │
│   124 │   │   │   │   │   scene = SceneClass()                                                   │
│ ❱ 125 │   │   │   │   │   scene.render()                                                         │
│   126 │   │   │   except Exception:                                                              │
│   127 │   │   │   │   error_console.print_exception()                                            │
│   128 │   │   │   │   sys.exit(1)                                                                │
│                                                                                                  │
│ /workspaces/ai_agent/back/.venv/lib/python3.11/site-packages/manim/scene/scene.py:237 in render  │
│                                                                                                  │
│    234 │   │   """                                                                               │
│    235 │   │   self.setup()                                                                      │
│    236 │   │   try:                                                                              │
│ ❱  237 │   │   │   self.construct()                                                              │
│    238 │   │   except EndSceneEarlyException:                                                    │
│    239 │   │   │   pass                                                                          │
│    240 │   │   except RerunSceneException:                                                       │
│                                                                                                  │
│ /workspaces/ai_agent/back/tmp/impact_factor.py:82 in construct                                   │
│                                                                                                  │
│    79 │   │                                                                                      │
│    80 │   │   # 軸ラベル - 背景が白なので文字色を黒に設定                                        │
│    81 │   │   axis_labels = VGroup(                                                              │
│ ❱  82 │   │   │   axes.get_x_axis_label(Tex("時刻 t").scale(0.8).set_color(BLACK), edge=DOWN,    │
│    83 │   │   │   axes.get_y_axis_label(Tex("面積 Area").scale(0.8).set_color(BLACK), edge=LEF   │
│    84 │   │   )                                                                                  │
│    85                                                                                            │
│                                                                                                  │
│ /workspaces/ai_agent/back/.venv/lib/python3.11/site-packages/manim/mobject/text/tex_mobject.py:4 │
│ 52 in __init__                                                                                   │
│                                                                                                  │
│   449 │   def __init__(                                                                          │
│   450 │   │   self, *tex_strings, arg_separator="", tex_environment="center", **kwargs           │
│   451 │   ):                                                                                     │
│ ❱ 452 │   │   super().__init__(                                                                  │
│   453 │   │   │   *tex_strings,                                                                  │
│   454 │   │   │   arg_separator=arg_separator,                                                   │
│   455 │   │   │   tex_environment=tex_environment,                                               │
│                                                                                                  │
│ /workspaces/ai_agent/back/.venv/lib/python3.11/site-packages/manim/mobject/text/tex_mobject.py:2 │
│ 98 in __init__                                                                                   │
│                                                                                                  │
│   295 │   │   │   │   │   │   """,                                                               │
│   296 │   │   │   │   │   ),                                                                     │
│   297 │   │   │   │   )                                                                          │
│ ❱ 298 │   │   │   raise compilation_error                                                        │
│   299 │   │   self.set_color_by_tex_to_color_map(self.tex_to_color_map)                          │
│   300 │   │                                                                                      │
│   301 │   │   if self.organize_left_to_right:                                                    │
│                                                                                                  │
│ /workspaces/ai_agent/back/.venv/lib/python3.11/site-packages/manim/mobject/text/tex_mobject.py:2 │
│ 77 in __init__                                                                                   │
│                                                                                                  │
│   274 │   │   self.brace_notation_split_occurred = False                                         │
│   275 │   │   self.tex_strings = self._break_up_tex_strings(tex_strings)                         │
│   276 │   │   try:                                                                               │
│ ❱ 277 │   │   │   super().__init__(                                                              │
│   278 │   │   │   │   self.arg_separator.join(self.tex_strings),                                 │
│   279 │   │   │   │   tex_environment=self.tex_environment,                                      │
│   280 │   │   │   │   tex_template=self.tex_template,                                            │
│                                                                                                  │
│ /workspaces/ai_agent/back/.venv/lib/python3.11/site-packages/manim/mobject/text/tex_mobject.py:8 │
│ 0 in __init__                                                                                    │
│                                                                                                  │
│    77 │   │                                                                                      │
│    78 │   │   assert isinstance(tex_string, str)                                                 │
│    79 │   │   self.tex_string = tex_string                                                       │
│ ❱  80 │   │   file_name = tex_to_svg_file(                                                       │
│    81 │   │   │   self._get_modified_expression(tex_string),                                     │
│    82 │   │   │   environment=self.tex_environment,                                              │
│    83 │   │   │   tex_template=self.tex_template,                                                │
│                                                                                                  │
│ /workspaces/ai_agent/back/.venv/lib/python3.11/site-packages/manim/utils/tex_file_writing.py:65  │
│ in tex_to_svg_file                                                                               │
│                                                                                                  │
│    62 │   if svg_file.exists():                                                                  │
│    63 │   │   return svg_file                                                                    │
│    64 │                                                                                          │
│ ❱  65 │   dvi_file = compile_tex(                                                                │
│    66 │   │   tex_file,                                                                          │
│    67 │   │   tex_template.tex_compiler,                                                         │
│    68 │   │   tex_template.output_format,                                                        │
│                                                                                                  │
│ /workspaces/ai_agent/back/.venv/lib/python3.11/site-packages/manim/utils/tex_file_writing.py:212 │
│ in compile_tex                                                                                   │
│                                                                                                  │
│   209 │   │   if cp.returncode != 0:                                                             │
│   210 │   │   │   log_file = tex_file.with_suffix(".log")                                        │
│   211 │   │   │   print_all_tex_errors(log_file, tex_compiler, tex_file)                         │
│ ❱ 212 │   │   │   raise ValueError(                                                              │
│   213 │   │   │   │   f"{tex_compiler} error converting to"                                      │
│   214 │   │   │   │   f" {output_format[1:]}. See log output above or"                           │
│   215 │   │   │   │   f" the log file: {log_file}",                                              │
╰──────────────────────────────────────────────────────────────────────────────────────────────────╯
ValueError: latex error converting to dvi. See log output above or the log file: media/Tex/40fd3f6cd720c535.log

2025-10-30 10:00:41,305 - WARNING -    [!] Parsed error (for LLM refine):
Line 10: ╭─────────────────────────────── Traceback (most recent call last) ────────────────────────────────╮
2025-10-30 10:00:41,305 - WARNING - --- [Branch] Max Retries Reached (Runtime Error). Ending. ---
2025-10-30 10:00:41,306 - ERROR - --- Graph Finished: Error (Max Retries Reached) ---
2025-10-31 09:41:47,103 - INFO - Prompts loaded from prompts.toml.
2025-10-31 09:41:47,104 - INFO - Using dummy prompts as prompts.toml not found.
2025-10-31 09:41:47,196 - INFO - ManimAnimationService initialized.
2025-10-31 09:41:47,197 - INFO - --- Starting Graph for Video ID: animation (Max Retries: 3) ---
2025-10-31 09:41:47,200 - INFO - --- 1. [Node] Generating Initial Script ---
2025-10-31 09:41:47,200 - DEBUG - STATE at entry of [ _generate_initial_script ]:
{
  "user_request": "単位円を使って、角度θに対応する点P(cosθ, sinθ)が円周上を動く様子を左側に表示してください。右側にはθを0°から360°まで30°刻みで変化させたときのsinθとcosθの値を表にして表示し、現在のθの行をハイライトしてください。また、sinθとcosθの符号がどの象限で変わるのか（第1象限は+,+、第2象限は-,+、第3象限は-,-、第4象限は+,-）を色分けして示してください。... (Total: 198 chars)",
  "generation_instructions": "",
  "animation_plan": "",
  "video_id": "animation",
  "current_script": "",
  "last_error": "",
  "error_type": "",
  "is_bad_request": false,
  "max_retries": 3,
  "current_retry": 0
}
2025-10-31 09:43:20,308 - INFO - --- 取得した中間出力 (Planner) ---
2025-10-31 09:43:20,310 - INFO - ### Manim シーン生成指示

#### 1. Manim で描画すべき図形やテキスト

*   **左側（単位円エリア）**
    *   **タイトル**: "単位円と三角関数" (シーン上部中央、大きめ、白)
    *   **座標軸**: X軸、Y軸 (中心に配置、細いグレーの線、目盛りなし)
    *   **単位円**: 半径1の円 (薄い青色の線)
    *   **原点O**: (0,0)に小さな点 (黒)
    *   **点P**: 円周上の点(cosθ, sinθ) (小さめの赤い点)
    *   **線分OP**: 原点Oから点Pへの線分 (赤い線)
    *   **角度θ**: X軸の正の部分から線分OPまでの弧 (黄色の弧)
    *   **テキスト "θ"**: 角度の弧の近くに配置 (黄色)
    *   **テキスト "P(cosθ, sinθ)"**: 点Pの近くに配置、座標値はリアルタイムで更新 (白)
    *   **象限表示**: 各象限の中央付近に符号テキストと色分けされた背景（またはテキストの色）
        *   第1象限: "(+,+)" (緑)
        *   第2象限: "(-,+)" (青)
        *   第3象限: "(-,-)" (赤)
        *   第4象限: "(+,-)" (紫)

*   **右側（表エリア）**
    *   **表**: 3列 ("θ", "cosθ", "sinθ") x 13行 (ヘッダー+0°から360°まで30°刻み)
    *   **表のデータ**:
        *   "θ" 列: 0°, 30°, 60°, ..., 360°
        *   "cosθ" 列: 対応するcosθの値 (小数点以下2桁)
        *   "sinθ" 列: 対応するsinθの値 (小数点以下2桁)
    *   **行の背景色**: 象限の色と対応させる（例: 0°～90°は緑、90°～180°は青、など）
    *   **ハイライト**: 現在のθに対応する行を明るい黄色でハイライト

#### 2. 図形やテキストをどのように動かすか

*   **初期表示**:
    *   タイトル、座標軸、単位円、原点、象限表示（符号と色）を表のヘッダーと共にフェードインまたは描画アニメーションで表示。
    *   θ=0°での点P、線分OP、角度θ（見えない状態から描画）、"P(cosθ, sinθ)"テキスト、表の初期行（0°）をハイライト表示。
*   **角度変化アニメーション**:
    *   θを0°から360°まで30°刻みで変化させる。
    *   **点P**: 円周上を滑らかに移動。
    *   **線分OP**: 点Pに合わせて原点を中心に回転。
    *   **角度θ**: 弧がX軸から点Pまで成長するアニメーション。
    *   **"P(cosθ, sinθ)"テキスト**: 点Pの移動に合わせて座標値を更新。
    *   **表のハイライト**: θが変化するたびに、対応する表の行をハイライトし、前の行のハイライトを解除。ハイライトは瞬時に切り替える。
    *   **象限の強調**: 各象限の境界（90°, 180°, 270°, 360°）を通過する際に、アニメーション速度を少し落とすか、短い一時停止を挟む。

#### 3. シーン全体の流れ

1.  **シーン開始**: 全体のタイトル表示。単位円エリアの基本要素（円、軸、原点、象限の符号と色）と表エリアのヘッダーを同時に描画/フェードイン。
2.  **初期状態**: θ=0°の点P、線分OP、角度θ（最初は見えない）、"P(1.00, 0.00)"テキストを表示。表の0°の行をハイライト。
3.  **ループ**:
    *   θを30°ずつ増加させる。
    *   新しいθ値に向けて点P、線分OP、角度θをアニメーションさせる。
    *   "P(cosθ, sinθ)"テキストを更新。
    *   表の現在のθの行をハイライトし、前の行のハイライトを解除。
    *   各ステップで数秒間静止し、視聴者が情報を確認できるようにする。
    *   θが360°に達するまで繰り返す。
4.  **終了**: 全ての角度が示された後、最終状態を数秒間表示してシーンを終了。

#### 4. シーンが見やすいものになるようにするための注意

*   **レイアウト**: 単位円エリアと表エリアを左右に明確に分割し、それぞれの要素が重ならないように配置する。
*   **色使い**: 象限の色分け（緑、青、赤、紫）は、視覚的に区別しやすく、かつ全体のトーンに調和するよう選定する。表の行背景色と象限の符号テキストの色を一致させることで、視覚的な関連付けを強化する。
*   **テキストサイズと可読性**: 全てのテキスト（タイトル、座標、表の数値、象限の符号）は、遠くからでも読みやすい適切なサイズとフォントで表示する。
*   **アニメーション速度**: 点Pの移動、線分OPの回転、角度θの成長は、視聴者が変化を追える程度の滑らかな速度に調整する。各ステップでの一時停止は、情報の理解を助けるために十分な長さを確保する。
*   **数値の精度**: 表に表示されるcosθとsinθの値は、小数点以下2桁に統一し、見やすくする。
*   **強調ポイント**: 象限の境界（90°, 180°, 270°）では、アニメーションをわずかに遅くしたり、一時停止を長くしたりして、視覚的な強調を加える。
2025-10-31 09:43:20,310 - INFO - -----------------------------------
2025-10-31 09:43:20,310 - DEBUG -    [+] Initial script generated (length: 4726)
2025-10-31 09:43:20,316 - INFO - --- 2. [Node] Checking Security ---
2025-10-31 09:43:20,316 - DEBUG - STATE at entry of [ _check_bad_request ]:
{
  "user_request": "単位円を使って、角度θに対応する点P(cosθ, sinθ)が円周上を動く様子を左側に表示してください。右側にはθを0°から360°まで30°刻みで変化させたときのsinθとcosθの値を表にして表示し、現在のθの行をハイライトしてください。また、sinθとcosθの符号がどの象限で変わるのか（第1象限は+,+、第2象限は-,+、第3象限は-,-、第4象限は+,-）を色分けして示してください。... (Total: 198 chars)",
  "generation_instructions": "",
  "animation_plan": "### Manim シーン生成指示\n\n#### 1. Manim で描画すべき図形やテキスト\n\n*   **左側（単位円エリア）**\n    *   **タイトル**: \"単位円と三角関数\" (シーン上部中央、大きめ、白)\n    *   **座標軸**: X軸、Y軸 (中心に配置、細いグレーの線、目盛りなし)\n    *   **単位円**: 半径1の円 (薄い青色の線)\n    *   **原点O**: (0,0)に小さな点 (黒)\n    *   **点P**: 円周上の点(cosθ, sinθ) (小さめの赤い点)\n    *   **線分OP**: 原点Oから点Pへの線分 (赤い線)\n    *   **角度θ**: X軸の正の部分から線分OPまでの弧 (黄色の弧)\n    *   **テキスト \"θ\"**: 角度の弧の近くに配置 (黄色)\n    *   **テキスト \"P(cosθ, sinθ)\"**: 点Pの近くに配置、座標値はリアルタイムで更新 (白)\n    *   **象限表示**: 各象限の中央付近に符号テキストと色分けされた背景（またはテキストの色）\n        *   第1象限: \"(+,+)\" (緑)\n        *   第2象限: \"(-,+)\" (青)\n        *   第3象限: \"(-,-)\" (赤)\n        *   第4象限: \"(+,-)\" (紫)\n\n*   **右側（表エリア）**\n    *   **表**: 3列 (\"θ\", \"cosθ\", \"sinθ\") x 13行 (ヘッダー+0°から360°まで30°刻み)\n    *   **表のデータ**:\n        *   \"θ\" 列: 0°, 30°, 60°, ..., 360°\n        *   \"cosθ\" 列: 対応するcosθの値 (小数点以下2桁)\n        *   \"sinθ\" 列: 対応するsinθの値 (小数点以下2桁)\n    *   **行の背景色**: 象限の色と対応させる（例: 0°～90°は緑、90°～180°は青、など）\n    *   **ハイライト**: 現在のθに対応する行を明るい黄色でハイライト\n\n#### 2. 図形やテキストをどのように動かすか\n\n*   **初期表示**:\n    *   タイトル、座標軸、単位円、原点、象限表示（符号と色）を表のヘッダーと共にフェードインまたは描画アニメーションで表示。\n    *   θ=0°での点P、線分OP、角度θ（見えない状態から描画）、\"P(cosθ, sinθ)\"テキスト、表の初期行（0°）をハイライト表示。\n*   **角度変化アニメーション**:\n    *   θを0°から360°まで30°刻みで変化させる。\n    *   **点P**: 円周上を滑らかに移動。\n    *   **線分OP**: 点Pに合わせて原点を中心に回転。\n    *   **角度θ**: 弧がX軸から点Pまで成長するアニメーション。\n    *   **\"P(cosθ, sinθ)\"テキスト**: 点Pの移動に合わせて座標値を更新。\n    *   **表のハイライト**: θが変化するたびに、対応する表の行をハイライトし、前の行のハイライトを解除。ハイライトは瞬時に切り替える。\n    *   **象限の強調**: 各象限の境界（90°, 180°, 270°, 360°）を通過する際に、アニメーション速度を少し落とすか、短い一時停止を挟む。\n\n#### 3. シーン全体の流れ\n\n1.  **シーン開始**: 全体のタイトル表示。単位円エリアの基本要素（円、軸、原点、象限の符号と色）と表エリアのヘッダーを同時に描画/フェードイン。\n2.  **初期状態**: θ=0°の点P、線分OP、角度θ（最初は見えない）、\"P(1.00, 0.00)\"テキストを表示。表の0°の行をハイライト。\n3.  **ループ**:\n    *   θを30°ずつ増加させる。\n    *   新しいθ値に向けて点P、線分OP、角度θをアニメーションさせる。\n    *   \"P(cosθ, sinθ)\"テキストを更新。\n    *   表の現在のθの行をハイライトし、前の行のハイライトを解除。\n    *   各ステップで数秒間静止し、視聴者が情報を確認できるようにする。\n    *   θが360°に達するまで繰り返す。\n4.  **終了**: 全ての角度が示された後、最終状態を数秒間表示してシーンを終了。\n\n#### 4. シーンが見やすいものになるようにするための注意\n\n*   **レイアウト**: 単位円エリアと表エリアを左右に明確に分割し、それぞれの要素が重ならないように配置する。\n*   **色使い**: 象限の色分け（緑、青、赤、紫）は、視覚的に区別しやすく、かつ全体のトーンに調和するよう選定する。表の行背景色と象限の符号テキストの色を一致させることで、視覚的な関連付けを強化する。\n*   **テキストサイズと可読性**: 全てのテキスト（タイトル、座標、表の数値、象限の符号）は、遠くからでも読みやすい適切なサイズとフォントで表示する。\n*   **アニメーション速度**: 点Pの移動、線分OPの回転、角度θの成長は、視聴者が変化を追える程度の滑らかな速度に調整する。各ステップでの一時停止は、情報の理解を助けるために十分な長さを確保する。\n*   **数値の精度**: 表に表示されるcosθとsinθの値は、小数点以下2桁に統一し、見やすくする。\n*   **強調ポイント**: 象限の境界（90°, 180°, 270°）では、アニメーションをわずかに遅くしたり、一時停止を長くしたりして、視覚的な強調を加える。",
  "video_id": "animation",
  "current_script": "from manim import *\nimport numpy as np\n\nclass GeneratedScene(Scene):\n    def construct(self):\n        # 日本語フォント設定\n        jp_font = \"Noto Sans JP\"\n\n        # 象限の色設定\n        q1_color = GREEN\n        q2... (Total: 4726 chars)",
  "last_error": "",
  "error_type": "",
  "is_bad_request": false,
  "max_retries": 3,
  "current_retry": 0
}
2025-10-31 09:43:20,317 - INFO -    [+] Secure.
2025-10-31 09:43:20,317 - DEBUG - --- [Branch] Secure. Proceeding to Lint. ---
2025-10-31 09:43:20,318 - INFO - --- 3. [Node] Running Linter (format_and_linter) ---
2025-10-31 09:43:20,318 - DEBUG - STATE at entry of [ _lint_check ]:
{
  "user_request": "単位円を使って、角度θに対応する点P(cosθ, sinθ)が円周上を動く様子を左側に表示してください。右側にはθを0°から360°まで30°刻みで変化させたときのsinθとcosθの値を表にして表示し、現在のθの行をハイライトしてください。また、sinθとcosθの符号がどの象限で変わるのか（第1象限は+,+、第2象限は-,+、第3象限は-,-、第4象限は+,-）を色分けして示してください。... (Total: 198 chars)",
  "generation_instructions": "",
  "animation_plan": "### Manim シーン生成指示\n\n#### 1. Manim で描画すべき図形やテキスト\n\n*   **左側（単位円エリア）**\n    *   **タイトル**: \"単位円と三角関数\" (シーン上部中央、大きめ、白)\n    *   **座標軸**: X軸、Y軸 (中心に配置、細いグレーの線、目盛りなし)\n    *   **単位円**: 半径1の円 (薄い青色の線)\n    *   **原点O**: (0,0)に小さな点 (黒)\n    *   **点P**: 円周上の点(cosθ, sinθ) (小さめの赤い点)\n    *   **線分OP**: 原点Oから点Pへの線分 (赤い線)\n    *   **角度θ**: X軸の正の部分から線分OPまでの弧 (黄色の弧)\n    *   **テキスト \"θ\"**: 角度の弧の近くに配置 (黄色)\n    *   **テキスト \"P(cosθ, sinθ)\"**: 点Pの近くに配置、座標値はリアルタイムで更新 (白)\n    *   **象限表示**: 各象限の中央付近に符号テキストと色分けされた背景（またはテキストの色）\n        *   第1象限: \"(+,+)\" (緑)\n        *   第2象限: \"(-,+)\" (青)\n        *   第3象限: \"(-,-)\" (赤)\n        *   第4象限: \"(+,-)\" (紫)\n\n*   **右側（表エリア）**\n    *   **表**: 3列 (\"θ\", \"cosθ\", \"sinθ\") x 13行 (ヘッダー+0°から360°まで30°刻み)\n    *   **表のデータ**:\n        *   \"θ\" 列: 0°, 30°, 60°, ..., 360°\n        *   \"cosθ\" 列: 対応するcosθの値 (小数点以下2桁)\n        *   \"sinθ\" 列: 対応するsinθの値 (小数点以下2桁)\n    *   **行の背景色**: 象限の色と対応させる（例: 0°～90°は緑、90°～180°は青、など）\n    *   **ハイライト**: 現在のθに対応する行を明るい黄色でハイライト\n\n#### 2. 図形やテキストをどのように動かすか\n\n*   **初期表示**:\n    *   タイトル、座標軸、単位円、原点、象限表示（符号と色）を表のヘッダーと共にフェードインまたは描画アニメーションで表示。\n    *   θ=0°での点P、線分OP、角度θ（見えない状態から描画）、\"P(cosθ, sinθ)\"テキスト、表の初期行（0°）をハイライト表示。\n*   **角度変化アニメーション**:\n    *   θを0°から360°まで30°刻みで変化させる。\n    *   **点P**: 円周上を滑らかに移動。\n    *   **線分OP**: 点Pに合わせて原点を中心に回転。\n    *   **角度θ**: 弧がX軸から点Pまで成長するアニメーション。\n    *   **\"P(cosθ, sinθ)\"テキスト**: 点Pの移動に合わせて座標値を更新。\n    *   **表のハイライト**: θが変化するたびに、対応する表の行をハイライトし、前の行のハイライトを解除。ハイライトは瞬時に切り替える。\n    *   **象限の強調**: 各象限の境界（90°, 180°, 270°, 360°）を通過する際に、アニメーション速度を少し落とすか、短い一時停止を挟む。\n\n#### 3. シーン全体の流れ\n\n1.  **シーン開始**: 全体のタイトル表示。単位円エリアの基本要素（円、軸、原点、象限の符号と色）と表エリアのヘッダーを同時に描画/フェードイン。\n2.  **初期状態**: θ=0°の点P、線分OP、角度θ（最初は見えない）、\"P(1.00, 0.00)\"テキストを表示。表の0°の行をハイライト。\n3.  **ループ**:\n    *   θを30°ずつ増加させる。\n    *   新しいθ値に向けて点P、線分OP、角度θをアニメーションさせる。\n    *   \"P(cosθ, sinθ)\"テキストを更新。\n    *   表の現在のθの行をハイライトし、前の行のハイライトを解除。\n    *   各ステップで数秒間静止し、視聴者が情報を確認できるようにする。\n    *   θが360°に達するまで繰り返す。\n4.  **終了**: 全ての角度が示された後、最終状態を数秒間表示してシーンを終了。\n\n#### 4. シーンが見やすいものになるようにするための注意\n\n*   **レイアウト**: 単位円エリアと表エリアを左右に明確に分割し、それぞれの要素が重ならないように配置する。\n*   **色使い**: 象限の色分け（緑、青、赤、紫）は、視覚的に区別しやすく、かつ全体のトーンに調和するよう選定する。表の行背景色と象限の符号テキストの色を一致させることで、視覚的な関連付けを強化する。\n*   **テキストサイズと可読性**: 全てのテキスト（タイトル、座標、表の数値、象限の符号）は、遠くからでも読みやすい適切なサイズとフォントで表示する。\n*   **アニメーション速度**: 点Pの移動、線分OPの回転、角度θの成長は、視聴者が変化を追える程度の滑らかな速度に調整する。各ステップでの一時停止は、情報の理解を助けるために十分な長さを確保する。\n*   **数値の精度**: 表に表示されるcosθとsinθの値は、小数点以下2桁に統一し、見やすくする。\n*   **強調ポイント**: 象限の境界（90°, 180°, 270°）では、アニメーションをわずかに遅くしたり、一時停止を長くしたりして、視覚的な強調を加える。",
  "video_id": "animation",
  "current_script": "from manim import *\nimport numpy as np\n\nclass GeneratedScene(Scene):\n    def construct(self):\n        # 日本語フォント設定\n        jp_font = \"Noto Sans JP\"\n\n        # 象限の色設定\n        q1_color = GREEN\n        q2... (Total: 4726 chars)",
  "last_error": "",
  "error_type": "",
  "is_bad_request": false,
  "max_retries": 3,
  "current_retry": 0
}
2025-10-31 09:43:20,321 - INFO -    [+] Linter Passed.
2025-10-31 09:43:20,322 - DEBUG - --- [Branch] Linter Passed. Proceeding to Execute. ---
2025-10-31 09:43:20,322 - INFO - --- 4. [Node] Executing Manim ---
2025-10-31 09:43:20,322 - DEBUG - STATE at entry of [ _execute_script ]:
{
  "user_request": "単位円を使って、角度θに対応する点P(cosθ, sinθ)が円周上を動く様子を左側に表示してください。右側にはθを0°から360°まで30°刻みで変化させたときのsinθとcosθの値を表にして表示し、現在のθの行をハイライトしてください。また、sinθとcosθの符号がどの象限で変わるのか（第1象限は+,+、第2象限は-,+、第3象限は-,-、第4象限は+,-）を色分けして示してください。... (Total: 198 chars)",
  "generation_instructions": "",
  "animation_plan": "### Manim シーン生成指示\n\n#### 1. Manim で描画すべき図形やテキスト\n\n*   **左側（単位円エリア）**\n    *   **タイトル**: \"単位円と三角関数\" (シーン上部中央、大きめ、白)\n    *   **座標軸**: X軸、Y軸 (中心に配置、細いグレーの線、目盛りなし)\n    *   **単位円**: 半径1の円 (薄い青色の線)\n    *   **原点O**: (0,0)に小さな点 (黒)\n    *   **点P**: 円周上の点(cosθ, sinθ) (小さめの赤い点)\n    *   **線分OP**: 原点Oから点Pへの線分 (赤い線)\n    *   **角度θ**: X軸の正の部分から線分OPまでの弧 (黄色の弧)\n    *   **テキスト \"θ\"**: 角度の弧の近くに配置 (黄色)\n    *   **テキスト \"P(cosθ, sinθ)\"**: 点Pの近くに配置、座標値はリアルタイムで更新 (白)\n    *   **象限表示**: 各象限の中央付近に符号テキストと色分けされた背景（またはテキストの色）\n        *   第1象限: \"(+,+)\" (緑)\n        *   第2象限: \"(-,+)\" (青)\n        *   第3象限: \"(-,-)\" (赤)\n        *   第4象限: \"(+,-)\" (紫)\n\n*   **右側（表エリア）**\n    *   **表**: 3列 (\"θ\", \"cosθ\", \"sinθ\") x 13行 (ヘッダー+0°から360°まで30°刻み)\n    *   **表のデータ**:\n        *   \"θ\" 列: 0°, 30°, 60°, ..., 360°\n        *   \"cosθ\" 列: 対応するcosθの値 (小数点以下2桁)\n        *   \"sinθ\" 列: 対応するsinθの値 (小数点以下2桁)\n    *   **行の背景色**: 象限の色と対応させる（例: 0°～90°は緑、90°～180°は青、など）\n    *   **ハイライト**: 現在のθに対応する行を明るい黄色でハイライト\n\n#### 2. 図形やテキストをどのように動かすか\n\n*   **初期表示**:\n    *   タイトル、座標軸、単位円、原点、象限表示（符号と色）を表のヘッダーと共にフェードインまたは描画アニメーションで表示。\n    *   θ=0°での点P、線分OP、角度θ（見えない状態から描画）、\"P(cosθ, sinθ)\"テキスト、表の初期行（0°）をハイライト表示。\n*   **角度変化アニメーション**:\n    *   θを0°から360°まで30°刻みで変化させる。\n    *   **点P**: 円周上を滑らかに移動。\n    *   **線分OP**: 点Pに合わせて原点を中心に回転。\n    *   **角度θ**: 弧がX軸から点Pまで成長するアニメーション。\n    *   **\"P(cosθ, sinθ)\"テキスト**: 点Pの移動に合わせて座標値を更新。\n    *   **表のハイライト**: θが変化するたびに、対応する表の行をハイライトし、前の行のハイライトを解除。ハイライトは瞬時に切り替える。\n    *   **象限の強調**: 各象限の境界（90°, 180°, 270°, 360°）を通過する際に、アニメーション速度を少し落とすか、短い一時停止を挟む。\n\n#### 3. シーン全体の流れ\n\n1.  **シーン開始**: 全体のタイトル表示。単位円エリアの基本要素（円、軸、原点、象限の符号と色）と表エリアのヘッダーを同時に描画/フェードイン。\n2.  **初期状態**: θ=0°の点P、線分OP、角度θ（最初は見えない）、\"P(1.00, 0.00)\"テキストを表示。表の0°の行をハイライト。\n3.  **ループ**:\n    *   θを30°ずつ増加させる。\n    *   新しいθ値に向けて点P、線分OP、角度θをアニメーションさせる。\n    *   \"P(cosθ, sinθ)\"テキストを更新。\n    *   表の現在のθの行をハイライトし、前の行のハイライトを解除。\n    *   各ステップで数秒間静止し、視聴者が情報を確認できるようにする。\n    *   θが360°に達するまで繰り返す。\n4.  **終了**: 全ての角度が示された後、最終状態を数秒間表示してシーンを終了。\n\n#### 4. シーンが見やすいものになるようにするための注意\n\n*   **レイアウト**: 単位円エリアと表エリアを左右に明確に分割し、それぞれの要素が重ならないように配置する。\n*   **色使い**: 象限の色分け（緑、青、赤、紫）は、視覚的に区別しやすく、かつ全体のトーンに調和するよう選定する。表の行背景色と象限の符号テキストの色を一致させることで、視覚的な関連付けを強化する。\n*   **テキストサイズと可読性**: 全てのテキスト（タイトル、座標、表の数値、象限の符号）は、遠くからでも読みやすい適切なサイズとフォントで表示する。\n*   **アニメーション速度**: 点Pの移動、線分OPの回転、角度θの成長は、視聴者が変化を追える程度の滑らかな速度に調整する。各ステップでの一時停止は、情報の理解を助けるために十分な長さを確保する。\n*   **数値の精度**: 表に表示されるcosθとsinθの値は、小数点以下2桁に統一し、見やすくする。\n*   **強調ポイント**: 象限の境界（90°, 180°, 270°）では、アニメーションをわずかに遅くしたり、一時停止を長くしたりして、視覚的な強調を加える。",
  "video_id": "animation",
  "current_script": "from manim import *\nimport numpy as np\n\nclass GeneratedScene(Scene):\n    def construct(self):\n        # 日本語フォント設定\n        jp_font = \"Noto Sans JP\"\n\n        # 象限の色設定\n        q1_color = GREEN\n        q2... (Total: 4726 chars)",
  "last_error": "",
  "error_type": "",
  "is_bad_request": false,
  "max_retries": 3,
  "current_retry": 0
}
2025-10-31 09:43:23,379 - ERROR -    [!] Execution Failed (Runtime Error).
╭─────────────────────────────── Traceback (most recent call last) ────────────────────────────────╮
│ /workspaces/ai_agent/back/.venv/lib/python3.11/site-packages/manim/cli/render/commands.py:120 in │
│ render                                                                                           │
│                                                                                                  │
│   117 │   │   │   try:                                                                           │
│   118 │   │   │   │   with tempconfig({}):                                                       │
│   119 │   │   │   │   │   scene = SceneClass()                                                   │
│ ❱ 120 │   │   │   │   │   scene.render()                                                         │
│   121 │   │   │   except Exception:                                                              │
│   122 │   │   │   │   error_console.print_exception()                                            │
│   123 │   │   │   │   sys.exit(1)                                                                │
│                                                                                                  │
│ /workspaces/ai_agent/back/.venv/lib/python3.11/site-packages/manim/scene/scene.py:229 in render  │
│                                                                                                  │
│    226 │   │   """                                                                               │
│    227 │   │   self.setup()                                                                      │
│    228 │   │   try:                                                                              │
│ ❱  229 │   │   │   self.construct()                                                              │
│    230 │   │   except EndSceneEarlyException:                                                    │
│    231 │   │   │   pass                                                                          │
│    232 │   │   except RerunSceneException as e:                                                  │
│                                                                                                  │
│ /workspaces/ai_agent/back/tmp/animation.py:48 in construct                                       │
│                                                                                                  │
│    45 │   │   │   sin_val = f"{np.sin(rad):.2f}"                                                 │
│    46 │   │   │   table_data.append([f"{angle}°", cos_val, sin_val])                             │
│    47 │   │                                                                                      │
│ ❱  48 │   │   table = MobjectTable(                                                              │
│    49 │   │   │   table_data,                                                                    │
│    50 │   │   │   include_outer_lines=True                                                       │
│    51 │   │   ).scale(0.4).shift(RIGHT * 3.5)                                                    │
│                                                                                                  │
│ /workspaces/ai_agent/back/.venv/lib/python3.11/site-packages/manim/mobject/table.py:1065 in      │
│ __init__                                                                                         │
│                                                                                                  │
│   1062 │   │   kwargs                                                                            │
│   1063 │   │   │   Additional arguments to be passed to :class:`~.Table`.                        │
│   1064 │   │   """                                                                               │
│ ❱ 1065 │   │   super().__init__(table, element_to_mobject=element_to_mobject, **kwargs)          │
│   1066                                                                                           │
│   1067                                                                                           │
│   1068 class IntegerTable(Table):                                                                │
│                                                                                                  │
│ /workspaces/ai_agent/back/.venv/lib/python3.11/site-packages/manim/mobject/table.py:234 in       │
│ __init__                                                                                         │
│                                                                                                  │
│    231 │   │                                                                                     │
│    232 │   │   super().__init__(**kwargs)                                                        │
│    233 │   │   mob_table = self._table_to_mob_table(table)                                       │
│ ❱  234 │   │   self.elements_without_labels = VGroup(*it.chain(*mob_table))                      │
│    235 │   │   mob_table = self._add_labels(mob_table)                                           │
│    236 │   │   self._organize_mob_table(mob_table)                                               │
│    237 │   │   self.elements = VGroup(*it.chain(*mob_table))                                     │
│                                                                                                  │
│ /workspaces/ai_agent/back/.venv/lib/python3.11/site-packages/manim/mobject/types/vectorized_mobj │
│ ect.py:1996 in __init__                                                                          │
│                                                                                                  │
│   1993 │                                                                                         │
│   1994 │   def __init__(self, *vmobjects, **kwargs):                                             │
│   1995 │   │   super().__init__(**kwargs)                                                        │
│ ❱ 1996 │   │   self.add(*vmobjects)                                                              │
│   1997 │                                                                                         │
│   1998 │   def __repr__(self) -> str:                                                            │
│   1999 │   │   return f'{self.__class__.__name__}({", ".join(str(mob) for mob in self.submobjec  │
│                                                                                                  │
│ /workspaces/ai_agent/back/.venv/lib/python3.11/site-packages/manim/mobject/types/vectorized_mobj │
│ ect.py:2057 in add                                                                               │
│                                                                                                  │
│   2054 │   │   """                                                                               │
│   2055 │   │   for m in vmobjects:                                                               │
│   2056 │   │   │   if not isinstance(m, (VMobject, OpenGLVMobject)):                             │
│ ❱ 2057 │   │   │   │   raise TypeError(                                                          │
│   2058 │   │   │   │   │   f"All submobjects of {self.__class__.__name__} must be of type VMobj  │
│   2059 │   │   │   │   │   f"Got {repr(m)} ({type(m).__name__}) instead. "                       │
│   2060 │   │   │   │   │   "You can try using `Group` instead."                                  │
╰──────────────────────────────────────────────────────────────────────────────────────────────────╯
TypeError: All submobjects of VGroup must be of type VMobject. Got '$\\theta$' (str) instead. You can try using `Group` instead.

2025-10-31 09:43:23,380 - WARNING -    [!] Parsed error (for LLM refine):
Line 10: ╭─────────────────────────────── Traceback (most recent call last) ────────────────────────────────╮
2025-10-31 09:43:23,380 - INFO - --- [Branch] Runtime Error. Proceeding to Refine. ---
2025-10-31 09:43:23,381 - INFO - --- 5. [Node] Refining Script (Attempt 1) ---
2025-10-31 09:43:23,381 - DEBUG - STATE at entry of [ _refine_script_on_error ]:
{
  "user_request": "単位円を使って、角度θに対応する点P(cosθ, sinθ)が円周上を動く様子を左側に表示してください。右側にはθを0°から360°まで30°刻みで変化させたときのsinθとcosθの値を表にして表示し、現在のθの行をハイライトしてください。また、sinθとcosθの符号がどの象限で変わるのか（第1象限は+,+、第2象限は-,+、第3象限は-,-、第4象限は+,-）を色分けして示してください。... (Total: 198 chars)",
  "generation_instructions": "",
  "animation_plan": "### Manim シーン生成指示\n\n#### 1. Manim で描画すべき図形やテキスト\n\n*   **左側（単位円エリア）**\n    *   **タイトル**: \"単位円と三角関数\" (シーン上部中央、大きめ、白)\n    *   **座標軸**: X軸、Y軸 (中心に配置、細いグレーの線、目盛りなし)\n    *   **単位円**: 半径1の円 (薄い青色の線)\n    *   **原点O**: (0,0)に小さな点 (黒)\n    *   **点P**: 円周上の点(cosθ, sinθ) (小さめの赤い点)\n    *   **線分OP**: 原点Oから点Pへの線分 (赤い線)\n    *   **角度θ**: X軸の正の部分から線分OPまでの弧 (黄色の弧)\n    *   **テキスト \"θ\"**: 角度の弧の近くに配置 (黄色)\n    *   **テキスト \"P(cosθ, sinθ)\"**: 点Pの近くに配置、座標値はリアルタイムで更新 (白)\n    *   **象限表示**: 各象限の中央付近に符号テキストと色分けされた背景（またはテキストの色）\n        *   第1象限: \"(+,+)\" (緑)\n        *   第2象限: \"(-,+)\" (青)\n        *   第3象限: \"(-,-)\" (赤)\n        *   第4象限: \"(+,-)\" (紫)\n\n*   **右側（表エリア）**\n    *   **表**: 3列 (\"θ\", \"cosθ\", \"sinθ\") x 13行 (ヘッダー+0°から360°まで30°刻み)\n    *   **表のデータ**:\n        *   \"θ\" 列: 0°, 30°, 60°, ..., 360°\n        *   \"cosθ\" 列: 対応するcosθの値 (小数点以下2桁)\n        *   \"sinθ\" 列: 対応するsinθの値 (小数点以下2桁)\n    *   **行の背景色**: 象限の色と対応させる（例: 0°～90°は緑、90°～180°は青、など）\n    *   **ハイライト**: 現在のθに対応する行を明るい黄色でハイライト\n\n#### 2. 図形やテキストをどのように動かすか\n\n*   **初期表示**:\n    *   タイトル、座標軸、単位円、原点、象限表示（符号と色）を表のヘッダーと共にフェードインまたは描画アニメーションで表示。\n    *   θ=0°での点P、線分OP、角度θ（見えない状態から描画）、\"P(cosθ, sinθ)\"テキスト、表の初期行（0°）をハイライト表示。\n*   **角度変化アニメーション**:\n    *   θを0°から360°まで30°刻みで変化させる。\n    *   **点P**: 円周上を滑らかに移動。\n    *   **線分OP**: 点Pに合わせて原点を中心に回転。\n    *   **角度θ**: 弧がX軸から点Pまで成長するアニメーション。\n    *   **\"P(cosθ, sinθ)\"テキスト**: 点Pの移動に合わせて座標値を更新。\n    *   **表のハイライト**: θが変化するたびに、対応する表の行をハイライトし、前の行のハイライトを解除。ハイライトは瞬時に切り替える。\n    *   **象限の強調**: 各象限の境界（90°, 180°, 270°, 360°）を通過する際に、アニメーション速度を少し落とすか、短い一時停止を挟む。\n\n#### 3. シーン全体の流れ\n\n1.  **シーン開始**: 全体のタイトル表示。単位円エリアの基本要素（円、軸、原点、象限の符号と色）と表エリアのヘッダーを同時に描画/フェードイン。\n2.  **初期状態**: θ=0°の点P、線分OP、角度θ（最初は見えない）、\"P(1.00, 0.00)\"テキストを表示。表の0°の行をハイライト。\n3.  **ループ**:\n    *   θを30°ずつ増加させる。\n    *   新しいθ値に向けて点P、線分OP、角度θをアニメーションさせる。\n    *   \"P(cosθ, sinθ)\"テキストを更新。\n    *   表の現在のθの行をハイライトし、前の行のハイライトを解除。\n    *   各ステップで数秒間静止し、視聴者が情報を確認できるようにする。\n    *   θが360°に達するまで繰り返す。\n4.  **終了**: 全ての角度が示された後、最終状態を数秒間表示してシーンを終了。\n\n#### 4. シーンが見やすいものになるようにするための注意\n\n*   **レイアウト**: 単位円エリアと表エリアを左右に明確に分割し、それぞれの要素が重ならないように配置する。\n*   **色使い**: 象限の色分け（緑、青、赤、紫）は、視覚的に区別しやすく、かつ全体のトーンに調和するよう選定する。表の行背景色と象限の符号テキストの色を一致させることで、視覚的な関連付けを強化する。\n*   **テキストサイズと可読性**: 全てのテキスト（タイトル、座標、表の数値、象限の符号）は、遠くからでも読みやすい適切なサイズとフォントで表示する。\n*   **アニメーション速度**: 点Pの移動、線分OPの回転、角度θの成長は、視聴者が変化を追える程度の滑らかな速度に調整する。各ステップでの一時停止は、情報の理解を助けるために十分な長さを確保する。\n*   **数値の精度**: 表に表示されるcosθとsinθの値は、小数点以下2桁に統一し、見やすくする。\n*   **強調ポイント**: 象限の境界（90°, 180°, 270°）では、アニメーションをわずかに遅くしたり、一時停止を長くしたりして、視覚的な強調を加える。",
  "video_id": "animation",
  "current_script": "from manim import *\nimport numpy as np\n\nclass GeneratedScene(Scene):\n    def construct(self):\n        # 日本語フォント設定\n        jp_font = \"Noto Sans JP\"\n\n        # 象限の色設定\n        q1_color = GREEN\n        q2... (Total: 4726 chars)",
  "last_error": "Line 10: ╭─────────────────────────────── Traceback (most recent call last) ────────────────────────────────╮... (Total: 109 chars)",
  "error_type": "runtime",
  "is_bad_request": false,
  "max_retries": 3,
  "current_retry": 0
}
2025-10-31 09:43:54,053 - DEBUG -    [+] Script refined (length: 5919)
2025-10-31 09:43:54,056 - INFO - --- 2. [Node] Checking Security ---
2025-10-31 09:43:54,056 - DEBUG - STATE at entry of [ _check_bad_request ]:
{
  "user_request": "単位円を使って、角度θに対応する点P(cosθ, sinθ)が円周上を動く様子を左側に表示してください。右側にはθを0°から360°まで30°刻みで変化させたときのsinθとcosθの値を表にして表示し、現在のθの行をハイライトしてください。また、sinθとcosθの符号がどの象限で変わるのか（第1象限は+,+、第2象限は-,+、第3象限は-,-、第4象限は+,-）を色分けして示してください。... (Total: 198 chars)",
  "generation_instructions": "",
  "animation_plan": "### Manim シーン生成指示\n\n#### 1. Manim で描画すべき図形やテキスト\n\n*   **左側（単位円エリア）**\n    *   **タイトル**: \"単位円と三角関数\" (シーン上部中央、大きめ、白)\n    *   **座標軸**: X軸、Y軸 (中心に配置、細いグレーの線、目盛りなし)\n    *   **単位円**: 半径1の円 (薄い青色の線)\n    *   **原点O**: (0,0)に小さな点 (黒)\n    *   **点P**: 円周上の点(cosθ, sinθ) (小さめの赤い点)\n    *   **線分OP**: 原点Oから点Pへの線分 (赤い線)\n    *   **角度θ**: X軸の正の部分から線分OPまでの弧 (黄色の弧)\n    *   **テキスト \"θ\"**: 角度の弧の近くに配置 (黄色)\n    *   **テキスト \"P(cosθ, sinθ)\"**: 点Pの近くに配置、座標値はリアルタイムで更新 (白)\n    *   **象限表示**: 各象限の中央付近に符号テキストと色分けされた背景（またはテキストの色）\n        *   第1象限: \"(+,+)\" (緑)\n        *   第2象限: \"(-,+)\" (青)\n        *   第3象限: \"(-,-)\" (赤)\n        *   第4象限: \"(+,-)\" (紫)\n\n*   **右側（表エリア）**\n    *   **表**: 3列 (\"θ\", \"cosθ\", \"sinθ\") x 13行 (ヘッダー+0°から360°まで30°刻み)\n    *   **表のデータ**:\n        *   \"θ\" 列: 0°, 30°, 60°, ..., 360°\n        *   \"cosθ\" 列: 対応するcosθの値 (小数点以下2桁)\n        *   \"sinθ\" 列: 対応するsinθの値 (小数点以下2桁)\n    *   **行の背景色**: 象限の色と対応させる（例: 0°～90°は緑、90°～180°は青、など）\n    *   **ハイライト**: 現在のθに対応する行を明るい黄色でハイライト\n\n#### 2. 図形やテキストをどのように動かすか\n\n*   **初期表示**:\n    *   タイトル、座標軸、単位円、原点、象限表示（符号と色）を表のヘッダーと共にフェードインまたは描画アニメーションで表示。\n    *   θ=0°での点P、線分OP、角度θ（見えない状態から描画）、\"P(cosθ, sinθ)\"テキスト、表の初期行（0°）をハイライト表示。\n*   **角度変化アニメーション**:\n    *   θを0°から360°まで30°刻みで変化させる。\n    *   **点P**: 円周上を滑らかに移動。\n    *   **線分OP**: 点Pに合わせて原点を中心に回転。\n    *   **角度θ**: 弧がX軸から点Pまで成長するアニメーション。\n    *   **\"P(cosθ, sinθ)\"テキスト**: 点Pの移動に合わせて座標値を更新。\n    *   **表のハイライト**: θが変化するたびに、対応する表の行をハイライトし、前の行のハイライトを解除。ハイライトは瞬時に切り替える。\n    *   **象限の強調**: 各象限の境界（90°, 180°, 270°, 360°）を通過する際に、アニメーション速度を少し落とすか、短い一時停止を挟む。\n\n#### 3. シーン全体の流れ\n\n1.  **シーン開始**: 全体のタイトル表示。単位円エリアの基本要素（円、軸、原点、象限の符号と色）と表エリアのヘッダーを同時に描画/フェードイン。\n2.  **初期状態**: θ=0°の点P、線分OP、角度θ（最初は見えない）、\"P(1.00, 0.00)\"テキストを表示。表の0°の行をハイライト。\n3.  **ループ**:\n    *   θを30°ずつ増加させる。\n    *   新しいθ値に向けて点P、線分OP、角度θをアニメーションさせる。\n    *   \"P(cosθ, sinθ)\"テキストを更新。\n    *   表の現在のθの行をハイライトし、前の行のハイライトを解除。\n    *   各ステップで数秒間静止し、視聴者が情報を確認できるようにする。\n    *   θが360°に達するまで繰り返す。\n4.  **終了**: 全ての角度が示された後、最終状態を数秒間表示してシーンを終了。\n\n#### 4. シーンが見やすいものになるようにするための注意\n\n*   **レイアウト**: 単位円エリアと表エリアを左右に明確に分割し、それぞれの要素が重ならないように配置する。\n*   **色使い**: 象限の色分け（緑、青、赤、紫）は、視覚的に区別しやすく、かつ全体のトーンに調和するよう選定する。表の行背景色と象限の符号テキストの色を一致させることで、視覚的な関連付けを強化する。\n*   **テキストサイズと可読性**: 全てのテキスト（タイトル、座標、表の数値、象限の符号）は、遠くからでも読みやすい適切なサイズとフォントで表示する。\n*   **アニメーション速度**: 点Pの移動、線分OPの回転、角度θの成長は、視聴者が変化を追える程度の滑らかな速度に調整する。各ステップでの一時停止は、情報の理解を助けるために十分な長さを確保する。\n*   **数値の精度**: 表に表示されるcosθとsinθの値は、小数点以下2桁に統一し、見やすくする。\n*   **強調ポイント**: 象限の境界（90°, 180°, 270°）では、アニメーションをわずかに遅くしたり、一時停止を長くしたりして、視覚的な強調を加える。",
  "video_id": "animation",
  "current_script": "from manim import *\nimport numpy as np\n\nclass GeneratedScene(Scene):\n    def construct(self):\n        # 日本語フォント設定\n        jp_font = \"Noto Sans JP\"\n\n        # 象限の色設定\n        q1_color = GREEN\n        q2... (Total: 5919 chars)",
  "last_error": "",
  "error_type": "",
  "is_bad_request": false,
  "max_retries": 3,
  "current_retry": 1
}
2025-10-31 09:43:54,057 - INFO -    [+] Secure.
2025-10-31 09:43:54,058 - DEBUG - --- [Branch] Secure. Proceeding to Lint. ---
2025-10-31 09:43:54,059 - INFO - --- 3. [Node] Running Linter (format_and_linter) ---
2025-10-31 09:43:54,059 - DEBUG - STATE at entry of [ _lint_check ]:
{
  "user_request": "単位円を使って、角度θに対応する点P(cosθ, sinθ)が円周上を動く様子を左側に表示してください。右側にはθを0°から360°まで30°刻みで変化させたときのsinθとcosθの値を表にして表示し、現在のθの行をハイライトしてください。また、sinθとcosθの符号がどの象限で変わるのか（第1象限は+,+、第2象限は-,+、第3象限は-,-、第4象限は+,-）を色分けして示してください。... (Total: 198 chars)",
  "generation_instructions": "",
  "animation_plan": "### Manim シーン生成指示\n\n#### 1. Manim で描画すべき図形やテキスト\n\n*   **左側（単位円エリア）**\n    *   **タイトル**: \"単位円と三角関数\" (シーン上部中央、大きめ、白)\n    *   **座標軸**: X軸、Y軸 (中心に配置、細いグレーの線、目盛りなし)\n    *   **単位円**: 半径1の円 (薄い青色の線)\n    *   **原点O**: (0,0)に小さな点 (黒)\n    *   **点P**: 円周上の点(cosθ, sinθ) (小さめの赤い点)\n    *   **線分OP**: 原点Oから点Pへの線分 (赤い線)\n    *   **角度θ**: X軸の正の部分から線分OPまでの弧 (黄色の弧)\n    *   **テキスト \"θ\"**: 角度の弧の近くに配置 (黄色)\n    *   **テキスト \"P(cosθ, sinθ)\"**: 点Pの近くに配置、座標値はリアルタイムで更新 (白)\n    *   **象限表示**: 各象限の中央付近に符号テキストと色分けされた背景（またはテキストの色）\n        *   第1象限: \"(+,+)\" (緑)\n        *   第2象限: \"(-,+)\" (青)\n        *   第3象限: \"(-,-)\" (赤)\n        *   第4象限: \"(+,-)\" (紫)\n\n*   **右側（表エリア）**\n    *   **表**: 3列 (\"θ\", \"cosθ\", \"sinθ\") x 13行 (ヘッダー+0°から360°まで30°刻み)\n    *   **表のデータ**:\n        *   \"θ\" 列: 0°, 30°, 60°, ..., 360°\n        *   \"cosθ\" 列: 対応するcosθの値 (小数点以下2桁)\n        *   \"sinθ\" 列: 対応するsinθの値 (小数点以下2桁)\n    *   **行の背景色**: 象限の色と対応させる（例: 0°～90°は緑、90°～180°は青、など）\n    *   **ハイライト**: 現在のθに対応する行を明るい黄色でハイライト\n\n#### 2. 図形やテキストをどのように動かすか\n\n*   **初期表示**:\n    *   タイトル、座標軸、単位円、原点、象限表示（符号と色）を表のヘッダーと共にフェードインまたは描画アニメーションで表示。\n    *   θ=0°での点P、線分OP、角度θ（見えない状態から描画）、\"P(cosθ, sinθ)\"テキスト、表の初期行（0°）をハイライト表示。\n*   **角度変化アニメーション**:\n    *   θを0°から360°まで30°刻みで変化させる。\n    *   **点P**: 円周上を滑らかに移動。\n    *   **線分OP**: 点Pに合わせて原点を中心に回転。\n    *   **角度θ**: 弧がX軸から点Pまで成長するアニメーション。\n    *   **\"P(cosθ, sinθ)\"テキスト**: 点Pの移動に合わせて座標値を更新。\n    *   **表のハイライト**: θが変化するたびに、対応する表の行をハイライトし、前の行のハイライトを解除。ハイライトは瞬時に切り替える。\n    *   **象限の強調**: 各象限の境界（90°, 180°, 270°, 360°）を通過する際に、アニメーション速度を少し落とすか、短い一時停止を挟む。\n\n#### 3. シーン全体の流れ\n\n1.  **シーン開始**: 全体のタイトル表示。単位円エリアの基本要素（円、軸、原点、象限の符号と色）と表エリアのヘッダーを同時に描画/フェードイン。\n2.  **初期状態**: θ=0°の点P、線分OP、角度θ（最初は見えない）、\"P(1.00, 0.00)\"テキストを表示。表の0°の行をハイライト。\n3.  **ループ**:\n    *   θを30°ずつ増加させる。\n    *   新しいθ値に向けて点P、線分OP、角度θをアニメーションさせる。\n    *   \"P(cosθ, sinθ)\"テキストを更新。\n    *   表の現在のθの行をハイライトし、前の行のハイライトを解除。\n    *   各ステップで数秒間静止し、視聴者が情報を確認できるようにする。\n    *   θが360°に達するまで繰り返す。\n4.  **終了**: 全ての角度が示された後、最終状態を数秒間表示してシーンを終了。\n\n#### 4. シーンが見やすいものになるようにするための注意\n\n*   **レイアウト**: 単位円エリアと表エリアを左右に明確に分割し、それぞれの要素が重ならないように配置する。\n*   **色使い**: 象限の色分け（緑、青、赤、紫）は、視覚的に区別しやすく、かつ全体のトーンに調和するよう選定する。表の行背景色と象限の符号テキストの色を一致させることで、視覚的な関連付けを強化する。\n*   **テキストサイズと可読性**: 全てのテキスト（タイトル、座標、表の数値、象限の符号）は、遠くからでも読みやすい適切なサイズとフォントで表示する。\n*   **アニメーション速度**: 点Pの移動、線分OPの回転、角度θの成長は、視聴者が変化を追える程度の滑らかな速度に調整する。各ステップでの一時停止は、情報の理解を助けるために十分な長さを確保する。\n*   **数値の精度**: 表に表示されるcosθとsinθの値は、小数点以下2桁に統一し、見やすくする。\n*   **強調ポイント**: 象限の境界（90°, 180°, 270°）では、アニメーションをわずかに遅くしたり、一時停止を長くしたりして、視覚的な強調を加える。",
  "video_id": "animation",
  "current_script": "from manim import *\nimport numpy as np\n\nclass GeneratedScene(Scene):\n    def construct(self):\n        # 日本語フォント設定\n        jp_font = \"Noto Sans JP\"\n\n        # 象限の色設定\n        q1_color = GREEN\n        q2... (Total: 5919 chars)",
  "last_error": "",
  "error_type": "",
  "is_bad_request": false,
  "max_retries": 3,
  "current_retry": 1
}
2025-10-31 09:43:54,062 - INFO -    [+] Linter Passed.
2025-10-31 09:43:54,064 - DEBUG - --- [Branch] Linter Passed. Proceeding to Execute. ---
2025-10-31 09:43:54,065 - INFO - --- 4. [Node] Executing Manim ---
2025-10-31 09:43:54,065 - DEBUG - STATE at entry of [ _execute_script ]:
{
  "user_request": "単位円を使って、角度θに対応する点P(cosθ, sinθ)が円周上を動く様子を左側に表示してください。右側にはθを0°から360°まで30°刻みで変化させたときのsinθとcosθの値を表にして表示し、現在のθの行をハイライトしてください。また、sinθとcosθの符号がどの象限で変わるのか（第1象限は+,+、第2象限は-,+、第3象限は-,-、第4象限は+,-）を色分けして示してください。... (Total: 198 chars)",
  "generation_instructions": "",
  "animation_plan": "### Manim シーン生成指示\n\n#### 1. Manim で描画すべき図形やテキスト\n\n*   **左側（単位円エリア）**\n    *   **タイトル**: \"単位円と三角関数\" (シーン上部中央、大きめ、白)\n    *   **座標軸**: X軸、Y軸 (中心に配置、細いグレーの線、目盛りなし)\n    *   **単位円**: 半径1の円 (薄い青色の線)\n    *   **原点O**: (0,0)に小さな点 (黒)\n    *   **点P**: 円周上の点(cosθ, sinθ) (小さめの赤い点)\n    *   **線分OP**: 原点Oから点Pへの線分 (赤い線)\n    *   **角度θ**: X軸の正の部分から線分OPまでの弧 (黄色の弧)\n    *   **テキスト \"θ\"**: 角度の弧の近くに配置 (黄色)\n    *   **テキスト \"P(cosθ, sinθ)\"**: 点Pの近くに配置、座標値はリアルタイムで更新 (白)\n    *   **象限表示**: 各象限の中央付近に符号テキストと色分けされた背景（またはテキストの色）\n        *   第1象限: \"(+,+)\" (緑)\n        *   第2象限: \"(-,+)\" (青)\n        *   第3象限: \"(-,-)\" (赤)\n        *   第4象限: \"(+,-)\" (紫)\n\n*   **右側（表エリア）**\n    *   **表**: 3列 (\"θ\", \"cosθ\", \"sinθ\") x 13行 (ヘッダー+0°から360°まで30°刻み)\n    *   **表のデータ**:\n        *   \"θ\" 列: 0°, 30°, 60°, ..., 360°\n        *   \"cosθ\" 列: 対応するcosθの値 (小数点以下2桁)\n        *   \"sinθ\" 列: 対応するsinθの値 (小数点以下2桁)\n    *   **行の背景色**: 象限の色と対応させる（例: 0°～90°は緑、90°～180°は青、など）\n    *   **ハイライト**: 現在のθに対応する行を明るい黄色でハイライト\n\n#### 2. 図形やテキストをどのように動かすか\n\n*   **初期表示**:\n    *   タイトル、座標軸、単位円、原点、象限表示（符号と色）を表のヘッダーと共にフェードインまたは描画アニメーションで表示。\n    *   θ=0°での点P、線分OP、角度θ（見えない状態から描画）、\"P(cosθ, sinθ)\"テキスト、表の初期行（0°）をハイライト表示。\n*   **角度変化アニメーション**:\n    *   θを0°から360°まで30°刻みで変化させる。\n    *   **点P**: 円周上を滑らかに移動。\n    *   **線分OP**: 点Pに合わせて原点を中心に回転。\n    *   **角度θ**: 弧がX軸から点Pまで成長するアニメーション。\n    *   **\"P(cosθ, sinθ)\"テキスト**: 点Pの移動に合わせて座標値を更新。\n    *   **表のハイライト**: θが変化するたびに、対応する表の行をハイライトし、前の行のハイライトを解除。ハイライトは瞬時に切り替える。\n    *   **象限の強調**: 各象限の境界（90°, 180°, 270°, 360°）を通過する際に、アニメーション速度を少し落とすか、短い一時停止を挟む。\n\n#### 3. シーン全体の流れ\n\n1.  **シーン開始**: 全体のタイトル表示。単位円エリアの基本要素（円、軸、原点、象限の符号と色）と表エリアのヘッダーを同時に描画/フェードイン。\n2.  **初期状態**: θ=0°の点P、線分OP、角度θ（最初は見えない）、\"P(1.00, 0.00)\"テキストを表示。表の0°の行をハイライト。\n3.  **ループ**:\n    *   θを30°ずつ増加させる。\n    *   新しいθ値に向けて点P、線分OP、角度θをアニメーションさせる。\n    *   \"P(cosθ, sinθ)\"テキストを更新。\n    *   表の現在のθの行をハイライトし、前の行のハイライトを解除。\n    *   各ステップで数秒間静止し、視聴者が情報を確認できるようにする。\n    *   θが360°に達するまで繰り返す。\n4.  **終了**: 全ての角度が示された後、最終状態を数秒間表示してシーンを終了。\n\n#### 4. シーンが見やすいものになるようにするための注意\n\n*   **レイアウト**: 単位円エリアと表エリアを左右に明確に分割し、それぞれの要素が重ならないように配置する。\n*   **色使い**: 象限の色分け（緑、青、赤、紫）は、視覚的に区別しやすく、かつ全体のトーンに調和するよう選定する。表の行背景色と象限の符号テキストの色を一致させることで、視覚的な関連付けを強化する。\n*   **テキストサイズと可読性**: 全てのテキスト（タイトル、座標、表の数値、象限の符号）は、遠くからでも読みやすい適切なサイズとフォントで表示する。\n*   **アニメーション速度**: 点Pの移動、線分OPの回転、角度θの成長は、視聴者が変化を追える程度の滑らかな速度に調整する。各ステップでの一時停止は、情報の理解を助けるために十分な長さを確保する。\n*   **数値の精度**: 表に表示されるcosθとsinθの値は、小数点以下2桁に統一し、見やすくする。\n*   **強調ポイント**: 象限の境界（90°, 180°, 270°）では、アニメーションをわずかに遅くしたり、一時停止を長くしたりして、視覚的な強調を加える。",
  "video_id": "animation",
  "current_script": "from manim import *\nimport numpy as np\n\nclass GeneratedScene(Scene):\n    def construct(self):\n        # 日本語フォント設定\n        jp_font = \"Noto Sans JP\"\n\n        # 象限の色設定\n        q1_color = GREEN\n        q2... (Total: 5919 chars)",
  "last_error": "",
  "error_type": "",
  "is_bad_request": false,
  "max_retries": 3,
  "current_retry": 1
}
2025-10-31 09:43:55,071 - ERROR -    [!] Execution Failed (Runtime Error).
╭─────────────────────────────── Traceback (most recent call last) ────────────────────────────────╮
│ /workspaces/ai_agent/back/.venv/lib/python3.11/site-packages/manim/cli/render/commands.py:120 in │
│ render                                                                                           │
│                                                                                                  │
│   117 │   │   │   try:                                                                           │
│   118 │   │   │   │   with tempconfig({}):                                                       │
│   119 │   │   │   │   │   scene = SceneClass()                                                   │
│ ❱ 120 │   │   │   │   │   scene.render()                                                         │
│   121 │   │   │   except Exception:                                                              │
│   122 │   │   │   │   error_console.print_exception()                                            │
│   123 │   │   │   │   sys.exit(1)                                                                │
│                                                                                                  │
│ /workspaces/ai_agent/back/.venv/lib/python3.11/site-packages/manim/scene/scene.py:229 in render  │
│                                                                                                  │
│    226 │   │   """                                                                               │
│    227 │   │   self.setup()                                                                      │
│    228 │   │   try:                                                                              │
│ ❱  229 │   │   │   self.construct()                                                              │
│    230 │   │   except EndSceneEarlyException:                                                    │
│    231 │   │   │   pass                                                                          │
│    232 │   │   except RerunSceneException as e:                                                  │
│                                                                                                  │
│ /workspaces/ai_agent/back/tmp/animation.py:63 in construct                                       │
│                                                                                                  │
│    60 │   │   │   sin_val = f"{np.sin(rad):.2f}"                                                 │
│    61 │   │   │   table_data.append([f"{angle}°", cos_val, sin_val])                             │
│    62 │   │                                                                                      │
│ ❱  63 │   │   table = MobjectTable(                                                              │
│    64 │   │   │   table_data,                                                                    │
│    65 │   │   │   include_outer_lines=True                                                       │
│    66 │   │   ).scale(0.4).shift(RIGHT * 3.5)                                                    │
│                                                                                                  │
│ /workspaces/ai_agent/back/.venv/lib/python3.11/site-packages/manim/mobject/table.py:1065 in      │
│ __init__                                                                                         │
│                                                                                                  │
│   1062 │   │   kwargs                                                                            │
│   1063 │   │   │   Additional arguments to be passed to :class:`~.Table`.                        │
│   1064 │   │   """                                                                               │
│ ❱ 1065 │   │   super().__init__(table, element_to_mobject=element_to_mobject, **kwargs)          │
│   1066                                                                                           │
│   1067                                                                                           │
│   1068 class IntegerTable(Table):                                                                │
│                                                                                                  │
│ /workspaces/ai_agent/back/.venv/lib/python3.11/site-packages/manim/mobject/table.py:234 in       │
│ __init__                                                                                         │
│                                                                                                  │
│    231 │   │                                                                                     │
│    232 │   │   super().__init__(**kwargs)                                                        │
│    233 │   │   mob_table = self._table_to_mob_table(table)                                       │
│ ❱  234 │   │   self.elements_without_labels = VGroup(*it.chain(*mob_table))                      │
│    235 │   │   mob_table = self._add_labels(mob_table)                                           │
│    236 │   │   self._organize_mob_table(mob_table)                                               │
│    237 │   │   self.elements = VGroup(*it.chain(*mob_table))                                     │
│                                                                                                  │
│ /workspaces/ai_agent/back/.venv/lib/python3.11/site-packages/manim/mobject/types/vectorized_mobj │
│ ect.py:1996 in __init__                                                                          │
│                                                                                                  │
│   1993 │                                                                                         │
│   1994 │   def __init__(self, *vmobjects, **kwargs):                                             │
│   1995 │   │   super().__init__(**kwargs)                                                        │
│ ❱ 1996 │   │   self.add(*vmobjects)                                                              │
│   1997 │                                                                                         │
│   1998 │   def __repr__(self) -> str:                                                            │
│   1999 │   │   return f'{self.__class__.__name__}({", ".join(str(mob) for mob in self.submobjec  │
│                                                                                                  │
│ /workspaces/ai_agent/back/.venv/lib/python3.11/site-packages/manim/mobject/types/vectorized_mobj │
│ ect.py:2057 in add                                                                               │
│                                                                                                  │
│   2054 │   │   """                                                                               │
│   2055 │   │   for m in vmobjects:                                                               │
│   2056 │   │   │   if not isinstance(m, (VMobject, OpenGLVMobject)):                             │
│ ❱ 2057 │   │   │   │   raise TypeError(                                                          │
│   2058 │   │   │   │   │   f"All submobjects of {self.__class__.__name__} must be of type VMobj  │
│   2059 │   │   │   │   │   f"Got {repr(m)} ({type(m).__name__}) instead. "                       │
│   2060 │   │   │   │   │   "You can try using `Group` instead."                                  │
╰──────────────────────────────────────────────────────────────────────────────────────────────────╯
TypeError: All submobjects of VGroup must be of type VMobject. Got '$\\theta$' (str) instead. You can try using `Group` instead.

2025-10-31 09:43:55,071 - WARNING -    [!] Parsed error (for LLM refine):
Line 10: ╭─────────────────────────────── Traceback (most recent call last) ────────────────────────────────╮
2025-10-31 09:43:55,072 - INFO - --- [Branch] Runtime Error. Proceeding to Refine. ---
2025-10-31 09:43:55,073 - INFO - --- 5. [Node] Refining Script (Attempt 2) ---
2025-10-31 09:43:55,073 - DEBUG - STATE at entry of [ _refine_script_on_error ]:
{
  "user_request": "単位円を使って、角度θに対応する点P(cosθ, sinθ)が円周上を動く様子を左側に表示してください。右側にはθを0°から360°まで30°刻みで変化させたときのsinθとcosθの値を表にして表示し、現在のθの行をハイライトしてください。また、sinθとcosθの符号がどの象限で変わるのか（第1象限は+,+、第2象限は-,+、第3象限は-,-、第4象限は+,-）を色分けして示してください。... (Total: 198 chars)",
  "generation_instructions": "",
  "animation_plan": "### Manim シーン生成指示\n\n#### 1. Manim で描画すべき図形やテキスト\n\n*   **左側（単位円エリア）**\n    *   **タイトル**: \"単位円と三角関数\" (シーン上部中央、大きめ、白)\n    *   **座標軸**: X軸、Y軸 (中心に配置、細いグレーの線、目盛りなし)\n    *   **単位円**: 半径1の円 (薄い青色の線)\n    *   **原点O**: (0,0)に小さな点 (黒)\n    *   **点P**: 円周上の点(cosθ, sinθ) (小さめの赤い点)\n    *   **線分OP**: 原点Oから点Pへの線分 (赤い線)\n    *   **角度θ**: X軸の正の部分から線分OPまでの弧 (黄色の弧)\n    *   **テキスト \"θ\"**: 角度の弧の近くに配置 (黄色)\n    *   **テキスト \"P(cosθ, sinθ)\"**: 点Pの近くに配置、座標値はリアルタイムで更新 (白)\n    *   **象限表示**: 各象限の中央付近に符号テキストと色分けされた背景（またはテキストの色）\n        *   第1象限: \"(+,+)\" (緑)\n        *   第2象限: \"(-,+)\" (青)\n        *   第3象限: \"(-,-)\" (赤)\n        *   第4象限: \"(+,-)\" (紫)\n\n*   **右側（表エリア）**\n    *   **表**: 3列 (\"θ\", \"cosθ\", \"sinθ\") x 13行 (ヘッダー+0°から360°まで30°刻み)\n    *   **表のデータ**:\n        *   \"θ\" 列: 0°, 30°, 60°, ..., 360°\n        *   \"cosθ\" 列: 対応するcosθの値 (小数点以下2桁)\n        *   \"sinθ\" 列: 対応するsinθの値 (小数点以下2桁)\n    *   **行の背景色**: 象限の色と対応させる（例: 0°～90°は緑、90°～180°は青、など）\n    *   **ハイライト**: 現在のθに対応する行を明るい黄色でハイライト\n\n#### 2. 図形やテキストをどのように動かすか\n\n*   **初期表示**:\n    *   タイトル、座標軸、単位円、原点、象限表示（符号と色）を表のヘッダーと共にフェードインまたは描画アニメーションで表示。\n    *   θ=0°での点P、線分OP、角度θ（見えない状態から描画）、\"P(cosθ, sinθ)\"テキスト、表の初期行（0°）をハイライト表示。\n*   **角度変化アニメーション**:\n    *   θを0°から360°まで30°刻みで変化させる。\n    *   **点P**: 円周上を滑らかに移動。\n    *   **線分OP**: 点Pに合わせて原点を中心に回転。\n    *   **角度θ**: 弧がX軸から点Pまで成長するアニメーション。\n    *   **\"P(cosθ, sinθ)\"テキスト**: 点Pの移動に合わせて座標値を更新。\n    *   **表のハイライト**: θが変化するたびに、対応する表の行をハイライトし、前の行のハイライトを解除。ハイライトは瞬時に切り替える。\n    *   **象限の強調**: 各象限の境界（90°, 180°, 270°, 360°）を通過する際に、アニメーション速度を少し落とすか、短い一時停止を挟む。\n\n#### 3. シーン全体の流れ\n\n1.  **シーン開始**: 全体のタイトル表示。単位円エリアの基本要素（円、軸、原点、象限の符号と色）と表エリアのヘッダーを同時に描画/フェードイン。\n2.  **初期状態**: θ=0°の点P、線分OP、角度θ（最初は見えない）、\"P(1.00, 0.00)\"テキストを表示。表の0°の行をハイライト。\n3.  **ループ**:\n    *   θを30°ずつ増加させる。\n    *   新しいθ値に向けて点P、線分OP、角度θをアニメーションさせる。\n    *   \"P(cosθ, sinθ)\"テキストを更新。\n    *   表の現在のθの行をハイライトし、前の行のハイライトを解除。\n    *   各ステップで数秒間静止し、視聴者が情報を確認できるようにする。\n    *   θが360°に達するまで繰り返す。\n4.  **終了**: 全ての角度が示された後、最終状態を数秒間表示してシーンを終了。\n\n#### 4. シーンが見やすいものになるようにするための注意\n\n*   **レイアウト**: 単位円エリアと表エリアを左右に明確に分割し、それぞれの要素が重ならないように配置する。\n*   **色使い**: 象限の色分け（緑、青、赤、紫）は、視覚的に区別しやすく、かつ全体のトーンに調和するよう選定する。表の行背景色と象限の符号テキストの色を一致させることで、視覚的な関連付けを強化する。\n*   **テキストサイズと可読性**: 全てのテキスト（タイトル、座標、表の数値、象限の符号）は、遠くからでも読みやすい適切なサイズとフォントで表示する。\n*   **アニメーション速度**: 点Pの移動、線分OPの回転、角度θの成長は、視聴者が変化を追える程度の滑らかな速度に調整する。各ステップでの一時停止は、情報の理解を助けるために十分な長さを確保する。\n*   **数値の精度**: 表に表示されるcosθとsinθの値は、小数点以下2桁に統一し、見やすくする。\n*   **強調ポイント**: 象限の境界（90°, 180°, 270°）では、アニメーションをわずかに遅くしたり、一時停止を長くしたりして、視覚的な強調を加える。",
  "video_id": "animation",
  "current_script": "from manim import *\nimport numpy as np\n\nclass GeneratedScene(Scene):\n    def construct(self):\n        # 日本語フォント設定\n        jp_font = \"Noto Sans JP\"\n\n        # 象限の色設定\n        q1_color = GREEN\n        q2... (Total: 5919 chars)",
  "last_error": "Line 10: ╭─────────────────────────────── Traceback (most recent call last) ────────────────────────────────╮... (Total: 109 chars)",
  "error_type": "runtime",
  "is_bad_request": false,
  "max_retries": 3,
  "current_retry": 1
}
2025-10-31 09:44:43,099 - DEBUG -    [+] Script refined (length: 5882)
2025-10-31 09:44:43,104 - INFO - --- 2. [Node] Checking Security ---
2025-10-31 09:44:43,104 - DEBUG - STATE at entry of [ _check_bad_request ]:
{
  "user_request": "単位円を使って、角度θに対応する点P(cosθ, sinθ)が円周上を動く様子を左側に表示してください。右側にはθを0°から360°まで30°刻みで変化させたときのsinθとcosθの値を表にして表示し、現在のθの行をハイライトしてください。また、sinθとcosθの符号がどの象限で変わるのか（第1象限は+,+、第2象限は-,+、第3象限は-,-、第4象限は+,-）を色分けして示してください。... (Total: 198 chars)",
  "generation_instructions": "",
  "animation_plan": "### Manim シーン生成指示\n\n#### 1. Manim で描画すべき図形やテキスト\n\n*   **左側（単位円エリア）**\n    *   **タイトル**: \"単位円と三角関数\" (シーン上部中央、大きめ、白)\n    *   **座標軸**: X軸、Y軸 (中心に配置、細いグレーの線、目盛りなし)\n    *   **単位円**: 半径1の円 (薄い青色の線)\n    *   **原点O**: (0,0)に小さな点 (黒)\n    *   **点P**: 円周上の点(cosθ, sinθ) (小さめの赤い点)\n    *   **線分OP**: 原点Oから点Pへの線分 (赤い線)\n    *   **角度θ**: X軸の正の部分から線分OPまでの弧 (黄色の弧)\n    *   **テキスト \"θ\"**: 角度の弧の近くに配置 (黄色)\n    *   **テキスト \"P(cosθ, sinθ)\"**: 点Pの近くに配置、座標値はリアルタイムで更新 (白)\n    *   **象限表示**: 各象限の中央付近に符号テキストと色分けされた背景（またはテキストの色）\n        *   第1象限: \"(+,+)\" (緑)\n        *   第2象限: \"(-,+)\" (青)\n        *   第3象限: \"(-,-)\" (赤)\n        *   第4象限: \"(+,-)\" (紫)\n\n*   **右側（表エリア）**\n    *   **表**: 3列 (\"θ\", \"cosθ\", \"sinθ\") x 13行 (ヘッダー+0°から360°まで30°刻み)\n    *   **表のデータ**:\n        *   \"θ\" 列: 0°, 30°, 60°, ..., 360°\n        *   \"cosθ\" 列: 対応するcosθの値 (小数点以下2桁)\n        *   \"sinθ\" 列: 対応するsinθの値 (小数点以下2桁)\n    *   **行の背景色**: 象限の色と対応させる（例: 0°～90°は緑、90°～180°は青、など）\n    *   **ハイライト**: 現在のθに対応する行を明るい黄色でハイライト\n\n#### 2. 図形やテキストをどのように動かすか\n\n*   **初期表示**:\n    *   タイトル、座標軸、単位円、原点、象限表示（符号と色）を表のヘッダーと共にフェードインまたは描画アニメーションで表示。\n    *   θ=0°での点P、線分OP、角度θ（見えない状態から描画）、\"P(cosθ, sinθ)\"テキスト、表の初期行（0°）をハイライト表示。\n*   **角度変化アニメーション**:\n    *   θを0°から360°まで30°刻みで変化させる。\n    *   **点P**: 円周上を滑らかに移動。\n    *   **線分OP**: 点Pに合わせて原点を中心に回転。\n    *   **角度θ**: 弧がX軸から点Pまで成長するアニメーション。\n    *   **\"P(cosθ, sinθ)\"テキスト**: 点Pの移動に合わせて座標値を更新。\n    *   **表のハイライト**: θが変化するたびに、対応する表の行をハイライトし、前の行のハイライトを解除。ハイライトは瞬時に切り替える。\n    *   **象限の強調**: 各象限の境界（90°, 180°, 270°, 360°）を通過する際に、アニメーション速度を少し落とすか、短い一時停止を挟む。\n\n#### 3. シーン全体の流れ\n\n1.  **シーン開始**: 全体のタイトル表示。単位円エリアの基本要素（円、軸、原点、象限の符号と色）と表エリアのヘッダーを同時に描画/フェードイン。\n2.  **初期状態**: θ=0°の点P、線分OP、角度θ（最初は見えない）、\"P(1.00, 0.00)\"テキストを表示。表の0°の行をハイライト。\n3.  **ループ**:\n    *   θを30°ずつ増加させる。\n    *   新しいθ値に向けて点P、線分OP、角度θをアニメーションさせる。\n    *   \"P(cosθ, sinθ)\"テキストを更新。\n    *   表の現在のθの行をハイライトし、前の行のハイライトを解除。\n    *   各ステップで数秒間静止し、視聴者が情報を確認できるようにする。\n    *   θが360°に達するまで繰り返す。\n4.  **終了**: 全ての角度が示された後、最終状態を数秒間表示してシーンを終了。\n\n#### 4. シーンが見やすいものになるようにするための注意\n\n*   **レイアウト**: 単位円エリアと表エリアを左右に明確に分割し、それぞれの要素が重ならないように配置する。\n*   **色使い**: 象限の色分け（緑、青、赤、紫）は、視覚的に区別しやすく、かつ全体のトーンに調和するよう選定する。表の行背景色と象限の符号テキストの色を一致させることで、視覚的な関連付けを強化する。\n*   **テキストサイズと可読性**: 全てのテキスト（タイトル、座標、表の数値、象限の符号）は、遠くからでも読みやすい適切なサイズとフォントで表示する。\n*   **アニメーション速度**: 点Pの移動、線分OPの回転、角度θの成長は、視聴者が変化を追える程度の滑らかな速度に調整する。各ステップでの一時停止は、情報の理解を助けるために十分な長さを確保する。\n*   **数値の精度**: 表に表示されるcosθとsinθの値は、小数点以下2桁に統一し、見やすくする。\n*   **強調ポイント**: 象限の境界（90°, 180°, 270°）では、アニメーションをわずかに遅くしたり、一時停止を長くしたりして、視覚的な強調を加える。",
  "video_id": "animation",
  "current_script": "from manim import *\nimport numpy as np\n\nclass GeneratedScene(Scene):\n    def construct(self):\n        # 日本語フォント設定\n        jp_font = \"Noto Sans JP\"\n\n        # 象限の色設定\n        q1_color = GREEN\n        q2... (Total: 5882 chars)",
  "last_error": "",
  "error_type": "",
  "is_bad_request": false,
  "max_retries": 3,
  "current_retry": 2
}
2025-10-31 09:44:43,105 - INFO -    [+] Secure.
2025-10-31 09:44:43,105 - DEBUG - --- [Branch] Secure. Proceeding to Lint. ---
2025-10-31 09:44:43,106 - INFO - --- 3. [Node] Running Linter (format_and_linter) ---
2025-10-31 09:44:43,106 - DEBUG - STATE at entry of [ _lint_check ]:
{
  "user_request": "単位円を使って、角度θに対応する点P(cosθ, sinθ)が円周上を動く様子を左側に表示してください。右側にはθを0°から360°まで30°刻みで変化させたときのsinθとcosθの値を表にして表示し、現在のθの行をハイライトしてください。また、sinθとcosθの符号がどの象限で変わるのか（第1象限は+,+、第2象限は-,+、第3象限は-,-、第4象限は+,-）を色分けして示してください。... (Total: 198 chars)",
  "generation_instructions": "",
  "animation_plan": "### Manim シーン生成指示\n\n#### 1. Manim で描画すべき図形やテキスト\n\n*   **左側（単位円エリア）**\n    *   **タイトル**: \"単位円と三角関数\" (シーン上部中央、大きめ、白)\n    *   **座標軸**: X軸、Y軸 (中心に配置、細いグレーの線、目盛りなし)\n    *   **単位円**: 半径1の円 (薄い青色の線)\n    *   **原点O**: (0,0)に小さな点 (黒)\n    *   **点P**: 円周上の点(cosθ, sinθ) (小さめの赤い点)\n    *   **線分OP**: 原点Oから点Pへの線分 (赤い線)\n    *   **角度θ**: X軸の正の部分から線分OPまでの弧 (黄色の弧)\n    *   **テキスト \"θ\"**: 角度の弧の近くに配置 (黄色)\n    *   **テキスト \"P(cosθ, sinθ)\"**: 点Pの近くに配置、座標値はリアルタイムで更新 (白)\n    *   **象限表示**: 各象限の中央付近に符号テキストと色分けされた背景（またはテキストの色）\n        *   第1象限: \"(+,+)\" (緑)\n        *   第2象限: \"(-,+)\" (青)\n        *   第3象限: \"(-,-)\" (赤)\n        *   第4象限: \"(+,-)\" (紫)\n\n*   **右側（表エリア）**\n    *   **表**: 3列 (\"θ\", \"cosθ\", \"sinθ\") x 13行 (ヘッダー+0°から360°まで30°刻み)\n    *   **表のデータ**:\n        *   \"θ\" 列: 0°, 30°, 60°, ..., 360°\n        *   \"cosθ\" 列: 対応するcosθの値 (小数点以下2桁)\n        *   \"sinθ\" 列: 対応するsinθの値 (小数点以下2桁)\n    *   **行の背景色**: 象限の色と対応させる（例: 0°～90°は緑、90°～180°は青、など）\n    *   **ハイライト**: 現在のθに対応する行を明るい黄色でハイライト\n\n#### 2. 図形やテキストをどのように動かすか\n\n*   **初期表示**:\n    *   タイトル、座標軸、単位円、原点、象限表示（符号と色）を表のヘッダーと共にフェードインまたは描画アニメーションで表示。\n    *   θ=0°での点P、線分OP、角度θ（見えない状態から描画）、\"P(cosθ, sinθ)\"テキスト、表の初期行（0°）をハイライト表示。\n*   **角度変化アニメーション**:\n    *   θを0°から360°まで30°刻みで変化させる。\n    *   **点P**: 円周上を滑らかに移動。\n    *   **線分OP**: 点Pに合わせて原点を中心に回転。\n    *   **角度θ**: 弧がX軸から点Pまで成長するアニメーション。\n    *   **\"P(cosθ, sinθ)\"テキスト**: 点Pの移動に合わせて座標値を更新。\n    *   **表のハイライト**: θが変化するたびに、対応する表の行をハイライトし、前の行のハイライトを解除。ハイライトは瞬時に切り替える。\n    *   **象限の強調**: 各象限の境界（90°, 180°, 270°, 360°）を通過する際に、アニメーション速度を少し落とすか、短い一時停止を挟む。\n\n#### 3. シーン全体の流れ\n\n1.  **シーン開始**: 全体のタイトル表示。単位円エリアの基本要素（円、軸、原点、象限の符号と色）と表エリアのヘッダーを同時に描画/フェードイン。\n2.  **初期状態**: θ=0°の点P、線分OP、角度θ（最初は見えない）、\"P(1.00, 0.00)\"テキストを表示。表の0°の行をハイライト。\n3.  **ループ**:\n    *   θを30°ずつ増加させる。\n    *   新しいθ値に向けて点P、線分OP、角度θをアニメーションさせる。\n    *   \"P(cosθ, sinθ)\"テキストを更新。\n    *   表の現在のθの行をハイライトし、前の行のハイライトを解除。\n    *   各ステップで数秒間静止し、視聴者が情報を確認できるようにする。\n    *   θが360°に達するまで繰り返す。\n4.  **終了**: 全ての角度が示された後、最終状態を数秒間表示してシーンを終了。\n\n#### 4. シーンが見やすいものになるようにするための注意\n\n*   **レイアウト**: 単位円エリアと表エリアを左右に明確に分割し、それぞれの要素が重ならないように配置する。\n*   **色使い**: 象限の色分け（緑、青、赤、紫）は、視覚的に区別しやすく、かつ全体のトーンに調和するよう選定する。表の行背景色と象限の符号テキストの色を一致させることで、視覚的な関連付けを強化する。\n*   **テキストサイズと可読性**: 全てのテキスト（タイトル、座標、表の数値、象限の符号）は、遠くからでも読みやすい適切なサイズとフォントで表示する。\n*   **アニメーション速度**: 点Pの移動、線分OPの回転、角度θの成長は、視聴者が変化を追える程度の滑らかな速度に調整する。各ステップでの一時停止は、情報の理解を助けるために十分な長さを確保する。\n*   **数値の精度**: 表に表示されるcosθとsinθの値は、小数点以下2桁に統一し、見やすくする。\n*   **強調ポイント**: 象限の境界（90°, 180°, 270°）では、アニメーションをわずかに遅くしたり、一時停止を長くしたりして、視覚的な強調を加える。",
  "video_id": "animation",
  "current_script": "from manim import *\nimport numpy as np\n\nclass GeneratedScene(Scene):\n    def construct(self):\n        # 日本語フォント設定\n        jp_font = \"Noto Sans JP\"\n\n        # 象限の色設定\n        q1_color = GREEN\n        q2... (Total: 5882 chars)",
  "last_error": "",
  "error_type": "",
  "is_bad_request": false,
  "max_retries": 3,
  "current_retry": 2
}
2025-10-31 09:44:43,108 - INFO -    [+] Linter Passed.
2025-10-31 09:44:43,109 - DEBUG - --- [Branch] Linter Passed. Proceeding to Execute. ---
2025-10-31 09:44:43,109 - INFO - --- 4. [Node] Executing Manim ---
2025-10-31 09:44:43,110 - DEBUG - STATE at entry of [ _execute_script ]:
{
  "user_request": "単位円を使って、角度θに対応する点P(cosθ, sinθ)が円周上を動く様子を左側に表示してください。右側にはθを0°から360°まで30°刻みで変化させたときのsinθとcosθの値を表にして表示し、現在のθの行をハイライトしてください。また、sinθとcosθの符号がどの象限で変わるのか（第1象限は+,+、第2象限は-,+、第3象限は-,-、第4象限は+,-）を色分けして示してください。... (Total: 198 chars)",
  "generation_instructions": "",
  "animation_plan": "### Manim シーン生成指示\n\n#### 1. Manim で描画すべき図形やテキスト\n\n*   **左側（単位円エリア）**\n    *   **タイトル**: \"単位円と三角関数\" (シーン上部中央、大きめ、白)\n    *   **座標軸**: X軸、Y軸 (中心に配置、細いグレーの線、目盛りなし)\n    *   **単位円**: 半径1の円 (薄い青色の線)\n    *   **原点O**: (0,0)に小さな点 (黒)\n    *   **点P**: 円周上の点(cosθ, sinθ) (小さめの赤い点)\n    *   **線分OP**: 原点Oから点Pへの線分 (赤い線)\n    *   **角度θ**: X軸の正の部分から線分OPまでの弧 (黄色の弧)\n    *   **テキスト \"θ\"**: 角度の弧の近くに配置 (黄色)\n    *   **テキスト \"P(cosθ, sinθ)\"**: 点Pの近くに配置、座標値はリアルタイムで更新 (白)\n    *   **象限表示**: 各象限の中央付近に符号テキストと色分けされた背景（またはテキストの色）\n        *   第1象限: \"(+,+)\" (緑)\n        *   第2象限: \"(-,+)\" (青)\n        *   第3象限: \"(-,-)\" (赤)\n        *   第4象限: \"(+,-)\" (紫)\n\n*   **右側（表エリア）**\n    *   **表**: 3列 (\"θ\", \"cosθ\", \"sinθ\") x 13行 (ヘッダー+0°から360°まで30°刻み)\n    *   **表のデータ**:\n        *   \"θ\" 列: 0°, 30°, 60°, ..., 360°\n        *   \"cosθ\" 列: 対応するcosθの値 (小数点以下2桁)\n        *   \"sinθ\" 列: 対応するsinθの値 (小数点以下2桁)\n    *   **行の背景色**: 象限の色と対応させる（例: 0°～90°は緑、90°～180°は青、など）\n    *   **ハイライト**: 現在のθに対応する行を明るい黄色でハイライト\n\n#### 2. 図形やテキストをどのように動かすか\n\n*   **初期表示**:\n    *   タイトル、座標軸、単位円、原点、象限表示（符号と色）を表のヘッダーと共にフェードインまたは描画アニメーションで表示。\n    *   θ=0°での点P、線分OP、角度θ（見えない状態から描画）、\"P(cosθ, sinθ)\"テキスト、表の初期行（0°）をハイライト表示。\n*   **角度変化アニメーション**:\n    *   θを0°から360°まで30°刻みで変化させる。\n    *   **点P**: 円周上を滑らかに移動。\n    *   **線分OP**: 点Pに合わせて原点を中心に回転。\n    *   **角度θ**: 弧がX軸から点Pまで成長するアニメーション。\n    *   **\"P(cosθ, sinθ)\"テキスト**: 点Pの移動に合わせて座標値を更新。\n    *   **表のハイライト**: θが変化するたびに、対応する表の行をハイライトし、前の行のハイライトを解除。ハイライトは瞬時に切り替える。\n    *   **象限の強調**: 各象限の境界（90°, 180°, 270°, 360°）を通過する際に、アニメーション速度を少し落とすか、短い一時停止を挟む。\n\n#### 3. シーン全体の流れ\n\n1.  **シーン開始**: 全体のタイトル表示。単位円エリアの基本要素（円、軸、原点、象限の符号と色）と表エリアのヘッダーを同時に描画/フェードイン。\n2.  **初期状態**: θ=0°の点P、線分OP、角度θ（最初は見えない）、\"P(1.00, 0.00)\"テキストを表示。表の0°の行をハイライト。\n3.  **ループ**:\n    *   θを30°ずつ増加させる。\n    *   新しいθ値に向けて点P、線分OP、角度θをアニメーションさせる。\n    *   \"P(cosθ, sinθ)\"テキストを更新。\n    *   表の現在のθの行をハイライトし、前の行のハイライトを解除。\n    *   各ステップで数秒間静止し、視聴者が情報を確認できるようにする。\n    *   θが360°に達するまで繰り返す。\n4.  **終了**: 全ての角度が示された後、最終状態を数秒間表示してシーンを終了。\n\n#### 4. シーンが見やすいものになるようにするための注意\n\n*   **レイアウト**: 単位円エリアと表エリアを左右に明確に分割し、それぞれの要素が重ならないように配置する。\n*   **色使い**: 象限の色分け（緑、青、赤、紫）は、視覚的に区別しやすく、かつ全体のトーンに調和するよう選定する。表の行背景色と象限の符号テキストの色を一致させることで、視覚的な関連付けを強化する。\n*   **テキストサイズと可読性**: 全てのテキスト（タイトル、座標、表の数値、象限の符号）は、遠くからでも読みやすい適切なサイズとフォントで表示する。\n*   **アニメーション速度**: 点Pの移動、線分OPの回転、角度θの成長は、視聴者が変化を追える程度の滑らかな速度に調整する。各ステップでの一時停止は、情報の理解を助けるために十分な長さを確保する。\n*   **数値の精度**: 表に表示されるcosθとsinθの値は、小数点以下2桁に統一し、見やすくする。\n*   **強調ポイント**: 象限の境界（90°, 180°, 270°）では、アニメーションをわずかに遅くしたり、一時停止を長くしたりして、視覚的な強調を加える。",
  "video_id": "animation",
  "current_script": "from manim import *\nimport numpy as np\n\nclass GeneratedScene(Scene):\n    def construct(self):\n        # 日本語フォント設定\n        jp_font = \"Noto Sans JP\"\n\n        # 象限の色設定\n        q1_color = GREEN\n        q2... (Total: 5882 chars)",
  "last_error": "",
  "error_type": "",
  "is_bad_request": false,
  "max_retries": 3,
  "current_retry": 2
}
2025-10-31 09:44:44,391 - ERROR -    [!] Execution Failed (Runtime Error).
╭─────────────────────────────── Traceback (most recent call last) ────────────────────────────────╮
│ /workspaces/ai_agent/back/.venv/lib/python3.11/site-packages/manim/cli/render/commands.py:120 in │
│ render                                                                                           │
│                                                                                                  │
│   117 │   │   │   try:                                                                           │
│   118 │   │   │   │   with tempconfig({}):                                                       │
│   119 │   │   │   │   │   scene = SceneClass()                                                   │
│ ❱ 120 │   │   │   │   │   scene.render()                                                         │
│   121 │   │   │   except Exception:                                                              │
│   122 │   │   │   │   error_console.print_exception()                                            │
│   123 │   │   │   │   sys.exit(1)                                                                │
│                                                                                                  │
│ /workspaces/ai_agent/back/.venv/lib/python3.11/site-packages/manim/scene/scene.py:229 in render  │
│                                                                                                  │
│    226 │   │   """                                                                               │
│    227 │   │   self.setup()                                                                      │
│    228 │   │   try:                                                                              │
│ ❱  229 │   │   │   self.construct()                                                              │
│    230 │   │   except EndSceneEarlyException:                                                    │
│    231 │   │   │   pass                                                                          │
│    232 │   │   except RerunSceneException as e:                                                  │
│                                                                                                  │
│ /workspaces/ai_agent/back/tmp/animation.py:66 in construct                                       │
│                                                                                                  │
│    63 │   │   │   sin_val = f"{np.sin(rad):.2f}"                                                 │
│    64 │   │   │   table_data.append([f"{angle}°", cos_val, sin_val])                             │
│    65 │   │                                                                                      │
│ ❱  66 │   │   table = MobjectTable(                                                              │
│    67 │   │   │   table_data,                                                                    │
│    68 │   │   │   include_outer_lines=True                                                       │
│    69 │   │   ).scale(0.4).shift(RIGHT * 3.5)                                                    │
│                                                                                                  │
│ /workspaces/ai_agent/back/.venv/lib/python3.11/site-packages/manim/mobject/table.py:1065 in      │
│ __init__                                                                                         │
│                                                                                                  │
│   1062 │   │   kwargs                                                                            │
│   1063 │   │   │   Additional arguments to be passed to :class:`~.Table`.                        │
│   1064 │   │   """                                                                               │
│ ❱ 1065 │   │   super().__init__(table, element_to_mobject=element_to_mobject, **kwargs)          │
│   1066                                                                                           │
│   1067                                                                                           │
│   1068 class IntegerTable(Table):                                                                │
│                                                                                                  │
│ /workspaces/ai_agent/back/.venv/lib/python3.11/site-packages/manim/mobject/table.py:234 in       │
│ __init__                                                                                         │
│                                                                                                  │
│    231 │   │                                                                                     │
│    232 │   │   super().__init__(**kwargs)                                                        │
│    233 │   │   mob_table = self._table_to_mob_table(table)                                       │
│ ❱  234 │   │   self.elements_without_labels = VGroup(*it.chain(*mob_table))                      │
│    235 │   │   mob_table = self._add_labels(mob_table)                                           │
│    236 │   │   self._organize_mob_table(mob_table)                                               │
│    237 │   │   self.elements = VGroup(*it.chain(*mob_table))                                     │
│                                                                                                  │
│ /workspaces/ai_agent/back/.venv/lib/python3.11/site-packages/manim/mobject/types/vectorized_mobj │
│ ect.py:1996 in __init__                                                                          │
│                                                                                                  │
│   1993 │                                                                                         │
│   1994 │   def __init__(self, *vmobjects, **kwargs):                                             │
│   1995 │   │   super().__init__(**kwargs)                                                        │
│ ❱ 1996 │   │   self.add(*vmobjects)                                                              │
│   1997 │                                                                                         │
│   1998 │   def __repr__(self) -> str:                                                            │
│   1999 │   │   return f'{self.__class__.__name__}({", ".join(str(mob) for mob in self.submobjec  │
│                                                                                                  │
│ /workspaces/ai_agent/back/.venv/lib/python3.11/site-packages/manim/mobject/types/vectorized_mobj │
│ ect.py:2057 in add                                                                               │
│                                                                                                  │
│   2054 │   │   """                                                                               │
│   2055 │   │   for m in vmobjects:                                                               │
│   2056 │   │   │   if not isinstance(m, (VMobject, OpenGLVMobject)):                             │
│ ❱ 2057 │   │   │   │   raise TypeError(                                                          │
│   2058 │   │   │   │   │   f"All submobjects of {self.__class__.__name__} must be of type VMobj  │
│   2059 │   │   │   │   │   f"Got {repr(m)} ({type(m).__name__}) instead. "                       │
│   2060 │   │   │   │   │   "You can try using `Group` instead."                                  │
╰──────────────────────────────────────────────────────────────────────────────────────────────────╯
TypeError: All submobjects of VGroup must be of type VMobject. Got '$\\theta$' (str) instead. You can try using `Group` instead.

2025-10-31 09:44:44,392 - WARNING -    [!] Parsed error (for LLM refine):
Line 10: ╭─────────────────────────────── Traceback (most recent call last) ────────────────────────────────╮
2025-10-31 09:44:44,393 - INFO - --- [Branch] Runtime Error. Proceeding to Refine. ---
2025-10-31 09:44:44,394 - INFO - --- 5. [Node] Refining Script (Attempt 3) ---
2025-10-31 09:44:44,394 - DEBUG - STATE at entry of [ _refine_script_on_error ]:
{
  "user_request": "単位円を使って、角度θに対応する点P(cosθ, sinθ)が円周上を動く様子を左側に表示してください。右側にはθを0°から360°まで30°刻みで変化させたときのsinθとcosθの値を表にして表示し、現在のθの行をハイライトしてください。また、sinθとcosθの符号がどの象限で変わるのか（第1象限は+,+、第2象限は-,+、第3象限は-,-、第4象限は+,-）を色分けして示してください。... (Total: 198 chars)",
  "generation_instructions": "",
  "animation_plan": "### Manim シーン生成指示\n\n#### 1. Manim で描画すべき図形やテキスト\n\n*   **左側（単位円エリア）**\n    *   **タイトル**: \"単位円と三角関数\" (シーン上部中央、大きめ、白)\n    *   **座標軸**: X軸、Y軸 (中心に配置、細いグレーの線、目盛りなし)\n    *   **単位円**: 半径1の円 (薄い青色の線)\n    *   **原点O**: (0,0)に小さな点 (黒)\n    *   **点P**: 円周上の点(cosθ, sinθ) (小さめの赤い点)\n    *   **線分OP**: 原点Oから点Pへの線分 (赤い線)\n    *   **角度θ**: X軸の正の部分から線分OPまでの弧 (黄色の弧)\n    *   **テキスト \"θ\"**: 角度の弧の近くに配置 (黄色)\n    *   **テキスト \"P(cosθ, sinθ)\"**: 点Pの近くに配置、座標値はリアルタイムで更新 (白)\n    *   **象限表示**: 各象限の中央付近に符号テキストと色分けされた背景（またはテキストの色）\n        *   第1象限: \"(+,+)\" (緑)\n        *   第2象限: \"(-,+)\" (青)\n        *   第3象限: \"(-,-)\" (赤)\n        *   第4象限: \"(+,-)\" (紫)\n\n*   **右側（表エリア）**\n    *   **表**: 3列 (\"θ\", \"cosθ\", \"sinθ\") x 13行 (ヘッダー+0°から360°まで30°刻み)\n    *   **表のデータ**:\n        *   \"θ\" 列: 0°, 30°, 60°, ..., 360°\n        *   \"cosθ\" 列: 対応するcosθの値 (小数点以下2桁)\n        *   \"sinθ\" 列: 対応するsinθの値 (小数点以下2桁)\n    *   **行の背景色**: 象限の色と対応させる（例: 0°～90°は緑、90°～180°は青、など）\n    *   **ハイライト**: 現在のθに対応する行を明るい黄色でハイライト\n\n#### 2. 図形やテキストをどのように動かすか\n\n*   **初期表示**:\n    *   タイトル、座標軸、単位円、原点、象限表示（符号と色）を表のヘッダーと共にフェードインまたは描画アニメーションで表示。\n    *   θ=0°での点P、線分OP、角度θ（見えない状態から描画）、\"P(cosθ, sinθ)\"テキスト、表の初期行（0°）をハイライト表示。\n*   **角度変化アニメーション**:\n    *   θを0°から360°まで30°刻みで変化させる。\n    *   **点P**: 円周上を滑らかに移動。\n    *   **線分OP**: 点Pに合わせて原点を中心に回転。\n    *   **角度θ**: 弧がX軸から点Pまで成長するアニメーション。\n    *   **\"P(cosθ, sinθ)\"テキスト**: 点Pの移動に合わせて座標値を更新。\n    *   **表のハイライト**: θが変化するたびに、対応する表の行をハイライトし、前の行のハイライトを解除。ハイライトは瞬時に切り替える。\n    *   **象限の強調**: 各象限の境界（90°, 180°, 270°, 360°）を通過する際に、アニメーション速度を少し落とすか、短い一時停止を挟む。\n\n#### 3. シーン全体の流れ\n\n1.  **シーン開始**: 全体のタイトル表示。単位円エリアの基本要素（円、軸、原点、象限の符号と色）と表エリアのヘッダーを同時に描画/フェードイン。\n2.  **初期状態**: θ=0°の点P、線分OP、角度θ（最初は見えない）、\"P(1.00, 0.00)\"テキストを表示。表の0°の行をハイライト。\n3.  **ループ**:\n    *   θを30°ずつ増加させる。\n    *   新しいθ値に向けて点P、線分OP、角度θをアニメーションさせる。\n    *   \"P(cosθ, sinθ)\"テキストを更新。\n    *   表の現在のθの行をハイライトし、前の行のハイライトを解除。\n    *   各ステップで数秒間静止し、視聴者が情報を確認できるようにする。\n    *   θが360°に達するまで繰り返す。\n4.  **終了**: 全ての角度が示された後、最終状態を数秒間表示してシーンを終了。\n\n#### 4. シーンが見やすいものになるようにするための注意\n\n*   **レイアウト**: 単位円エリアと表エリアを左右に明確に分割し、それぞれの要素が重ならないように配置する。\n*   **色使い**: 象限の色分け（緑、青、赤、紫）は、視覚的に区別しやすく、かつ全体のトーンに調和するよう選定する。表の行背景色と象限の符号テキストの色を一致させることで、視覚的な関連付けを強化する。\n*   **テキストサイズと可読性**: 全てのテキスト（タイトル、座標、表の数値、象限の符号）は、遠くからでも読みやすい適切なサイズとフォントで表示する。\n*   **アニメーション速度**: 点Pの移動、線分OPの回転、角度θの成長は、視聴者が変化を追える程度の滑らかな速度に調整する。各ステップでの一時停止は、情報の理解を助けるために十分な長さを確保する。\n*   **数値の精度**: 表に表示されるcosθとsinθの値は、小数点以下2桁に統一し、見やすくする。\n*   **強調ポイント**: 象限の境界（90°, 180°, 270°）では、アニメーションをわずかに遅くしたり、一時停止を長くしたりして、視覚的な強調を加える。",
  "video_id": "animation",
  "current_script": "from manim import *\nimport numpy as np\n\nclass GeneratedScene(Scene):\n    def construct(self):\n        # 日本語フォント設定\n        jp_font = \"Noto Sans JP\"\n\n        # 象限の色設定\n        q1_color = GREEN\n        q2... (Total: 5882 chars)",
  "last_error": "Line 10: ╭─────────────────────────────── Traceback (most recent call last) ────────────────────────────────╮... (Total: 109 chars)",
  "error_type": "runtime",
  "is_bad_request": false,
  "max_retries": 3,
  "current_retry": 2
}
2025-10-31 09:45:52,574 - DEBUG -    [+] Script refined (length: 6661)
2025-10-31 09:45:52,578 - INFO - --- 2. [Node] Checking Security ---
2025-10-31 09:45:52,579 - DEBUG - STATE at entry of [ _check_bad_request ]:
{
  "user_request": "単位円を使って、角度θに対応する点P(cosθ, sinθ)が円周上を動く様子を左側に表示してください。右側にはθを0°から360°まで30°刻みで変化させたときのsinθとcosθの値を表にして表示し、現在のθの行をハイライトしてください。また、sinθとcosθの符号がどの象限で変わるのか（第1象限は+,+、第2象限は-,+、第3象限は-,-、第4象限は+,-）を色分けして示してください。... (Total: 198 chars)",
  "generation_instructions": "",
  "animation_plan": "### Manim シーン生成指示\n\n#### 1. Manim で描画すべき図形やテキスト\n\n*   **左側（単位円エリア）**\n    *   **タイトル**: \"単位円と三角関数\" (シーン上部中央、大きめ、白)\n    *   **座標軸**: X軸、Y軸 (中心に配置、細いグレーの線、目盛りなし)\n    *   **単位円**: 半径1の円 (薄い青色の線)\n    *   **原点O**: (0,0)に小さな点 (黒)\n    *   **点P**: 円周上の点(cosθ, sinθ) (小さめの赤い点)\n    *   **線分OP**: 原点Oから点Pへの線分 (赤い線)\n    *   **角度θ**: X軸の正の部分から線分OPまでの弧 (黄色の弧)\n    *   **テキスト \"θ\"**: 角度の弧の近くに配置 (黄色)\n    *   **テキスト \"P(cosθ, sinθ)\"**: 点Pの近くに配置、座標値はリアルタイムで更新 (白)\n    *   **象限表示**: 各象限の中央付近に符号テキストと色分けされた背景（またはテキストの色）\n        *   第1象限: \"(+,+)\" (緑)\n        *   第2象限: \"(-,+)\" (青)\n        *   第3象限: \"(-,-)\" (赤)\n        *   第4象限: \"(+,-)\" (紫)\n\n*   **右側（表エリア）**\n    *   **表**: 3列 (\"θ\", \"cosθ\", \"sinθ\") x 13行 (ヘッダー+0°から360°まで30°刻み)\n    *   **表のデータ**:\n        *   \"θ\" 列: 0°, 30°, 60°, ..., 360°\n        *   \"cosθ\" 列: 対応するcosθの値 (小数点以下2桁)\n        *   \"sinθ\" 列: 対応するsinθの値 (小数点以下2桁)\n    *   **行の背景色**: 象限の色と対応させる（例: 0°～90°は緑、90°～180°は青、など）\n    *   **ハイライト**: 現在のθに対応する行を明るい黄色でハイライト\n\n#### 2. 図形やテキストをどのように動かすか\n\n*   **初期表示**:\n    *   タイトル、座標軸、単位円、原点、象限表示（符号と色）を表のヘッダーと共にフェードインまたは描画アニメーションで表示。\n    *   θ=0°での点P、線分OP、角度θ（見えない状態から描画）、\"P(cosθ, sinθ)\"テキスト、表の初期行（0°）をハイライト表示。\n*   **角度変化アニメーション**:\n    *   θを0°から360°まで30°刻みで変化させる。\n    *   **点P**: 円周上を滑らかに移動。\n    *   **線分OP**: 点Pに合わせて原点を中心に回転。\n    *   **角度θ**: 弧がX軸から点Pまで成長するアニメーション。\n    *   **\"P(cosθ, sinθ)\"テキスト**: 点Pの移動に合わせて座標値を更新。\n    *   **表のハイライト**: θが変化するたびに、対応する表の行をハイライトし、前の行のハイライトを解除。ハイライトは瞬時に切り替える。\n    *   **象限の強調**: 各象限の境界（90°, 180°, 270°, 360°）を通過する際に、アニメーション速度を少し落とすか、短い一時停止を挟む。\n\n#### 3. シーン全体の流れ\n\n1.  **シーン開始**: 全体のタイトル表示。単位円エリアの基本要素（円、軸、原点、象限の符号と色）と表エリアのヘッダーを同時に描画/フェードイン。\n2.  **初期状態**: θ=0°の点P、線分OP、角度θ（最初は見えない）、\"P(1.00, 0.00)\"テキストを表示。表の0°の行をハイライト。\n3.  **ループ**:\n    *   θを30°ずつ増加させる。\n    *   新しいθ値に向けて点P、線分OP、角度θをアニメーションさせる。\n    *   \"P(cosθ, sinθ)\"テキストを更新。\n    *   表の現在のθの行をハイライトし、前の行のハイライトを解除。\n    *   各ステップで数秒間静止し、視聴者が情報を確認できるようにする。\n    *   θが360°に達するまで繰り返す。\n4.  **終了**: 全ての角度が示された後、最終状態を数秒間表示してシーンを終了。\n\n#### 4. シーンが見やすいものになるようにするための注意\n\n*   **レイアウト**: 単位円エリアと表エリアを左右に明確に分割し、それぞれの要素が重ならないように配置する。\n*   **色使い**: 象限の色分け（緑、青、赤、紫）は、視覚的に区別しやすく、かつ全体のトーンに調和するよう選定する。表の行背景色と象限の符号テキストの色を一致させることで、視覚的な関連付けを強化する。\n*   **テキストサイズと可読性**: 全てのテキスト（タイトル、座標、表の数値、象限の符号）は、遠くからでも読みやすい適切なサイズとフォントで表示する。\n*   **アニメーション速度**: 点Pの移動、線分OPの回転、角度θの成長は、視聴者が変化を追える程度の滑らかな速度に調整する。各ステップでの一時停止は、情報の理解を助けるために十分な長さを確保する。\n*   **数値の精度**: 表に表示されるcosθとsinθの値は、小数点以下2桁に統一し、見やすくする。\n*   **強調ポイント**: 象限の境界（90°, 180°, 270°）では、アニメーションをわずかに遅くしたり、一時停止を長くしたりして、視覚的な強調を加える。",
  "video_id": "animation",
  "current_script": "from manim import *\nimport numpy as np\n\nclass GeneratedScene(Scene):\n    def construct(self):\n        # 日本語フォント設定\n        jp_font = \"Noto Sans JP\"\n\n        # 象限の色設定\n        q1_color = GREEN\n        q2... (Total: 6661 chars)",
  "last_error": "",
  "error_type": "",
  "is_bad_request": false,
  "max_retries": 3,
  "current_retry": 3
}
2025-10-31 09:45:52,579 - INFO -    [+] Secure.
2025-10-31 09:45:52,580 - DEBUG - --- [Branch] Secure. Proceeding to Lint. ---
2025-10-31 09:45:52,580 - INFO - --- 3. [Node] Running Linter (format_and_linter) ---
2025-10-31 09:45:52,580 - DEBUG - STATE at entry of [ _lint_check ]:
{
  "user_request": "単位円を使って、角度θに対応する点P(cosθ, sinθ)が円周上を動く様子を左側に表示してください。右側にはθを0°から360°まで30°刻みで変化させたときのsinθとcosθの値を表にして表示し、現在のθの行をハイライトしてください。また、sinθとcosθの符号がどの象限で変わるのか（第1象限は+,+、第2象限は-,+、第3象限は-,-、第4象限は+,-）を色分けして示してください。... (Total: 198 chars)",
  "generation_instructions": "",
  "animation_plan": "### Manim シーン生成指示\n\n#### 1. Manim で描画すべき図形やテキスト\n\n*   **左側（単位円エリア）**\n    *   **タイトル**: \"単位円と三角関数\" (シーン上部中央、大きめ、白)\n    *   **座標軸**: X軸、Y軸 (中心に配置、細いグレーの線、目盛りなし)\n    *   **単位円**: 半径1の円 (薄い青色の線)\n    *   **原点O**: (0,0)に小さな点 (黒)\n    *   **点P**: 円周上の点(cosθ, sinθ) (小さめの赤い点)\n    *   **線分OP**: 原点Oから点Pへの線分 (赤い線)\n    *   **角度θ**: X軸の正の部分から線分OPまでの弧 (黄色の弧)\n    *   **テキスト \"θ\"**: 角度の弧の近くに配置 (黄色)\n    *   **テキスト \"P(cosθ, sinθ)\"**: 点Pの近くに配置、座標値はリアルタイムで更新 (白)\n    *   **象限表示**: 各象限の中央付近に符号テキストと色分けされた背景（またはテキストの色）\n        *   第1象限: \"(+,+)\" (緑)\n        *   第2象限: \"(-,+)\" (青)\n        *   第3象限: \"(-,-)\" (赤)\n        *   第4象限: \"(+,-)\" (紫)\n\n*   **右側（表エリア）**\n    *   **表**: 3列 (\"θ\", \"cosθ\", \"sinθ\") x 13行 (ヘッダー+0°から360°まで30°刻み)\n    *   **表のデータ**:\n        *   \"θ\" 列: 0°, 30°, 60°, ..., 360°\n        *   \"cosθ\" 列: 対応するcosθの値 (小数点以下2桁)\n        *   \"sinθ\" 列: 対応するsinθの値 (小数点以下2桁)\n    *   **行の背景色**: 象限の色と対応させる（例: 0°～90°は緑、90°～180°は青、など）\n    *   **ハイライト**: 現在のθに対応する行を明るい黄色でハイライト\n\n#### 2. 図形やテキストをどのように動かすか\n\n*   **初期表示**:\n    *   タイトル、座標軸、単位円、原点、象限表示（符号と色）を表のヘッダーと共にフェードインまたは描画アニメーションで表示。\n    *   θ=0°での点P、線分OP、角度θ（見えない状態から描画）、\"P(cosθ, sinθ)\"テキスト、表の初期行（0°）をハイライト表示。\n*   **角度変化アニメーション**:\n    *   θを0°から360°まで30°刻みで変化させる。\n    *   **点P**: 円周上を滑らかに移動。\n    *   **線分OP**: 点Pに合わせて原点を中心に回転。\n    *   **角度θ**: 弧がX軸から点Pまで成長するアニメーション。\n    *   **\"P(cosθ, sinθ)\"テキスト**: 点Pの移動に合わせて座標値を更新。\n    *   **表のハイライト**: θが変化するたびに、対応する表の行をハイライトし、前の行のハイライトを解除。ハイライトは瞬時に切り替える。\n    *   **象限の強調**: 各象限の境界（90°, 180°, 270°, 360°）を通過する際に、アニメーション速度を少し落とすか、短い一時停止を挟む。\n\n#### 3. シーン全体の流れ\n\n1.  **シーン開始**: 全体のタイトル表示。単位円エリアの基本要素（円、軸、原点、象限の符号と色）と表エリアのヘッダーを同時に描画/フェードイン。\n2.  **初期状態**: θ=0°の点P、線分OP、角度θ（最初は見えない）、\"P(1.00, 0.00)\"テキストを表示。表の0°の行をハイライト。\n3.  **ループ**:\n    *   θを30°ずつ増加させる。\n    *   新しいθ値に向けて点P、線分OP、角度θをアニメーションさせる。\n    *   \"P(cosθ, sinθ)\"テキストを更新。\n    *   表の現在のθの行をハイライトし、前の行のハイライトを解除。\n    *   各ステップで数秒間静止し、視聴者が情報を確認できるようにする。\n    *   θが360°に達するまで繰り返す。\n4.  **終了**: 全ての角度が示された後、最終状態を数秒間表示してシーンを終了。\n\n#### 4. シーンが見やすいものになるようにするための注意\n\n*   **レイアウト**: 単位円エリアと表エリアを左右に明確に分割し、それぞれの要素が重ならないように配置する。\n*   **色使い**: 象限の色分け（緑、青、赤、紫）は、視覚的に区別しやすく、かつ全体のトーンに調和するよう選定する。表の行背景色と象限の符号テキストの色を一致させることで、視覚的な関連付けを強化する。\n*   **テキストサイズと可読性**: 全てのテキスト（タイトル、座標、表の数値、象限の符号）は、遠くからでも読みやすい適切なサイズとフォントで表示する。\n*   **アニメーション速度**: 点Pの移動、線分OPの回転、角度θの成長は、視聴者が変化を追える程度の滑らかな速度に調整する。各ステップでの一時停止は、情報の理解を助けるために十分な長さを確保する。\n*   **数値の精度**: 表に表示されるcosθとsinθの値は、小数点以下2桁に統一し、見やすくする。\n*   **強調ポイント**: 象限の境界（90°, 180°, 270°）では、アニメーションをわずかに遅くしたり、一時停止を長くしたりして、視覚的な強調を加える。",
  "video_id": "animation",
  "current_script": "from manim import *\nimport numpy as np\n\nclass GeneratedScene(Scene):\n    def construct(self):\n        # 日本語フォント設定\n        jp_font = \"Noto Sans JP\"\n\n        # 象限の色設定\n        q1_color = GREEN\n        q2... (Total: 6661 chars)",
  "last_error": "",
  "error_type": "",
  "is_bad_request": false,
  "max_retries": 3,
  "current_retry": 3
}
2025-10-31 09:45:52,582 - INFO -    [+] Linter Passed.
2025-10-31 09:45:52,583 - DEBUG - --- [Branch] Linter Passed. Proceeding to Execute. ---
2025-10-31 09:45:52,584 - INFO - --- 4. [Node] Executing Manim ---
2025-10-31 09:45:52,584 - DEBUG - STATE at entry of [ _execute_script ]:
{
  "user_request": "単位円を使って、角度θに対応する点P(cosθ, sinθ)が円周上を動く様子を左側に表示してください。右側にはθを0°から360°まで30°刻みで変化させたときのsinθとcosθの値を表にして表示し、現在のθの行をハイライトしてください。また、sinθとcosθの符号がどの象限で変わるのか（第1象限は+,+、第2象限は-,+、第3象限は-,-、第4象限は+,-）を色分けして示してください。... (Total: 198 chars)",
  "generation_instructions": "",
  "animation_plan": "### Manim シーン生成指示\n\n#### 1. Manim で描画すべき図形やテキスト\n\n*   **左側（単位円エリア）**\n    *   **タイトル**: \"単位円と三角関数\" (シーン上部中央、大きめ、白)\n    *   **座標軸**: X軸、Y軸 (中心に配置、細いグレーの線、目盛りなし)\n    *   **単位円**: 半径1の円 (薄い青色の線)\n    *   **原点O**: (0,0)に小さな点 (黒)\n    *   **点P**: 円周上の点(cosθ, sinθ) (小さめの赤い点)\n    *   **線分OP**: 原点Oから点Pへの線分 (赤い線)\n    *   **角度θ**: X軸の正の部分から線分OPまでの弧 (黄色の弧)\n    *   **テキスト \"θ\"**: 角度の弧の近くに配置 (黄色)\n    *   **テキスト \"P(cosθ, sinθ)\"**: 点Pの近くに配置、座標値はリアルタイムで更新 (白)\n    *   **象限表示**: 各象限の中央付近に符号テキストと色分けされた背景（またはテキストの色）\n        *   第1象限: \"(+,+)\" (緑)\n        *   第2象限: \"(-,+)\" (青)\n        *   第3象限: \"(-,-)\" (赤)\n        *   第4象限: \"(+,-)\" (紫)\n\n*   **右側（表エリア）**\n    *   **表**: 3列 (\"θ\", \"cosθ\", \"sinθ\") x 13行 (ヘッダー+0°から360°まで30°刻み)\n    *   **表のデータ**:\n        *   \"θ\" 列: 0°, 30°, 60°, ..., 360°\n        *   \"cosθ\" 列: 対応するcosθの値 (小数点以下2桁)\n        *   \"sinθ\" 列: 対応するsinθの値 (小数点以下2桁)\n    *   **行の背景色**: 象限の色と対応させる（例: 0°～90°は緑、90°～180°は青、など）\n    *   **ハイライト**: 現在のθに対応する行を明るい黄色でハイライト\n\n#### 2. 図形やテキストをどのように動かすか\n\n*   **初期表示**:\n    *   タイトル、座標軸、単位円、原点、象限表示（符号と色）を表のヘッダーと共にフェードインまたは描画アニメーションで表示。\n    *   θ=0°での点P、線分OP、角度θ（見えない状態から描画）、\"P(cosθ, sinθ)\"テキスト、表の初期行（0°）をハイライト表示。\n*   **角度変化アニメーション**:\n    *   θを0°から360°まで30°刻みで変化させる。\n    *   **点P**: 円周上を滑らかに移動。\n    *   **線分OP**: 点Pに合わせて原点を中心に回転。\n    *   **角度θ**: 弧がX軸から点Pまで成長するアニメーション。\n    *   **\"P(cosθ, sinθ)\"テキスト**: 点Pの移動に合わせて座標値を更新。\n    *   **表のハイライト**: θが変化するたびに、対応する表の行をハイライトし、前の行のハイライトを解除。ハイライトは瞬時に切り替える。\n    *   **象限の強調**: 各象限の境界（90°, 180°, 270°, 360°）を通過する際に、アニメーション速度を少し落とすか、短い一時停止を挟む。\n\n#### 3. シーン全体の流れ\n\n1.  **シーン開始**: 全体のタイトル表示。単位円エリアの基本要素（円、軸、原点、象限の符号と色）と表エリアのヘッダーを同時に描画/フェードイン。\n2.  **初期状態**: θ=0°の点P、線分OP、角度θ（最初は見えない）、\"P(1.00, 0.00)\"テキストを表示。表の0°の行をハイライト。\n3.  **ループ**:\n    *   θを30°ずつ増加させる。\n    *   新しいθ値に向けて点P、線分OP、角度θをアニメーションさせる。\n    *   \"P(cosθ, sinθ)\"テキストを更新。\n    *   表の現在のθの行をハイライトし、前の行のハイライトを解除。\n    *   各ステップで数秒間静止し、視聴者が情報を確認できるようにする。\n    *   θが360°に達するまで繰り返す。\n4.  **終了**: 全ての角度が示された後、最終状態を数秒間表示してシーンを終了。\n\n#### 4. シーンが見やすいものになるようにするための注意\n\n*   **レイアウト**: 単位円エリアと表エリアを左右に明確に分割し、それぞれの要素が重ならないように配置する。\n*   **色使い**: 象限の色分け（緑、青、赤、紫）は、視覚的に区別しやすく、かつ全体のトーンに調和するよう選定する。表の行背景色と象限の符号テキストの色を一致させることで、視覚的な関連付けを強化する。\n*   **テキストサイズと可読性**: 全てのテキスト（タイトル、座標、表の数値、象限の符号）は、遠くからでも読みやすい適切なサイズとフォントで表示する。\n*   **アニメーション速度**: 点Pの移動、線分OPの回転、角度θの成長は、視聴者が変化を追える程度の滑らかな速度に調整する。各ステップでの一時停止は、情報の理解を助けるために十分な長さを確保する。\n*   **数値の精度**: 表に表示されるcosθとsinθの値は、小数点以下2桁に統一し、見やすくする。\n*   **強調ポイント**: 象限の境界（90°, 180°, 270°）では、アニメーションをわずかに遅くしたり、一時停止を長くしたりして、視覚的な強調を加える。",
  "video_id": "animation",
  "current_script": "from manim import *\nimport numpy as np\n\nclass GeneratedScene(Scene):\n    def construct(self):\n        # 日本語フォント設定\n        jp_font = \"Noto Sans JP\"\n\n        # 象限の色設定\n        q1_color = GREEN\n        q2... (Total: 6661 chars)",
  "last_error": "",
  "error_type": "",
  "is_bad_request": false,
  "max_retries": 3,
  "current_retry": 3
}
2025-10-31 09:45:53,701 - ERROR -    [!] Execution Failed (Runtime Error).
/workspaces/ai_agent/back/tmp/animation.py:30: DeprecationWarning: This method is not guaranteed to stay around. Please prefer setting the attribute normally or with Mobject.set().
  axes.set_stroke_width(2)
╭─────────────────────────────── Traceback (most recent call last) ────────────────────────────────╮
│ /workspaces/ai_agent/back/.venv/lib/python3.11/site-packages/manim/cli/render/commands.py:120 in │
│ render                                                                                           │
│                                                                                                  │
│   117 │   │   │   try:                                                                           │
│   118 │   │   │   │   with tempconfig({}):                                                       │
│   119 │   │   │   │   │   scene = SceneClass()                                                   │
│ ❱ 120 │   │   │   │   │   scene.render()                                                         │
│   121 │   │   │   except Exception:                                                              │
│   122 │   │   │   │   error_console.print_exception()                                            │
│   123 │   │   │   │   sys.exit(1)                                                                │
│                                                                                                  │
│ /workspaces/ai_agent/back/.venv/lib/python3.11/site-packages/manim/scene/scene.py:229 in render  │
│                                                                                                  │
│    226 │   │   """                                                                               │
│    227 │   │   self.setup()                                                                      │
│    228 │   │   try:                                                                              │
│ ❱  229 │   │   │   self.construct()                                                              │
│    230 │   │   except EndSceneEarlyException:                                                    │
│    231 │   │   │   pass                                                                          │
│    232 │   │   except RerunSceneException as e:                                                  │
│                                                                                                  │
│ /workspaces/ai_agent/back/tmp/animation.py:71 in construct                                       │
│                                                                                                  │
│    68 │   │   │   sin_val = f"{np.sin(rad):.2f}"                                                 │
│    69 │   │   │   table_data.append([f"{angle}°", cos_val, sin_val])                             │
│    70 │   │                                                                                      │
│ ❱  71 │   │   table = MobjectTable(                                                              │
│    72 │   │   │   table_data,                                                                    │
│    73 │   │   │   include_outer_lines=True                                                       │
│    74 │   │   )                                                                                  │
│                                                                                                  │
│ /workspaces/ai_agent/back/.venv/lib/python3.11/site-packages/manim/mobject/table.py:1065 in      │
│ __init__                                                                                         │
│                                                                                                  │
│   1062 │   │   kwargs                                                                            │
│   1063 │   │   │   Additional arguments to be passed to :class:`~.Table`.                        │
│   1064 │   │   """                                                                               │
│ ❱ 1065 │   │   super().__init__(table, element_to_mobject=element_to_mobject, **kwargs)          │
│   1066                                                                                           │
│   1067                                                                                           │
│   1068 class IntegerTable(Table):                                                                │
│                                                                                                  │
│ /workspaces/ai_agent/back/.venv/lib/python3.11/site-packages/manim/mobject/table.py:234 in       │
│ __init__                                                                                         │
│                                                                                                  │
│    231 │   │                                                                                     │
│    232 │   │   super().__init__(**kwargs)                                                        │
│    233 │   │   mob_table = self._table_to_mob_table(table)                                       │
│ ❱  234 │   │   self.elements_without_labels = VGroup(*it.chain(*mob_table))                      │
│    235 │   │   mob_table = self._add_labels(mob_table)                                           │
│    236 │   │   self._organize_mob_table(mob_table)                                               │
│    237 │   │   self.elements = VGroup(*it.chain(*mob_table))                                     │
│                                                                                                  │
│ /workspaces/ai_agent/back/.venv/lib/python3.11/site-packages/manim/mobject/types/vectorized_mobj │
│ ect.py:1996 in __init__                                                                          │
│                                                                                                  │
│   1993 │                                                                                         │
│   1994 │   def __init__(self, *vmobjects, **kwargs):                                             │
│   1995 │   │   super().__init__(**kwargs)                                                        │
│ ❱ 1996 │   │   self.add(*vmobjects)                                                              │
│   1997 │                                                                                         │
│   1998 │   def __repr__(self) -> str:                                                            │
│   1999 │   │   return f'{self.__class__.__name__}({", ".join(str(mob) for mob in self.submobjec  │
│                                                                                                  │
│ /workspaces/ai_agent/back/.venv/lib/python3.11/site-packages/manim/mobject/types/vectorized_mobj │
│ ect.py:2057 in add                                                                               │
│                                                                                                  │
│   2054 │   │   """                                                                               │
│   2055 │   │   for m in vmobjects:                                                               │
│   2056 │   │   │   if not isinstance(m, (VMobject, OpenGLVMobject)):                             │
│ ❱ 2057 │   │   │   │   raise TypeError(                                                          │
│   2058 │   │   │   │   │   f"All submobjects of {self.__class__.__name__} must be of type VMobj  │
│   2059 │   │   │   │   │   f"Got {repr(m)} ({type(m).__name__}) instead. "                       │
│   2060 │   │   │   │   │   "You can try using `Group` instead."                                  │
╰──────────────────────────────────────────────────────────────────────────────────────────────────╯
TypeError: All submobjects of VGroup must be of type VMobject. Got '$\\theta$' (str) instead. You can try using `Group` instead.

2025-10-31 09:45:53,701 - WARNING -    [!] Parsed error (for LLM refine):
Line 10: /workspaces/ai_agent/back/tmp/animation.py:30: DeprecationWarning: This method is not guaranteed to 
2025-10-31 09:45:53,702 - WARNING - --- [Branch] Max Retries Reached (Runtime Error). Ending. ---
2025-10-31 09:45:53,702 - ERROR - --- Graph Finished: Error (Max Retries Reached) ---
2025-10-31 09:48:15,788 - INFO - Prompts loaded from prompts.toml.
2025-10-31 09:48:15,790 - INFO - Using dummy prompts as prompts.toml not found.
2025-10-31 09:48:15,839 - INFO - ManimAnimationService initialized.
2025-10-31 09:48:15,839 - INFO - --- Starting Graph for Video ID: animation (Max Retries: 3) ---
2025-10-31 09:48:15,840 - INFO - --- 1. [Node] Generating Initial Script ---
2025-10-31 09:48:15,840 - DEBUG - STATE at entry of [ _generate_initial_script ]:
{
  "user_request": "単位円を使って、角度θに対応する点P(cosθ, sinθ)が円周上を動く様子を左側に表示してください。右側にはθを0°から360°まで30°刻みで変化させたときのsinθとcosθの値を表にして表示し、現在のθの行をハイライトしてください。また、sinθとcosθの符号がどの象限で変わるのか（第1象限は+,+、第2象限は-,+、第3象限は-,-、第4象限は+,-）を色分けして示してください。... (Total: 198 chars)",
  "generation_instructions": "",
  "animation_plan": "",
  "video_id": "animation",
  "current_script": "",
  "last_error": "",
  "error_type": "",
  "is_bad_request": false,
  "max_retries": 3,
  "current_retry": 0
}
2025-10-31 09:50:10,034 - INFO - --- 取得した中間出力 (Planner) ---
2025-10-31 09:50:10,035 - INFO - Manim で次のアニメーションシーンを生成するための指示を記述します。

---

**Manim プロダクションプラン**

**1. Manim で描画すべき図形やテキスト（色・サイズなどの指定を含む）**

*   **全体レイアウト:** シーンを左右に分割し、左側に単位円関連、右側に表を配置する。
    *   `left_group = VGroup(...)` を `to_edge(LEFT, buff=1)` で配置。
    *   `right_group = VGroup(...)` を `to_edge(RIGHT, buff=1)` で配置。

*   **左側：単位円と動的な要素**
    *   **背景:**
        *   `NumberPlane()`: x軸、y軸。`x_range=[-1.5, 1.5, 0.5]`, `y_range=[-1.5, 1.5, 0.5]`, `axis_config={"include_numbers": False}`。色: `GREY_A`。
        *   `Circle(radius=1, color=WHITE)`: 単位円。
        *   **象限の色分け:** 4つの`Sector`オブジェクト。`fill_opacity=0.2`
            *   第1象限 `(+,+)`: `Sector(radius=1, start_angle=0, end_angle=PI/2, color=GREEN_A)`
            *   第2象限 `(-,+)`: `Sector(radius=1, start_angle=PI/2, end_angle=PI, color=BLUE_A)`
            *   第3象限 `(-,-)`: `Sector(radius=1, start_angle=PI, end_angle=3*PI/2, color=RED_A)`
            *   第4象限 `(+,-)`: `Sector(radius=1, start_angle=3*PI/2, end_angle=2*PI, color=YELLOW_A)`
    *   **動的な要素 (θに連動):**
        *   `Dot(point=RIGHT, color=RED)`: 点P。ラベル `P(cos\theta, sin\theta)`。
        *   `Line(ORIGIN, RIGHT, color=YELLOW)`: 原点から点Pへの半径。
        *   `Arc(radius=0.3, start_angle=0, angle=0, color=BLUE)`: x軸から点Pへの角度θを示す弧。ラベル `\theta`。
        *   `Line(ORIGIN, ORIGIN, color=GREEN)`: 点Pからx軸への垂線 (sinθを示す)。
        *   `Line(ORIGIN, ORIGIN, color=PURPLE)`: 点Pからy軸への垂線 (cosθの絶対値を示す)。
        *   `MathTex(r"\theta = 0^\circ", font_size=36)`: 現在の角度θの表示。
        *   `MathTex(r"\sin(\theta) = 0.00", font_size=36)`: sinθの値の表示。
        *   `MathTex(r"\cos(\theta) = 1.00", font_size=36)`: cosθの値の表示。

*   **右側：三角関数の値の表**
    *   `Table`:
        *   ヘッダー: `["\\theta", "\\sin\\theta", "\\cos\\theta"]`
        *   データ: 0°から360°まで30°刻みの値。sin/cosの値は小数点以下2桁で表示。例: `["0^\circ", "0.00", "1.00"]`, `["30^\circ", "0.50", "0.87"]` ... `["360^\circ", "0.00", "1.00"]`
        *   `include_outer_lines=True`, `line_color=GREY`
        *   `font_size=28`
    *   `SurroundingRectangle`: `table.get_row_cells(0)` の周りに配置。`color=YELLOW_B`, `fill_opacity=0.3`, `stroke_width=0`. ハイライトとして機能。

**2. 図形やテキストをどのように動かすか（アニメーションの指示）**

*   **初期表示:**
    *   `Create` (`NumberPlane`, `Circle`, 4つの`Sector`)
    *   `FadeIn` (`Table`のヘッダーと全てのデータ行)
    *   `Create` (`Dot P`, `radius_line`, `arc_theta`, `sin_line`, `cos_line` の初期状態 `θ=0°`)
    *   `FadeIn` (`theta_text`, `sin_text`, `cos_text` の初期値)
    *   `Create` (`highlight_rectangle` を `0°` の行に)

*   **θのループアニメーション (0°から360°まで30°刻み):**
    *   各ステップで、`θ` を `30°` 増やす。
    *   **左側:**
        *   `Transform` (`Dot P`, `radius_line`, `arc_theta`, `sin_line`, `cos_line`) を新しい `θ` に対応する位置・形状へ。
        *   `theta_text`, `sin_text`, `cos_text` の`set_value` または `Transform` で表示値を更新。
    *   **右側:**
        *   `highlight_rectangle.animate.move_to(table.get_row_cells(current_row_index))` で、現在の `θ` に対応する行へ滑らかに移動。
    *   各ステップの最後に `Wait(1)` 程度のポーズを挟む。

**3. シーン全体の流れ**

1.  **初期セットアップ (約2秒):**
    *   画面の左側に`NumberPlane`、`Circle`、4つの`Sector`（象限の色分け）を`Create`で描画。`Sector`は`fill_opacity`を低く設定し、他の要素が見えるようにする。
    *   画面の右側に`Table`オブジェクトを配置し、ヘッダーと全てのデータ行を`FadeIn`で表示。
    *   `θ=0°` の初期状態として、点P、半径、弧、sinθ・cosθを示す垂線を描画 (`Create`)。
    *   対応する `\theta`, `\sin\theta`, `\cos\theta` の`MathTex`を`FadeIn`で表示。
    *   `Table`の`0°`の行に`highlight_rectangle`を`Create`で表示。
    *   `Wait(1)`

2.  **角度変化ループ (0°から360°まで、各ステップ約1.5秒):**
    *   `θ` を `0°` から `360°` まで `30°` 刻みでループする。
    *   各ステップで、以下の要素を同時にアニメーションさせる:
        *   左側の単位円上で、点Pが円周上を移動し、半径、弧、垂線が新しい角度に追従して変化する (`Transform`の`run_time`を調整)。
        *   `\theta`, `\sin\theta`, `\cos\theta` の`MathTex`の表示値が更新される。
        *   右側の表で、`highlight_rectangle` が現在の `\theta` に対応する行へ滑らかに移動する (`MoveToTarget`の`run_time`を調整)。
    *   各アニメーションの後に`Wait(0.5)`程度の短いポーズを挟み、視覚的な情報を処理する時間を与える。

3.  **最終状態表示 (約2秒):**
    *   `θ=360°` のアニメーションが完了した後、最終的な状態を`Wait(2)`で表示し、シーンを終了する。

**4. シーンが見やすいものになるようにするための注意**

*   **レイアウト:** 左側の単位円と右側の表が重ならないように、十分な余白を確保して配置する。`VGroup`や`Group`を活用し、`to_edge`や`shift`で全体のバランスを調整する。
*   **色の選択:**
    *   各要素（円、軸、点P、半径、弧、垂線、表のテキスト、ハイライト、象限の色）が明確に区別できる色を選ぶ。
    *   象限の色は`fill_opacity=0.2`程度に設定し、薄くすることで、その下の円や軸、点Pが明確に見えるようにする。
    *   ハイライト色は、テキストを隠さずに目立つ色（例: `YELLOW_B`）を選ぶ。
*   **テキストの可読性:**
    *   表の`font_size`は`28`、`MathTex`の`font_size`は`36`を基準とし、画面全体で読みやすいサイズに調整する。
    *   `sinθ`や`cosθ`の値は`DecimalNumber`で表示し、`num_decimal_places=2`などとして統一する。
*   **アニメーションの速度:**
    *   `run_time`と`Wait`の`duration`を適切に設定し、ユーザーがアニメーションの変化と情報の更新を追えるようにする。特に、表のハイライト移動はスムーズに行う。
*   **座標の明示:** `NumberPlane` を使用することで、座標軸と原点が明確に示される。
*   **ラベル:** 点P、θ、x軸、y軸、sinθ、cosθを示す線には、必要に応じて`Tex`や`Text`でラベルを付けると、視覚的な理解が深まる。

---
2025-10-31 09:50:10,036 - INFO - -----------------------------------
2025-10-31 09:50:10,036 - DEBUG -    [+] Initial script generated (length: 5821)
2025-10-31 09:50:10,039 - INFO - --- 2. [Node] Checking Security ---
2025-10-31 09:50:10,040 - DEBUG - STATE at entry of [ _check_bad_request ]:
{
  "user_request": "単位円を使って、角度θに対応する点P(cosθ, sinθ)が円周上を動く様子を左側に表示してください。右側にはθを0°から360°まで30°刻みで変化させたときのsinθとcosθの値を表にして表示し、現在のθの行をハイライトしてください。また、sinθとcosθの符号がどの象限で変わるのか（第1象限は+,+、第2象限は-,+、第3象限は-,-、第4象限は+,-）を色分けして示してください。... (Total: 198 chars)",
  "generation_instructions": "",
  "animation_plan": "Manim で次のアニメーションシーンを生成するための指示を記述します。\n\n---\n\n**Manim プロダクションプラン**\n\n**1. Manim で描画すべき図形やテキスト（色・サイズなどの指定を含む）**\n\n*   **全体レイアウト:** シーンを左右に分割し、左側に単位円関連、右側に表を配置する。\n    *   `left_group = VGroup(...)` を `to_edge(LEFT, buff=1)` で配置。\n    *   `right_group = VGroup(...)` を `to_edge(RIGHT, buff=1)` で配置。\n\n*   **左側：単位円と動的な要素**\n    *   **背景:**\n        *   `NumberPlane()`: x軸、y軸。`x_range=[-1.5, 1.5, 0.5]`, `y_range=[-1.5, 1.5, 0.5]`, `axis_config={\"include_numbers\": False}`。色: `GREY_A`。\n        *   `Circle(radius=1, color=WHITE)`: 単位円。\n        *   **象限の色分け:** 4つの`Sector`オブジェクト。`fill_opacity=0.2`\n            *   第1象限 `(+,+)`: `Sector(radius=1, start_angle=0, end_angle=PI/2, color=GREEN_A)`\n            *   第2象限 `(-,+)`: `Sector(radius=1, start_angle=PI/2, end_angle=PI, color=BLUE_A)`\n            *   第3象限 `(-,-)`: `Sector(radius=1, start_angle=PI, end_angle=3*PI/2, color=RED_A)`\n            *   第4象限 `(+,-)`: `Sector(radius=1, start_angle=3*PI/2, end_angle=2*PI, color=YELLOW_A)`\n    *   **動的な要素 (θに連動):**\n        *   `Dot(point=RIGHT, color=RED)`: 点P。ラベル `P(cos\\theta, sin\\theta)`。\n        *   `Line(ORIGIN, RIGHT, color=YELLOW)`: 原点から点Pへの半径。\n        *   `Arc(radius=0.3, start_angle=0, angle=0, color=BLUE)`: x軸から点Pへの角度θを示す弧。ラベル `\\theta`。\n        *   `Line(ORIGIN, ORIGIN, color=GREEN)`: 点Pからx軸への垂線 (sinθを示す)。\n        *   `Line(ORIGIN, ORIGIN, color=PURPLE)`: 点Pからy軸への垂線 (cosθの絶対値を示す)。\n        *   `MathTex(r\"\\theta = 0^\\circ\", font_size=36)`: 現在の角度θの表示。\n        *   `MathTex(r\"\\sin(\\theta) = 0.00\", font_size=36)`: sinθの値の表示。\n        *   `MathTex(r\"\\cos(\\theta) = 1.00\", font_size=36)`: cosθの値の表示。\n\n*   **右側：三角関数の値の表**\n    *   `Table`:\n        *   ヘッダー: `[\"\\\\theta\", \"\\\\sin\\\\theta\", \"\\\\cos\\\\theta\"]`\n        *   データ: 0°から360°まで30°刻みの値。sin/cosの値は小数点以下2桁で表示。例: `[\"0^\\circ\", \"0.00\", \"1.00\"]`, `[\"30^\\circ\", \"0.50\", \"0.87\"]` ... `[\"360^\\circ\", \"0.00\", \"1.00\"]`\n        *   `include_outer_lines=True`, `line_color=GREY`\n        *   `font_size=28`\n    *   `SurroundingRectangle`: `table.get_row_cells(0)` の周りに配置。`color=YELLOW_B`, `fill_opacity=0.3`, `stroke_width=0`. ハイライトとして機能。\n\n**2. 図形やテキストをどのように動かすか（アニメーションの指示）**\n\n*   **初期表示:**\n    *   `Create` (`NumberPlane`, `Circle`, 4つの`Sector`)\n    *   `FadeIn` (`Table`のヘッダーと全てのデータ行)\n    *   `Create` (`Dot P`, `radius_line`, `arc_theta`, `sin_line`, `cos_line` の初期状態 `θ=0°`)\n    *   `FadeIn` (`theta_text`, `sin_text`, `cos_text` の初期値)\n    *   `Create` (`highlight_rectangle` を `0°` の行に)\n\n*   **θのループアニメーション (0°から360°まで30°刻み):**\n    *   各ステップで、`θ` を `30°` 増やす。\n    *   **左側:**\n        *   `Transform` (`Dot P`, `radius_line`, `arc_theta`, `sin_line`, `cos_line`) を新しい `θ` に対応する位置・形状へ。\n        *   `theta_text`, `sin_text`, `cos_text` の`set_value` または `Transform` で表示値を更新。\n    *   **右側:**\n        *   `highlight_rectangle.animate.move_to(table.get_row_cells(current_row_index))` で、現在の `θ` に対応する行へ滑らかに移動。\n    *   各ステップの最後に `Wait(1)` 程度のポーズを挟む。\n\n**3. シーン全体の流れ**\n\n1.  **初期セットアップ (約2秒):**\n    *   画面の左側に`NumberPlane`、`Circle`、4つの`Sector`（象限の色分け）を`Create`で描画。`Sector`は`fill_opacity`を低く設定し、他の要素が見えるようにする。\n    *   画面の右側に`Table`オブジェクトを配置し、ヘッダーと全てのデータ行を`FadeIn`で表示。\n    *   `θ=0°` の初期状態として、点P、半径、弧、sinθ・cosθを示す垂線を描画 (`Create`)。\n    *   対応する `\\theta`, `\\sin\\theta`, `\\cos\\theta` の`MathTex`を`FadeIn`で表示。\n    *   `Table`の`0°`の行に`highlight_rectangle`を`Create`で表示。\n    *   `Wait(1)`\n\n2.  **角度変化ループ (0°から360°まで、各ステップ約1.5秒):**\n    *   `θ` を `0°` から `360°` まで `30°` 刻みでループする。\n    *   各ステップで、以下の要素を同時にアニメーションさせる:\n        *   左側の単位円上で、点Pが円周上を移動し、半径、弧、垂線が新しい角度に追従して変化する (`Transform`の`run_time`を調整)。\n        *   `\\theta`, `\\sin\\theta`, `\\cos\\theta` の`MathTex`の表示値が更新される。\n        *   右側の表で、`highlight_rectangle` が現在の `\\theta` に対応する行へ滑らかに移動する (`MoveToTarget`の`run_time`を調整)。\n    *   各アニメーションの後に`Wait(0.5)`程度の短いポーズを挟み、視覚的な情報を処理する時間を与える。\n\n3.  **最終状態表示 (約2秒):**\n    *   `θ=360°` のアニメーションが完了した後、最終的な状態を`Wait(2)`で表示し、シーンを終了する。\n\n**4. シーンが見やすいものになるようにするための注意**\n\n*   **レイアウト:** 左側の単位円と右側の表が重ならないように、十分な余白を確保して配置する。`VGroup`や`Group`を活用し、`to_edge`や`shift`で全体のバランスを調整する。\n*   **色の選択:**\n    *   各要素（円、軸、点P、半径、弧、垂線、表のテキスト、ハイライト、象限の色）が明確に区別できる色を選ぶ。\n    *   象限の色は`fill_opacity=0.2`程度に設定し、薄くすることで、その下の円や軸、点Pが明確に見えるようにする。\n    *   ハイライト色は、テキストを隠さずに目立つ色（例: `YELLOW_B`）を選ぶ。\n*   **テキストの可読性:**\n    *   表の`font_size`は`28`、`MathTex`の`font_size`は`36`を基準とし、画面全体で読みやすいサイズに調整する。\n    *   `sinθ`や`cosθ`の値は`DecimalNumber`で表示し、`num_decimal_places=2`などとして統一する。\n*   **アニメーションの速度:**\n    *   `run_time`と`Wait`の`duration`を適切に設定し、ユーザーがアニメーションの変化と情報の更新を追えるようにする。特に、表のハイライト移動はスムーズに行う。\n*   **座標の明示:** `NumberPlane` を使用することで、座標軸と原点が明確に示される。\n*   **ラベル:** 点P、θ、x軸、y軸、sinθ、cosθを示す線には、必要に応じて`Tex`や`Text`でラベルを付けると、視覚的な理解が深まる。\n\n---",
  "video_id": "animation",
  "current_script": "from manim import *\nimport numpy as np\n\nclass GeneratedScene(Scene):\n    def construct(self):\n        # 1. Manimで描画すべき図形やテキスト\n\n        # --- 左側：単位円と動的な要素 ---\n\n        # 背景\n        plane = NumberPlane(... (Total: 5821 chars)",
  "last_error": "",
  "error_type": "",
  "is_bad_request": false,
  "max_retries": 3,
  "current_retry": 0
}
2025-10-31 09:50:10,052 - INFO -    [+] Secure.
2025-10-31 09:50:10,052 - DEBUG - --- [Branch] Secure. Proceeding to Lint. ---
2025-10-31 09:50:10,053 - INFO - --- 3. [Node] Running Linter (format_and_linter) ---
2025-10-31 09:50:10,053 - DEBUG - STATE at entry of [ _lint_check ]:
{
  "user_request": "単位円を使って、角度θに対応する点P(cosθ, sinθ)が円周上を動く様子を左側に表示してください。右側にはθを0°から360°まで30°刻みで変化させたときのsinθとcosθの値を表にして表示し、現在のθの行をハイライトしてください。また、sinθとcosθの符号がどの象限で変わるのか（第1象限は+,+、第2象限は-,+、第3象限は-,-、第4象限は+,-）を色分けして示してください。... (Total: 198 chars)",
  "generation_instructions": "",
  "animation_plan": "Manim で次のアニメーションシーンを生成するための指示を記述します。\n\n---\n\n**Manim プロダクションプラン**\n\n**1. Manim で描画すべき図形やテキスト（色・サイズなどの指定を含む）**\n\n*   **全体レイアウト:** シーンを左右に分割し、左側に単位円関連、右側に表を配置する。\n    *   `left_group = VGroup(...)` を `to_edge(LEFT, buff=1)` で配置。\n    *   `right_group = VGroup(...)` を `to_edge(RIGHT, buff=1)` で配置。\n\n*   **左側：単位円と動的な要素**\n    *   **背景:**\n        *   `NumberPlane()`: x軸、y軸。`x_range=[-1.5, 1.5, 0.5]`, `y_range=[-1.5, 1.5, 0.5]`, `axis_config={\"include_numbers\": False}`。色: `GREY_A`。\n        *   `Circle(radius=1, color=WHITE)`: 単位円。\n        *   **象限の色分け:** 4つの`Sector`オブジェクト。`fill_opacity=0.2`\n            *   第1象限 `(+,+)`: `Sector(radius=1, start_angle=0, end_angle=PI/2, color=GREEN_A)`\n            *   第2象限 `(-,+)`: `Sector(radius=1, start_angle=PI/2, end_angle=PI, color=BLUE_A)`\n            *   第3象限 `(-,-)`: `Sector(radius=1, start_angle=PI, end_angle=3*PI/2, color=RED_A)`\n            *   第4象限 `(+,-)`: `Sector(radius=1, start_angle=3*PI/2, end_angle=2*PI, color=YELLOW_A)`\n    *   **動的な要素 (θに連動):**\n        *   `Dot(point=RIGHT, color=RED)`: 点P。ラベル `P(cos\\theta, sin\\theta)`。\n        *   `Line(ORIGIN, RIGHT, color=YELLOW)`: 原点から点Pへの半径。\n        *   `Arc(radius=0.3, start_angle=0, angle=0, color=BLUE)`: x軸から点Pへの角度θを示す弧。ラベル `\\theta`。\n        *   `Line(ORIGIN, ORIGIN, color=GREEN)`: 点Pからx軸への垂線 (sinθを示す)。\n        *   `Line(ORIGIN, ORIGIN, color=PURPLE)`: 点Pからy軸への垂線 (cosθの絶対値を示す)。\n        *   `MathTex(r\"\\theta = 0^\\circ\", font_size=36)`: 現在の角度θの表示。\n        *   `MathTex(r\"\\sin(\\theta) = 0.00\", font_size=36)`: sinθの値の表示。\n        *   `MathTex(r\"\\cos(\\theta) = 1.00\", font_size=36)`: cosθの値の表示。\n\n*   **右側：三角関数の値の表**\n    *   `Table`:\n        *   ヘッダー: `[\"\\\\theta\", \"\\\\sin\\\\theta\", \"\\\\cos\\\\theta\"]`\n        *   データ: 0°から360°まで30°刻みの値。sin/cosの値は小数点以下2桁で表示。例: `[\"0^\\circ\", \"0.00\", \"1.00\"]`, `[\"30^\\circ\", \"0.50\", \"0.87\"]` ... `[\"360^\\circ\", \"0.00\", \"1.00\"]`\n        *   `include_outer_lines=True`, `line_color=GREY`\n        *   `font_size=28`\n    *   `SurroundingRectangle`: `table.get_row_cells(0)` の周りに配置。`color=YELLOW_B`, `fill_opacity=0.3`, `stroke_width=0`. ハイライトとして機能。\n\n**2. 図形やテキストをどのように動かすか（アニメーションの指示）**\n\n*   **初期表示:**\n    *   `Create` (`NumberPlane`, `Circle`, 4つの`Sector`)\n    *   `FadeIn` (`Table`のヘッダーと全てのデータ行)\n    *   `Create` (`Dot P`, `radius_line`, `arc_theta`, `sin_line`, `cos_line` の初期状態 `θ=0°`)\n    *   `FadeIn` (`theta_text`, `sin_text`, `cos_text` の初期値)\n    *   `Create` (`highlight_rectangle` を `0°` の行に)\n\n*   **θのループアニメーション (0°から360°まで30°刻み):**\n    *   各ステップで、`θ` を `30°` 増やす。\n    *   **左側:**\n        *   `Transform` (`Dot P`, `radius_line`, `arc_theta`, `sin_line`, `cos_line`) を新しい `θ` に対応する位置・形状へ。\n        *   `theta_text`, `sin_text`, `cos_text` の`set_value` または `Transform` で表示値を更新。\n    *   **右側:**\n        *   `highlight_rectangle.animate.move_to(table.get_row_cells(current_row_index))` で、現在の `θ` に対応する行へ滑らかに移動。\n    *   各ステップの最後に `Wait(1)` 程度のポーズを挟む。\n\n**3. シーン全体の流れ**\n\n1.  **初期セットアップ (約2秒):**\n    *   画面の左側に`NumberPlane`、`Circle`、4つの`Sector`（象限の色分け）を`Create`で描画。`Sector`は`fill_opacity`を低く設定し、他の要素が見えるようにする。\n    *   画面の右側に`Table`オブジェクトを配置し、ヘッダーと全てのデータ行を`FadeIn`で表示。\n    *   `θ=0°` の初期状態として、点P、半径、弧、sinθ・cosθを示す垂線を描画 (`Create`)。\n    *   対応する `\\theta`, `\\sin\\theta`, `\\cos\\theta` の`MathTex`を`FadeIn`で表示。\n    *   `Table`の`0°`の行に`highlight_rectangle`を`Create`で表示。\n    *   `Wait(1)`\n\n2.  **角度変化ループ (0°から360°まで、各ステップ約1.5秒):**\n    *   `θ` を `0°` から `360°` まで `30°` 刻みでループする。\n    *   各ステップで、以下の要素を同時にアニメーションさせる:\n        *   左側の単位円上で、点Pが円周上を移動し、半径、弧、垂線が新しい角度に追従して変化する (`Transform`の`run_time`を調整)。\n        *   `\\theta`, `\\sin\\theta`, `\\cos\\theta` の`MathTex`の表示値が更新される。\n        *   右側の表で、`highlight_rectangle` が現在の `\\theta` に対応する行へ滑らかに移動する (`MoveToTarget`の`run_time`を調整)。\n    *   各アニメーションの後に`Wait(0.5)`程度の短いポーズを挟み、視覚的な情報を処理する時間を与える。\n\n3.  **最終状態表示 (約2秒):**\n    *   `θ=360°` のアニメーションが完了した後、最終的な状態を`Wait(2)`で表示し、シーンを終了する。\n\n**4. シーンが見やすいものになるようにするための注意**\n\n*   **レイアウト:** 左側の単位円と右側の表が重ならないように、十分な余白を確保して配置する。`VGroup`や`Group`を活用し、`to_edge`や`shift`で全体のバランスを調整する。\n*   **色の選択:**\n    *   各要素（円、軸、点P、半径、弧、垂線、表のテキスト、ハイライト、象限の色）が明確に区別できる色を選ぶ。\n    *   象限の色は`fill_opacity=0.2`程度に設定し、薄くすることで、その下の円や軸、点Pが明確に見えるようにする。\n    *   ハイライト色は、テキストを隠さずに目立つ色（例: `YELLOW_B`）を選ぶ。\n*   **テキストの可読性:**\n    *   表の`font_size`は`28`、`MathTex`の`font_size`は`36`を基準とし、画面全体で読みやすいサイズに調整する。\n    *   `sinθ`や`cosθ`の値は`DecimalNumber`で表示し、`num_decimal_places=2`などとして統一する。\n*   **アニメーションの速度:**\n    *   `run_time`と`Wait`の`duration`を適切に設定し、ユーザーがアニメーションの変化と情報の更新を追えるようにする。特に、表のハイライト移動はスムーズに行う。\n*   **座標の明示:** `NumberPlane` を使用することで、座標軸と原点が明確に示される。\n*   **ラベル:** 点P、θ、x軸、y軸、sinθ、cosθを示す線には、必要に応じて`Tex`や`Text`でラベルを付けると、視覚的な理解が深まる。\n\n---",
  "video_id": "animation",
  "current_script": "from manim import *\nimport numpy as np\n\nclass GeneratedScene(Scene):\n    def construct(self):\n        # 1. Manimで描画すべき図形やテキスト\n\n        # --- 左側：単位円と動的な要素 ---\n\n        # 背景\n        plane = NumberPlane(... (Total: 5821 chars)",
  "last_error": "",
  "error_type": "",
  "is_bad_request": false,
  "max_retries": 3,
  "current_retry": 0
}
2025-10-31 09:50:12,235 - WARNING -    [!] Linter Failed.
2025-10-31 09:50:12,235 - INFO -    [+] Linter error details saved to linter_errors.log
2025-10-31 09:50:12,236 - INFO - --- [Branch] Linter Failed. Proceeding to Refine. ---
2025-10-31 09:50:12,236 - INFO - --- 5. [Node] Refining Script (Attempt 1) ---
2025-10-31 09:50:12,236 - DEBUG - STATE at entry of [ _refine_script_on_error ]:
{
  "user_request": "単位円を使って、角度θに対応する点P(cosθ, sinθ)が円周上を動く様子を左側に表示してください。右側にはθを0°から360°まで30°刻みで変化させたときのsinθとcosθの値を表にして表示し、現在のθの行をハイライトしてください。また、sinθとcosθの符号がどの象限で変わるのか（第1象限は+,+、第2象限は-,+、第3象限は-,-、第4象限は+,-）を色分けして示してください。... (Total: 198 chars)",
  "generation_instructions": "",
  "animation_plan": "Manim で次のアニメーションシーンを生成するための指示を記述します。\n\n---\n\n**Manim プロダクションプラン**\n\n**1. Manim で描画すべき図形やテキスト（色・サイズなどの指定を含む）**\n\n*   **全体レイアウト:** シーンを左右に分割し、左側に単位円関連、右側に表を配置する。\n    *   `left_group = VGroup(...)` を `to_edge(LEFT, buff=1)` で配置。\n    *   `right_group = VGroup(...)` を `to_edge(RIGHT, buff=1)` で配置。\n\n*   **左側：単位円と動的な要素**\n    *   **背景:**\n        *   `NumberPlane()`: x軸、y軸。`x_range=[-1.5, 1.5, 0.5]`, `y_range=[-1.5, 1.5, 0.5]`, `axis_config={\"include_numbers\": False}`。色: `GREY_A`。\n        *   `Circle(radius=1, color=WHITE)`: 単位円。\n        *   **象限の色分け:** 4つの`Sector`オブジェクト。`fill_opacity=0.2`\n            *   第1象限 `(+,+)`: `Sector(radius=1, start_angle=0, end_angle=PI/2, color=GREEN_A)`\n            *   第2象限 `(-,+)`: `Sector(radius=1, start_angle=PI/2, end_angle=PI, color=BLUE_A)`\n            *   第3象限 `(-,-)`: `Sector(radius=1, start_angle=PI, end_angle=3*PI/2, color=RED_A)`\n            *   第4象限 `(+,-)`: `Sector(radius=1, start_angle=3*PI/2, end_angle=2*PI, color=YELLOW_A)`\n    *   **動的な要素 (θに連動):**\n        *   `Dot(point=RIGHT, color=RED)`: 点P。ラベル `P(cos\\theta, sin\\theta)`。\n        *   `Line(ORIGIN, RIGHT, color=YELLOW)`: 原点から点Pへの半径。\n        *   `Arc(radius=0.3, start_angle=0, angle=0, color=BLUE)`: x軸から点Pへの角度θを示す弧。ラベル `\\theta`。\n        *   `Line(ORIGIN, ORIGIN, color=GREEN)`: 点Pからx軸への垂線 (sinθを示す)。\n        *   `Line(ORIGIN, ORIGIN, color=PURPLE)`: 点Pからy軸への垂線 (cosθの絶対値を示す)。\n        *   `MathTex(r\"\\theta = 0^\\circ\", font_size=36)`: 現在の角度θの表示。\n        *   `MathTex(r\"\\sin(\\theta) = 0.00\", font_size=36)`: sinθの値の表示。\n        *   `MathTex(r\"\\cos(\\theta) = 1.00\", font_size=36)`: cosθの値の表示。\n\n*   **右側：三角関数の値の表**\n    *   `Table`:\n        *   ヘッダー: `[\"\\\\theta\", \"\\\\sin\\\\theta\", \"\\\\cos\\\\theta\"]`\n        *   データ: 0°から360°まで30°刻みの値。sin/cosの値は小数点以下2桁で表示。例: `[\"0^\\circ\", \"0.00\", \"1.00\"]`, `[\"30^\\circ\", \"0.50\", \"0.87\"]` ... `[\"360^\\circ\", \"0.00\", \"1.00\"]`\n        *   `include_outer_lines=True`, `line_color=GREY`\n        *   `font_size=28`\n    *   `SurroundingRectangle`: `table.get_row_cells(0)` の周りに配置。`color=YELLOW_B`, `fill_opacity=0.3`, `stroke_width=0`. ハイライトとして機能。\n\n**2. 図形やテキストをどのように動かすか（アニメーションの指示）**\n\n*   **初期表示:**\n    *   `Create` (`NumberPlane`, `Circle`, 4つの`Sector`)\n    *   `FadeIn` (`Table`のヘッダーと全てのデータ行)\n    *   `Create` (`Dot P`, `radius_line`, `arc_theta`, `sin_line`, `cos_line` の初期状態 `θ=0°`)\n    *   `FadeIn` (`theta_text`, `sin_text`, `cos_text` の初期値)\n    *   `Create` (`highlight_rectangle` を `0°` の行に)\n\n*   **θのループアニメーション (0°から360°まで30°刻み):**\n    *   各ステップで、`θ` を `30°` 増やす。\n    *   **左側:**\n        *   `Transform` (`Dot P`, `radius_line`, `arc_theta`, `sin_line`, `cos_line`) を新しい `θ` に対応する位置・形状へ。\n        *   `theta_text`, `sin_text`, `cos_text` の`set_value` または `Transform` で表示値を更新。\n    *   **右側:**\n        *   `highlight_rectangle.animate.move_to(table.get_row_cells(current_row_index))` で、現在の `θ` に対応する行へ滑らかに移動。\n    *   各ステップの最後に `Wait(1)` 程度のポーズを挟む。\n\n**3. シーン全体の流れ**\n\n1.  **初期セットアップ (約2秒):**\n    *   画面の左側に`NumberPlane`、`Circle`、4つの`Sector`（象限の色分け）を`Create`で描画。`Sector`は`fill_opacity`を低く設定し、他の要素が見えるようにする。\n    *   画面の右側に`Table`オブジェクトを配置し、ヘッダーと全てのデータ行を`FadeIn`で表示。\n    *   `θ=0°` の初期状態として、点P、半径、弧、sinθ・cosθを示す垂線を描画 (`Create`)。\n    *   対応する `\\theta`, `\\sin\\theta`, `\\cos\\theta` の`MathTex`を`FadeIn`で表示。\n    *   `Table`の`0°`の行に`highlight_rectangle`を`Create`で表示。\n    *   `Wait(1)`\n\n2.  **角度変化ループ (0°から360°まで、各ステップ約1.5秒):**\n    *   `θ` を `0°` から `360°` まで `30°` 刻みでループする。\n    *   各ステップで、以下の要素を同時にアニメーションさせる:\n        *   左側の単位円上で、点Pが円周上を移動し、半径、弧、垂線が新しい角度に追従して変化する (`Transform`の`run_time`を調整)。\n        *   `\\theta`, `\\sin\\theta`, `\\cos\\theta` の`MathTex`の表示値が更新される。\n        *   右側の表で、`highlight_rectangle` が現在の `\\theta` に対応する行へ滑らかに移動する (`MoveToTarget`の`run_time`を調整)。\n    *   各アニメーションの後に`Wait(0.5)`程度の短いポーズを挟み、視覚的な情報を処理する時間を与える。\n\n3.  **最終状態表示 (約2秒):**\n    *   `θ=360°` のアニメーションが完了した後、最終的な状態を`Wait(2)`で表示し、シーンを終了する。\n\n**4. シーンが見やすいものになるようにするための注意**\n\n*   **レイアウト:** 左側の単位円と右側の表が重ならないように、十分な余白を確保して配置する。`VGroup`や`Group`を活用し、`to_edge`や`shift`で全体のバランスを調整する。\n*   **色の選択:**\n    *   各要素（円、軸、点P、半径、弧、垂線、表のテキスト、ハイライト、象限の色）が明確に区別できる色を選ぶ。\n    *   象限の色は`fill_opacity=0.2`程度に設定し、薄くすることで、その下の円や軸、点Pが明確に見えるようにする。\n    *   ハイライト色は、テキストを隠さずに目立つ色（例: `YELLOW_B`）を選ぶ。\n*   **テキストの可読性:**\n    *   表の`font_size`は`28`、`MathTex`の`font_size`は`36`を基準とし、画面全体で読みやすいサイズに調整する。\n    *   `sinθ`や`cosθ`の値は`DecimalNumber`で表示し、`num_decimal_places=2`などとして統一する。\n*   **アニメーションの速度:**\n    *   `run_time`と`Wait`の`duration`を適切に設定し、ユーザーがアニメーションの変化と情報の更新を追えるようにする。特に、表のハイライト移動はスムーズに行う。\n*   **座標の明示:** `NumberPlane` を使用することで、座標軸と原点が明確に示される。\n*   **ラベル:** 点P、θ、x軸、y軸、sinθ、cosθを示す線には、必要に応じて`Tex`や`Text`でラベルを付けると、視覚的な理解が深まる。\n\n---",
  "video_id": "animation",
  "current_script": "from manim import *\nimport numpy as np\n\nclass GeneratedScene(Scene):\n    def construct(self):\n        # 1. Manimで描画すべき図形やテキスト\n\n        # --- 左側：単位円と動的な要素 ---\n\n        # 背景\n        plane = NumberPlane(... (Total: 5821 chars)",
  "last_error": "[Error 1]\nfile: /workspaces/ai_agent/back/tmp/animation.py\nrule: reportArgumentType\nseverity: error\nline: 52\nmessage: Argument of type \"list[ManimFloat | int]\" cannot be assigned to parameter \"end\" of type \"Point3D\" in function \"__init__\"   Type \"list[ManimFloat | int]\" is not assignable to type \"Po... (Total: 3836 chars)",
  "error_type": "lint",
  "is_bad_request": false,
  "max_retries": 3,
  "current_retry": 0
}
2025-10-31 09:51:27,567 - DEBUG -    [+] Script refined (length: 6926)
2025-10-31 09:51:27,573 - INFO - --- 2. [Node] Checking Security ---
2025-10-31 09:51:27,574 - DEBUG - STATE at entry of [ _check_bad_request ]:
{
  "user_request": "単位円を使って、角度θに対応する点P(cosθ, sinθ)が円周上を動く様子を左側に表示してください。右側にはθを0°から360°まで30°刻みで変化させたときのsinθとcosθの値を表にして表示し、現在のθの行をハイライトしてください。また、sinθとcosθの符号がどの象限で変わるのか（第1象限は+,+、第2象限は-,+、第3象限は-,-、第4象限は+,-）を色分けして示してください。... (Total: 198 chars)",
  "generation_instructions": "",
  "animation_plan": "Manim で次のアニメーションシーンを生成するための指示を記述します。\n\n---\n\n**Manim プロダクションプラン**\n\n**1. Manim で描画すべき図形やテキスト（色・サイズなどの指定を含む）**\n\n*   **全体レイアウト:** シーンを左右に分割し、左側に単位円関連、右側に表を配置する。\n    *   `left_group = VGroup(...)` を `to_edge(LEFT, buff=1)` で配置。\n    *   `right_group = VGroup(...)` を `to_edge(RIGHT, buff=1)` で配置。\n\n*   **左側：単位円と動的な要素**\n    *   **背景:**\n        *   `NumberPlane()`: x軸、y軸。`x_range=[-1.5, 1.5, 0.5]`, `y_range=[-1.5, 1.5, 0.5]`, `axis_config={\"include_numbers\": False}`。色: `GREY_A`。\n        *   `Circle(radius=1, color=WHITE)`: 単位円。\n        *   **象限の色分け:** 4つの`Sector`オブジェクト。`fill_opacity=0.2`\n            *   第1象限 `(+,+)`: `Sector(radius=1, start_angle=0, end_angle=PI/2, color=GREEN_A)`\n            *   第2象限 `(-,+)`: `Sector(radius=1, start_angle=PI/2, end_angle=PI, color=BLUE_A)`\n            *   第3象限 `(-,-)`: `Sector(radius=1, start_angle=PI, end_angle=3*PI/2, color=RED_A)`\n            *   第4象限 `(+,-)`: `Sector(radius=1, start_angle=3*PI/2, end_angle=2*PI, color=YELLOW_A)`\n    *   **動的な要素 (θに連動):**\n        *   `Dot(point=RIGHT, color=RED)`: 点P。ラベル `P(cos\\theta, sin\\theta)`。\n        *   `Line(ORIGIN, RIGHT, color=YELLOW)`: 原点から点Pへの半径。\n        *   `Arc(radius=0.3, start_angle=0, angle=0, color=BLUE)`: x軸から点Pへの角度θを示す弧。ラベル `\\theta`。\n        *   `Line(ORIGIN, ORIGIN, color=GREEN)`: 点Pからx軸への垂線 (sinθを示す)。\n        *   `Line(ORIGIN, ORIGIN, color=PURPLE)`: 点Pからy軸への垂線 (cosθの絶対値を示す)。\n        *   `MathTex(r\"\\theta = 0^\\circ\", font_size=36)`: 現在の角度θの表示。\n        *   `MathTex(r\"\\sin(\\theta) = 0.00\", font_size=36)`: sinθの値の表示。\n        *   `MathTex(r\"\\cos(\\theta) = 1.00\", font_size=36)`: cosθの値の表示。\n\n*   **右側：三角関数の値の表**\n    *   `Table`:\n        *   ヘッダー: `[\"\\\\theta\", \"\\\\sin\\\\theta\", \"\\\\cos\\\\theta\"]`\n        *   データ: 0°から360°まで30°刻みの値。sin/cosの値は小数点以下2桁で表示。例: `[\"0^\\circ\", \"0.00\", \"1.00\"]`, `[\"30^\\circ\", \"0.50\", \"0.87\"]` ... `[\"360^\\circ\", \"0.00\", \"1.00\"]`\n        *   `include_outer_lines=True`, `line_color=GREY`\n        *   `font_size=28`\n    *   `SurroundingRectangle`: `table.get_row_cells(0)` の周りに配置。`color=YELLOW_B`, `fill_opacity=0.3`, `stroke_width=0`. ハイライトとして機能。\n\n**2. 図形やテキストをどのように動かすか（アニメーションの指示）**\n\n*   **初期表示:**\n    *   `Create` (`NumberPlane`, `Circle`, 4つの`Sector`)\n    *   `FadeIn` (`Table`のヘッダーと全てのデータ行)\n    *   `Create` (`Dot P`, `radius_line`, `arc_theta`, `sin_line`, `cos_line` の初期状態 `θ=0°`)\n    *   `FadeIn` (`theta_text`, `sin_text`, `cos_text` の初期値)\n    *   `Create` (`highlight_rectangle` を `0°` の行に)\n\n*   **θのループアニメーション (0°から360°まで30°刻み):**\n    *   各ステップで、`θ` を `30°` 増やす。\n    *   **左側:**\n        *   `Transform` (`Dot P`, `radius_line`, `arc_theta`, `sin_line`, `cos_line`) を新しい `θ` に対応する位置・形状へ。\n        *   `theta_text`, `sin_text`, `cos_text` の`set_value` または `Transform` で表示値を更新。\n    *   **右側:**\n        *   `highlight_rectangle.animate.move_to(table.get_row_cells(current_row_index))` で、現在の `θ` に対応する行へ滑らかに移動。\n    *   各ステップの最後に `Wait(1)` 程度のポーズを挟む。\n\n**3. シーン全体の流れ**\n\n1.  **初期セットアップ (約2秒):**\n    *   画面の左側に`NumberPlane`、`Circle`、4つの`Sector`（象限の色分け）を`Create`で描画。`Sector`は`fill_opacity`を低く設定し、他の要素が見えるようにする。\n    *   画面の右側に`Table`オブジェクトを配置し、ヘッダーと全てのデータ行を`FadeIn`で表示。\n    *   `θ=0°` の初期状態として、点P、半径、弧、sinθ・cosθを示す垂線を描画 (`Create`)。\n    *   対応する `\\theta`, `\\sin\\theta`, `\\cos\\theta` の`MathTex`を`FadeIn`で表示。\n    *   `Table`の`0°`の行に`highlight_rectangle`を`Create`で表示。\n    *   `Wait(1)`\n\n2.  **角度変化ループ (0°から360°まで、各ステップ約1.5秒):**\n    *   `θ` を `0°` から `360°` まで `30°` 刻みでループする。\n    *   各ステップで、以下の要素を同時にアニメーションさせる:\n        *   左側の単位円上で、点Pが円周上を移動し、半径、弧、垂線が新しい角度に追従して変化する (`Transform`の`run_time`を調整)。\n        *   `\\theta`, `\\sin\\theta`, `\\cos\\theta` の`MathTex`の表示値が更新される。\n        *   右側の表で、`highlight_rectangle` が現在の `\\theta` に対応する行へ滑らかに移動する (`MoveToTarget`の`run_time`を調整)。\n    *   各アニメーションの後に`Wait(0.5)`程度の短いポーズを挟み、視覚的な情報を処理する時間を与える。\n\n3.  **最終状態表示 (約2秒):**\n    *   `θ=360°` のアニメーションが完了した後、最終的な状態を`Wait(2)`で表示し、シーンを終了する。\n\n**4. シーンが見やすいものになるようにするための注意**\n\n*   **レイアウト:** 左側の単位円と右側の表が重ならないように、十分な余白を確保して配置する。`VGroup`や`Group`を活用し、`to_edge`や`shift`で全体のバランスを調整する。\n*   **色の選択:**\n    *   各要素（円、軸、点P、半径、弧、垂線、表のテキスト、ハイライト、象限の色）が明確に区別できる色を選ぶ。\n    *   象限の色は`fill_opacity=0.2`程度に設定し、薄くすることで、その下の円や軸、点Pが明確に見えるようにする。\n    *   ハイライト色は、テキストを隠さずに目立つ色（例: `YELLOW_B`）を選ぶ。\n*   **テキストの可読性:**\n    *   表の`font_size`は`28`、`MathTex`の`font_size`は`36`を基準とし、画面全体で読みやすいサイズに調整する。\n    *   `sinθ`や`cosθ`の値は`DecimalNumber`で表示し、`num_decimal_places=2`などとして統一する。\n*   **アニメーションの速度:**\n    *   `run_time`と`Wait`の`duration`を適切に設定し、ユーザーがアニメーションの変化と情報の更新を追えるようにする。特に、表のハイライト移動はスムーズに行う。\n*   **座標の明示:** `NumberPlane` を使用することで、座標軸と原点が明確に示される。\n*   **ラベル:** 点P、θ、x軸、y軸、sinθ、cosθを示す線には、必要に応じて`Tex`や`Text`でラベルを付けると、視覚的な理解が深まる。\n\n---",
  "video_id": "animation",
  "current_script": "from manim import *\nimport numpy as np\n\nclass GeneratedScene(Scene):\n    def construct(self):\n        # 1. Manimで描画すべき図形やテキスト\n\n        # --- 左側：単位円と動的な要素 ---\n\n        # 背景\n        plane = NumberPlane(... (Total: 6926 chars)",
  "last_error": "",
  "error_type": "",
  "is_bad_request": false,
  "max_retries": 3,
  "current_retry": 1
}
2025-10-31 09:51:27,581 - INFO -    [+] Secure.
2025-10-31 09:51:27,581 - DEBUG - --- [Branch] Secure. Proceeding to Lint. ---
2025-10-31 09:51:27,582 - INFO - --- 3. [Node] Running Linter (format_and_linter) ---
2025-10-31 09:51:27,582 - DEBUG - STATE at entry of [ _lint_check ]:
{
  "user_request": "単位円を使って、角度θに対応する点P(cosθ, sinθ)が円周上を動く様子を左側に表示してください。右側にはθを0°から360°まで30°刻みで変化させたときのsinθとcosθの値を表にして表示し、現在のθの行をハイライトしてください。また、sinθとcosθの符号がどの象限で変わるのか（第1象限は+,+、第2象限は-,+、第3象限は-,-、第4象限は+,-）を色分けして示してください。... (Total: 198 chars)",
  "generation_instructions": "",
  "animation_plan": "Manim で次のアニメーションシーンを生成するための指示を記述します。\n\n---\n\n**Manim プロダクションプラン**\n\n**1. Manim で描画すべき図形やテキスト（色・サイズなどの指定を含む）**\n\n*   **全体レイアウト:** シーンを左右に分割し、左側に単位円関連、右側に表を配置する。\n    *   `left_group = VGroup(...)` を `to_edge(LEFT, buff=1)` で配置。\n    *   `right_group = VGroup(...)` を `to_edge(RIGHT, buff=1)` で配置。\n\n*   **左側：単位円と動的な要素**\n    *   **背景:**\n        *   `NumberPlane()`: x軸、y軸。`x_range=[-1.5, 1.5, 0.5]`, `y_range=[-1.5, 1.5, 0.5]`, `axis_config={\"include_numbers\": False}`。色: `GREY_A`。\n        *   `Circle(radius=1, color=WHITE)`: 単位円。\n        *   **象限の色分け:** 4つの`Sector`オブジェクト。`fill_opacity=0.2`\n            *   第1象限 `(+,+)`: `Sector(radius=1, start_angle=0, end_angle=PI/2, color=GREEN_A)`\n            *   第2象限 `(-,+)`: `Sector(radius=1, start_angle=PI/2, end_angle=PI, color=BLUE_A)`\n            *   第3象限 `(-,-)`: `Sector(radius=1, start_angle=PI, end_angle=3*PI/2, color=RED_A)`\n            *   第4象限 `(+,-)`: `Sector(radius=1, start_angle=3*PI/2, end_angle=2*PI, color=YELLOW_A)`\n    *   **動的な要素 (θに連動):**\n        *   `Dot(point=RIGHT, color=RED)`: 点P。ラベル `P(cos\\theta, sin\\theta)`。\n        *   `Line(ORIGIN, RIGHT, color=YELLOW)`: 原点から点Pへの半径。\n        *   `Arc(radius=0.3, start_angle=0, angle=0, color=BLUE)`: x軸から点Pへの角度θを示す弧。ラベル `\\theta`。\n        *   `Line(ORIGIN, ORIGIN, color=GREEN)`: 点Pからx軸への垂線 (sinθを示す)。\n        *   `Line(ORIGIN, ORIGIN, color=PURPLE)`: 点Pからy軸への垂線 (cosθの絶対値を示す)。\n        *   `MathTex(r\"\\theta = 0^\\circ\", font_size=36)`: 現在の角度θの表示。\n        *   `MathTex(r\"\\sin(\\theta) = 0.00\", font_size=36)`: sinθの値の表示。\n        *   `MathTex(r\"\\cos(\\theta) = 1.00\", font_size=36)`: cosθの値の表示。\n\n*   **右側：三角関数の値の表**\n    *   `Table`:\n        *   ヘッダー: `[\"\\\\theta\", \"\\\\sin\\\\theta\", \"\\\\cos\\\\theta\"]`\n        *   データ: 0°から360°まで30°刻みの値。sin/cosの値は小数点以下2桁で表示。例: `[\"0^\\circ\", \"0.00\", \"1.00\"]`, `[\"30^\\circ\", \"0.50\", \"0.87\"]` ... `[\"360^\\circ\", \"0.00\", \"1.00\"]`\n        *   `include_outer_lines=True`, `line_color=GREY`\n        *   `font_size=28`\n    *   `SurroundingRectangle`: `table.get_row_cells(0)` の周りに配置。`color=YELLOW_B`, `fill_opacity=0.3`, `stroke_width=0`. ハイライトとして機能。\n\n**2. 図形やテキストをどのように動かすか（アニメーションの指示）**\n\n*   **初期表示:**\n    *   `Create` (`NumberPlane`, `Circle`, 4つの`Sector`)\n    *   `FadeIn` (`Table`のヘッダーと全てのデータ行)\n    *   `Create` (`Dot P`, `radius_line`, `arc_theta`, `sin_line`, `cos_line` の初期状態 `θ=0°`)\n    *   `FadeIn` (`theta_text`, `sin_text`, `cos_text` の初期値)\n    *   `Create` (`highlight_rectangle` を `0°` の行に)\n\n*   **θのループアニメーション (0°から360°まで30°刻み):**\n    *   各ステップで、`θ` を `30°` 増やす。\n    *   **左側:**\n        *   `Transform` (`Dot P`, `radius_line`, `arc_theta`, `sin_line`, `cos_line`) を新しい `θ` に対応する位置・形状へ。\n        *   `theta_text`, `sin_text`, `cos_text` の`set_value` または `Transform` で表示値を更新。\n    *   **右側:**\n        *   `highlight_rectangle.animate.move_to(table.get_row_cells(current_row_index))` で、現在の `θ` に対応する行へ滑らかに移動。\n    *   各ステップの最後に `Wait(1)` 程度のポーズを挟む。\n\n**3. シーン全体の流れ**\n\n1.  **初期セットアップ (約2秒):**\n    *   画面の左側に`NumberPlane`、`Circle`、4つの`Sector`（象限の色分け）を`Create`で描画。`Sector`は`fill_opacity`を低く設定し、他の要素が見えるようにする。\n    *   画面の右側に`Table`オブジェクトを配置し、ヘッダーと全てのデータ行を`FadeIn`で表示。\n    *   `θ=0°` の初期状態として、点P、半径、弧、sinθ・cosθを示す垂線を描画 (`Create`)。\n    *   対応する `\\theta`, `\\sin\\theta`, `\\cos\\theta` の`MathTex`を`FadeIn`で表示。\n    *   `Table`の`0°`の行に`highlight_rectangle`を`Create`で表示。\n    *   `Wait(1)`\n\n2.  **角度変化ループ (0°から360°まで、各ステップ約1.5秒):**\n    *   `θ` を `0°` から `360°` まで `30°` 刻みでループする。\n    *   各ステップで、以下の要素を同時にアニメーションさせる:\n        *   左側の単位円上で、点Pが円周上を移動し、半径、弧、垂線が新しい角度に追従して変化する (`Transform`の`run_time`を調整)。\n        *   `\\theta`, `\\sin\\theta`, `\\cos\\theta` の`MathTex`の表示値が更新される。\n        *   右側の表で、`highlight_rectangle` が現在の `\\theta` に対応する行へ滑らかに移動する (`MoveToTarget`の`run_time`を調整)。\n    *   各アニメーションの後に`Wait(0.5)`程度の短いポーズを挟み、視覚的な情報を処理する時間を与える。\n\n3.  **最終状態表示 (約2秒):**\n    *   `θ=360°` のアニメーションが完了した後、最終的な状態を`Wait(2)`で表示し、シーンを終了する。\n\n**4. シーンが見やすいものになるようにするための注意**\n\n*   **レイアウト:** 左側の単位円と右側の表が重ならないように、十分な余白を確保して配置する。`VGroup`や`Group`を活用し、`to_edge`や`shift`で全体のバランスを調整する。\n*   **色の選択:**\n    *   各要素（円、軸、点P、半径、弧、垂線、表のテキスト、ハイライト、象限の色）が明確に区別できる色を選ぶ。\n    *   象限の色は`fill_opacity=0.2`程度に設定し、薄くすることで、その下の円や軸、点Pが明確に見えるようにする。\n    *   ハイライト色は、テキストを隠さずに目立つ色（例: `YELLOW_B`）を選ぶ。\n*   **テキストの可読性:**\n    *   表の`font_size`は`28`、`MathTex`の`font_size`は`36`を基準とし、画面全体で読みやすいサイズに調整する。\n    *   `sinθ`や`cosθ`の値は`DecimalNumber`で表示し、`num_decimal_places=2`などとして統一する。\n*   **アニメーションの速度:**\n    *   `run_time`と`Wait`の`duration`を適切に設定し、ユーザーがアニメーションの変化と情報の更新を追えるようにする。特に、表のハイライト移動はスムーズに行う。\n*   **座標の明示:** `NumberPlane` を使用することで、座標軸と原点が明確に示される。\n*   **ラベル:** 点P、θ、x軸、y軸、sinθ、cosθを示す線には、必要に応じて`Tex`や`Text`でラベルを付けると、視覚的な理解が深まる。\n\n---",
  "video_id": "animation",
  "current_script": "from manim import *\nimport numpy as np\n\nclass GeneratedScene(Scene):\n    def construct(self):\n        # 1. Manimで描画すべき図形やテキスト\n\n        # --- 左側：単位円と動的な要素 ---\n\n        # 背景\n        plane = NumberPlane(... (Total: 6926 chars)",
  "last_error": "",
  "error_type": "",
  "is_bad_request": false,
  "max_retries": 3,
  "current_retry": 1
}
2025-10-31 09:51:29,303 - WARNING -    [!] Linter Failed.
2025-10-31 09:51:29,304 - INFO -    [+] Linter error details saved to linter_errors.log
2025-10-31 09:51:29,304 - INFO - --- [Branch] Linter Failed. Proceeding to Refine. ---
2025-10-31 09:51:29,304 - INFO - --- 5. [Node] Refining Script (Attempt 2) ---
2025-10-31 09:51:29,305 - DEBUG - STATE at entry of [ _refine_script_on_error ]:
{
  "user_request": "単位円を使って、角度θに対応する点P(cosθ, sinθ)が円周上を動く様子を左側に表示してください。右側にはθを0°から360°まで30°刻みで変化させたときのsinθとcosθの値を表にして表示し、現在のθの行をハイライトしてください。また、sinθとcosθの符号がどの象限で変わるのか（第1象限は+,+、第2象限は-,+、第3象限は-,-、第4象限は+,-）を色分けして示してください。... (Total: 198 chars)",
  "generation_instructions": "",
  "animation_plan": "Manim で次のアニメーションシーンを生成するための指示を記述します。\n\n---\n\n**Manim プロダクションプラン**\n\n**1. Manim で描画すべき図形やテキスト（色・サイズなどの指定を含む）**\n\n*   **全体レイアウト:** シーンを左右に分割し、左側に単位円関連、右側に表を配置する。\n    *   `left_group = VGroup(...)` を `to_edge(LEFT, buff=1)` で配置。\n    *   `right_group = VGroup(...)` を `to_edge(RIGHT, buff=1)` で配置。\n\n*   **左側：単位円と動的な要素**\n    *   **背景:**\n        *   `NumberPlane()`: x軸、y軸。`x_range=[-1.5, 1.5, 0.5]`, `y_range=[-1.5, 1.5, 0.5]`, `axis_config={\"include_numbers\": False}`。色: `GREY_A`。\n        *   `Circle(radius=1, color=WHITE)`: 単位円。\n        *   **象限の色分け:** 4つの`Sector`オブジェクト。`fill_opacity=0.2`\n            *   第1象限 `(+,+)`: `Sector(radius=1, start_angle=0, end_angle=PI/2, color=GREEN_A)`\n            *   第2象限 `(-,+)`: `Sector(radius=1, start_angle=PI/2, end_angle=PI, color=BLUE_A)`\n            *   第3象限 `(-,-)`: `Sector(radius=1, start_angle=PI, end_angle=3*PI/2, color=RED_A)`\n            *   第4象限 `(+,-)`: `Sector(radius=1, start_angle=3*PI/2, end_angle=2*PI, color=YELLOW_A)`\n    *   **動的な要素 (θに連動):**\n        *   `Dot(point=RIGHT, color=RED)`: 点P。ラベル `P(cos\\theta, sin\\theta)`。\n        *   `Line(ORIGIN, RIGHT, color=YELLOW)`: 原点から点Pへの半径。\n        *   `Arc(radius=0.3, start_angle=0, angle=0, color=BLUE)`: x軸から点Pへの角度θを示す弧。ラベル `\\theta`。\n        *   `Line(ORIGIN, ORIGIN, color=GREEN)`: 点Pからx軸への垂線 (sinθを示す)。\n        *   `Line(ORIGIN, ORIGIN, color=PURPLE)`: 点Pからy軸への垂線 (cosθの絶対値を示す)。\n        *   `MathTex(r\"\\theta = 0^\\circ\", font_size=36)`: 現在の角度θの表示。\n        *   `MathTex(r\"\\sin(\\theta) = 0.00\", font_size=36)`: sinθの値の表示。\n        *   `MathTex(r\"\\cos(\\theta) = 1.00\", font_size=36)`: cosθの値の表示。\n\n*   **右側：三角関数の値の表**\n    *   `Table`:\n        *   ヘッダー: `[\"\\\\theta\", \"\\\\sin\\\\theta\", \"\\\\cos\\\\theta\"]`\n        *   データ: 0°から360°まで30°刻みの値。sin/cosの値は小数点以下2桁で表示。例: `[\"0^\\circ\", \"0.00\", \"1.00\"]`, `[\"30^\\circ\", \"0.50\", \"0.87\"]` ... `[\"360^\\circ\", \"0.00\", \"1.00\"]`\n        *   `include_outer_lines=True`, `line_color=GREY`\n        *   `font_size=28`\n    *   `SurroundingRectangle`: `table.get_row_cells(0)` の周りに配置。`color=YELLOW_B`, `fill_opacity=0.3`, `stroke_width=0`. ハイライトとして機能。\n\n**2. 図形やテキストをどのように動かすか（アニメーションの指示）**\n\n*   **初期表示:**\n    *   `Create` (`NumberPlane`, `Circle`, 4つの`Sector`)\n    *   `FadeIn` (`Table`のヘッダーと全てのデータ行)\n    *   `Create` (`Dot P`, `radius_line`, `arc_theta`, `sin_line`, `cos_line` の初期状態 `θ=0°`)\n    *   `FadeIn` (`theta_text`, `sin_text`, `cos_text` の初期値)\n    *   `Create` (`highlight_rectangle` を `0°` の行に)\n\n*   **θのループアニメーション (0°から360°まで30°刻み):**\n    *   各ステップで、`θ` を `30°` 増やす。\n    *   **左側:**\n        *   `Transform` (`Dot P`, `radius_line`, `arc_theta`, `sin_line`, `cos_line`) を新しい `θ` に対応する位置・形状へ。\n        *   `theta_text`, `sin_text`, `cos_text` の`set_value` または `Transform` で表示値を更新。\n    *   **右側:**\n        *   `highlight_rectangle.animate.move_to(table.get_row_cells(current_row_index))` で、現在の `θ` に対応する行へ滑らかに移動。\n    *   各ステップの最後に `Wait(1)` 程度のポーズを挟む。\n\n**3. シーン全体の流れ**\n\n1.  **初期セットアップ (約2秒):**\n    *   画面の左側に`NumberPlane`、`Circle`、4つの`Sector`（象限の色分け）を`Create`で描画。`Sector`は`fill_opacity`を低く設定し、他の要素が見えるようにする。\n    *   画面の右側に`Table`オブジェクトを配置し、ヘッダーと全てのデータ行を`FadeIn`で表示。\n    *   `θ=0°` の初期状態として、点P、半径、弧、sinθ・cosθを示す垂線を描画 (`Create`)。\n    *   対応する `\\theta`, `\\sin\\theta`, `\\cos\\theta` の`MathTex`を`FadeIn`で表示。\n    *   `Table`の`0°`の行に`highlight_rectangle`を`Create`で表示。\n    *   `Wait(1)`\n\n2.  **角度変化ループ (0°から360°まで、各ステップ約1.5秒):**\n    *   `θ` を `0°` から `360°` まで `30°` 刻みでループする。\n    *   各ステップで、以下の要素を同時にアニメーションさせる:\n        *   左側の単位円上で、点Pが円周上を移動し、半径、弧、垂線が新しい角度に追従して変化する (`Transform`の`run_time`を調整)。\n        *   `\\theta`, `\\sin\\theta`, `\\cos\\theta` の`MathTex`の表示値が更新される。\n        *   右側の表で、`highlight_rectangle` が現在の `\\theta` に対応する行へ滑らかに移動する (`MoveToTarget`の`run_time`を調整)。\n    *   各アニメーションの後に`Wait(0.5)`程度の短いポーズを挟み、視覚的な情報を処理する時間を与える。\n\n3.  **最終状態表示 (約2秒):**\n    *   `θ=360°` のアニメーションが完了した後、最終的な状態を`Wait(2)`で表示し、シーンを終了する。\n\n**4. シーンが見やすいものになるようにするための注意**\n\n*   **レイアウト:** 左側の単位円と右側の表が重ならないように、十分な余白を確保して配置する。`VGroup`や`Group`を活用し、`to_edge`や`shift`で全体のバランスを調整する。\n*   **色の選択:**\n    *   各要素（円、軸、点P、半径、弧、垂線、表のテキスト、ハイライト、象限の色）が明確に区別できる色を選ぶ。\n    *   象限の色は`fill_opacity=0.2`程度に設定し、薄くすることで、その下の円や軸、点Pが明確に見えるようにする。\n    *   ハイライト色は、テキストを隠さずに目立つ色（例: `YELLOW_B`）を選ぶ。\n*   **テキストの可読性:**\n    *   表の`font_size`は`28`、`MathTex`の`font_size`は`36`を基準とし、画面全体で読みやすいサイズに調整する。\n    *   `sinθ`や`cosθ`の値は`DecimalNumber`で表示し、`num_decimal_places=2`などとして統一する。\n*   **アニメーションの速度:**\n    *   `run_time`と`Wait`の`duration`を適切に設定し、ユーザーがアニメーションの変化と情報の更新を追えるようにする。特に、表のハイライト移動はスムーズに行う。\n*   **座標の明示:** `NumberPlane` を使用することで、座標軸と原点が明確に示される。\n*   **ラベル:** 点P、θ、x軸、y軸、sinθ、cosθを示す線には、必要に応じて`Tex`や`Text`でラベルを付けると、視覚的な理解が深まる。\n\n---",
  "video_id": "animation",
  "current_script": "from manim import *\nimport numpy as np\n\nclass GeneratedScene(Scene):\n    def construct(self):\n        # 1. Manimで描画すべき図形やテキスト\n\n        # --- 左側：単位円と動的な要素 ---\n\n        # 背景\n        plane = NumberPlane(... (Total: 6926 chars)",
  "last_error": "[Error 1]\nfile: /workspaces/ai_agent/back/tmp/animation.py\nrule: reportArgumentType\nseverity: error\nline: 182\nmessage: Argument of type \"Any | ValueTracker\" cannot be assigned to parameter \"args\" of type \"Animation | Iterable[Animation] | GeneratorType[Animation, None, None]\" in function \"play\"   Ty... (Total: 1902 chars)",
  "error_type": "lint",
  "is_bad_request": false,
  "max_retries": 3,
  "current_retry": 1
}
2025-10-31 09:52:43,388 - DEBUG -    [+] Script refined (length: 6973)
2025-10-31 09:52:43,394 - INFO - --- 2. [Node] Checking Security ---
2025-10-31 09:52:43,395 - DEBUG - STATE at entry of [ _check_bad_request ]:
{
  "user_request": "単位円を使って、角度θに対応する点P(cosθ, sinθ)が円周上を動く様子を左側に表示してください。右側にはθを0°から360°まで30°刻みで変化させたときのsinθとcosθの値を表にして表示し、現在のθの行をハイライトしてください。また、sinθとcosθの符号がどの象限で変わるのか（第1象限は+,+、第2象限は-,+、第3象限は-,-、第4象限は+,-）を色分けして示してください。... (Total: 198 chars)",
  "generation_instructions": "",
  "animation_plan": "Manim で次のアニメーションシーンを生成するための指示を記述します。\n\n---\n\n**Manim プロダクションプラン**\n\n**1. Manim で描画すべき図形やテキスト（色・サイズなどの指定を含む）**\n\n*   **全体レイアウト:** シーンを左右に分割し、左側に単位円関連、右側に表を配置する。\n    *   `left_group = VGroup(...)` を `to_edge(LEFT, buff=1)` で配置。\n    *   `right_group = VGroup(...)` を `to_edge(RIGHT, buff=1)` で配置。\n\n*   **左側：単位円と動的な要素**\n    *   **背景:**\n        *   `NumberPlane()`: x軸、y軸。`x_range=[-1.5, 1.5, 0.5]`, `y_range=[-1.5, 1.5, 0.5]`, `axis_config={\"include_numbers\": False}`。色: `GREY_A`。\n        *   `Circle(radius=1, color=WHITE)`: 単位円。\n        *   **象限の色分け:** 4つの`Sector`オブジェクト。`fill_opacity=0.2`\n            *   第1象限 `(+,+)`: `Sector(radius=1, start_angle=0, end_angle=PI/2, color=GREEN_A)`\n            *   第2象限 `(-,+)`: `Sector(radius=1, start_angle=PI/2, end_angle=PI, color=BLUE_A)`\n            *   第3象限 `(-,-)`: `Sector(radius=1, start_angle=PI, end_angle=3*PI/2, color=RED_A)`\n            *   第4象限 `(+,-)`: `Sector(radius=1, start_angle=3*PI/2, end_angle=2*PI, color=YELLOW_A)`\n    *   **動的な要素 (θに連動):**\n        *   `Dot(point=RIGHT, color=RED)`: 点P。ラベル `P(cos\\theta, sin\\theta)`。\n        *   `Line(ORIGIN, RIGHT, color=YELLOW)`: 原点から点Pへの半径。\n        *   `Arc(radius=0.3, start_angle=0, angle=0, color=BLUE)`: x軸から点Pへの角度θを示す弧。ラベル `\\theta`。\n        *   `Line(ORIGIN, ORIGIN, color=GREEN)`: 点Pからx軸への垂線 (sinθを示す)。\n        *   `Line(ORIGIN, ORIGIN, color=PURPLE)`: 点Pからy軸への垂線 (cosθの絶対値を示す)。\n        *   `MathTex(r\"\\theta = 0^\\circ\", font_size=36)`: 現在の角度θの表示。\n        *   `MathTex(r\"\\sin(\\theta) = 0.00\", font_size=36)`: sinθの値の表示。\n        *   `MathTex(r\"\\cos(\\theta) = 1.00\", font_size=36)`: cosθの値の表示。\n\n*   **右側：三角関数の値の表**\n    *   `Table`:\n        *   ヘッダー: `[\"\\\\theta\", \"\\\\sin\\\\theta\", \"\\\\cos\\\\theta\"]`\n        *   データ: 0°から360°まで30°刻みの値。sin/cosの値は小数点以下2桁で表示。例: `[\"0^\\circ\", \"0.00\", \"1.00\"]`, `[\"30^\\circ\", \"0.50\", \"0.87\"]` ... `[\"360^\\circ\", \"0.00\", \"1.00\"]`\n        *   `include_outer_lines=True`, `line_color=GREY`\n        *   `font_size=28`\n    *   `SurroundingRectangle`: `table.get_row_cells(0)` の周りに配置。`color=YELLOW_B`, `fill_opacity=0.3`, `stroke_width=0`. ハイライトとして機能。\n\n**2. 図形やテキストをどのように動かすか（アニメーションの指示）**\n\n*   **初期表示:**\n    *   `Create` (`NumberPlane`, `Circle`, 4つの`Sector`)\n    *   `FadeIn` (`Table`のヘッダーと全てのデータ行)\n    *   `Create` (`Dot P`, `radius_line`, `arc_theta`, `sin_line`, `cos_line` の初期状態 `θ=0°`)\n    *   `FadeIn` (`theta_text`, `sin_text`, `cos_text` の初期値)\n    *   `Create` (`highlight_rectangle` を `0°` の行に)\n\n*   **θのループアニメーション (0°から360°まで30°刻み):**\n    *   各ステップで、`θ` を `30°` 増やす。\n    *   **左側:**\n        *   `Transform` (`Dot P`, `radius_line`, `arc_theta`, `sin_line`, `cos_line`) を新しい `θ` に対応する位置・形状へ。\n        *   `theta_text`, `sin_text`, `cos_text` の`set_value` または `Transform` で表示値を更新。\n    *   **右側:**\n        *   `highlight_rectangle.animate.move_to(table.get_row_cells(current_row_index))` で、現在の `θ` に対応する行へ滑らかに移動。\n    *   各ステップの最後に `Wait(1)` 程度のポーズを挟む。\n\n**3. シーン全体の流れ**\n\n1.  **初期セットアップ (約2秒):**\n    *   画面の左側に`NumberPlane`、`Circle`、4つの`Sector`（象限の色分け）を`Create`で描画。`Sector`は`fill_opacity`を低く設定し、他の要素が見えるようにする。\n    *   画面の右側に`Table`オブジェクトを配置し、ヘッダーと全てのデータ行を`FadeIn`で表示。\n    *   `θ=0°` の初期状態として、点P、半径、弧、sinθ・cosθを示す垂線を描画 (`Create`)。\n    *   対応する `\\theta`, `\\sin\\theta`, `\\cos\\theta` の`MathTex`を`FadeIn`で表示。\n    *   `Table`の`0°`の行に`highlight_rectangle`を`Create`で表示。\n    *   `Wait(1)`\n\n2.  **角度変化ループ (0°から360°まで、各ステップ約1.5秒):**\n    *   `θ` を `0°` から `360°` まで `30°` 刻みでループする。\n    *   各ステップで、以下の要素を同時にアニメーションさせる:\n        *   左側の単位円上で、点Pが円周上を移動し、半径、弧、垂線が新しい角度に追従して変化する (`Transform`の`run_time`を調整)。\n        *   `\\theta`, `\\sin\\theta`, `\\cos\\theta` の`MathTex`の表示値が更新される。\n        *   右側の表で、`highlight_rectangle` が現在の `\\theta` に対応する行へ滑らかに移動する (`MoveToTarget`の`run_time`を調整)。\n    *   各アニメーションの後に`Wait(0.5)`程度の短いポーズを挟み、視覚的な情報を処理する時間を与える。\n\n3.  **最終状態表示 (約2秒):**\n    *   `θ=360°` のアニメーションが完了した後、最終的な状態を`Wait(2)`で表示し、シーンを終了する。\n\n**4. シーンが見やすいものになるようにするための注意**\n\n*   **レイアウト:** 左側の単位円と右側の表が重ならないように、十分な余白を確保して配置する。`VGroup`や`Group`を活用し、`to_edge`や`shift`で全体のバランスを調整する。\n*   **色の選択:**\n    *   各要素（円、軸、点P、半径、弧、垂線、表のテキスト、ハイライト、象限の色）が明確に区別できる色を選ぶ。\n    *   象限の色は`fill_opacity=0.2`程度に設定し、薄くすることで、その下の円や軸、点Pが明確に見えるようにする。\n    *   ハイライト色は、テキストを隠さずに目立つ色（例: `YELLOW_B`）を選ぶ。\n*   **テキストの可読性:**\n    *   表の`font_size`は`28`、`MathTex`の`font_size`は`36`を基準とし、画面全体で読みやすいサイズに調整する。\n    *   `sinθ`や`cosθ`の値は`DecimalNumber`で表示し、`num_decimal_places=2`などとして統一する。\n*   **アニメーションの速度:**\n    *   `run_time`と`Wait`の`duration`を適切に設定し、ユーザーがアニメーションの変化と情報の更新を追えるようにする。特に、表のハイライト移動はスムーズに行う。\n*   **座標の明示:** `NumberPlane` を使用することで、座標軸と原点が明確に示される。\n*   **ラベル:** 点P、θ、x軸、y軸、sinθ、cosθを示す線には、必要に応じて`Tex`や`Text`でラベルを付けると、視覚的な理解が深まる。\n\n---",
  "video_id": "animation",
  "current_script": "from manim import *\nimport numpy as np\n\nclass GeneratedScene(Scene):\n    def construct(self):\n        # 1. Manimで描画すべき図形やテキスト\n\n        # --- 左側：単位円と動的な要素 ---\n\n        # 背景\n        plane = NumberPlane(... (Total: 6973 chars)",
  "last_error": "",
  "error_type": "",
  "is_bad_request": false,
  "max_retries": 3,
  "current_retry": 2
}
2025-10-31 09:52:43,400 - INFO -    [+] Secure.
2025-10-31 09:52:43,401 - DEBUG - --- [Branch] Secure. Proceeding to Lint. ---
2025-10-31 09:52:43,401 - INFO - --- 3. [Node] Running Linter (format_and_linter) ---
2025-10-31 09:52:43,401 - DEBUG - STATE at entry of [ _lint_check ]:
{
  "user_request": "単位円を使って、角度θに対応する点P(cosθ, sinθ)が円周上を動く様子を左側に表示してください。右側にはθを0°から360°まで30°刻みで変化させたときのsinθとcosθの値を表にして表示し、現在のθの行をハイライトしてください。また、sinθとcosθの符号がどの象限で変わるのか（第1象限は+,+、第2象限は-,+、第3象限は-,-、第4象限は+,-）を色分けして示してください。... (Total: 198 chars)",
  "generation_instructions": "",
  "animation_plan": "Manim で次のアニメーションシーンを生成するための指示を記述します。\n\n---\n\n**Manim プロダクションプラン**\n\n**1. Manim で描画すべき図形やテキスト（色・サイズなどの指定を含む）**\n\n*   **全体レイアウト:** シーンを左右に分割し、左側に単位円関連、右側に表を配置する。\n    *   `left_group = VGroup(...)` を `to_edge(LEFT, buff=1)` で配置。\n    *   `right_group = VGroup(...)` を `to_edge(RIGHT, buff=1)` で配置。\n\n*   **左側：単位円と動的な要素**\n    *   **背景:**\n        *   `NumberPlane()`: x軸、y軸。`x_range=[-1.5, 1.5, 0.5]`, `y_range=[-1.5, 1.5, 0.5]`, `axis_config={\"include_numbers\": False}`。色: `GREY_A`。\n        *   `Circle(radius=1, color=WHITE)`: 単位円。\n        *   **象限の色分け:** 4つの`Sector`オブジェクト。`fill_opacity=0.2`\n            *   第1象限 `(+,+)`: `Sector(radius=1, start_angle=0, end_angle=PI/2, color=GREEN_A)`\n            *   第2象限 `(-,+)`: `Sector(radius=1, start_angle=PI/2, end_angle=PI, color=BLUE_A)`\n            *   第3象限 `(-,-)`: `Sector(radius=1, start_angle=PI, end_angle=3*PI/2, color=RED_A)`\n            *   第4象限 `(+,-)`: `Sector(radius=1, start_angle=3*PI/2, end_angle=2*PI, color=YELLOW_A)`\n    *   **動的な要素 (θに連動):**\n        *   `Dot(point=RIGHT, color=RED)`: 点P。ラベル `P(cos\\theta, sin\\theta)`。\n        *   `Line(ORIGIN, RIGHT, color=YELLOW)`: 原点から点Pへの半径。\n        *   `Arc(radius=0.3, start_angle=0, angle=0, color=BLUE)`: x軸から点Pへの角度θを示す弧。ラベル `\\theta`。\n        *   `Line(ORIGIN, ORIGIN, color=GREEN)`: 点Pからx軸への垂線 (sinθを示す)。\n        *   `Line(ORIGIN, ORIGIN, color=PURPLE)`: 点Pからy軸への垂線 (cosθの絶対値を示す)。\n        *   `MathTex(r\"\\theta = 0^\\circ\", font_size=36)`: 現在の角度θの表示。\n        *   `MathTex(r\"\\sin(\\theta) = 0.00\", font_size=36)`: sinθの値の表示。\n        *   `MathTex(r\"\\cos(\\theta) = 1.00\", font_size=36)`: cosθの値の表示。\n\n*   **右側：三角関数の値の表**\n    *   `Table`:\n        *   ヘッダー: `[\"\\\\theta\", \"\\\\sin\\\\theta\", \"\\\\cos\\\\theta\"]`\n        *   データ: 0°から360°まで30°刻みの値。sin/cosの値は小数点以下2桁で表示。例: `[\"0^\\circ\", \"0.00\", \"1.00\"]`, `[\"30^\\circ\", \"0.50\", \"0.87\"]` ... `[\"360^\\circ\", \"0.00\", \"1.00\"]`\n        *   `include_outer_lines=True`, `line_color=GREY`\n        *   `font_size=28`\n    *   `SurroundingRectangle`: `table.get_row_cells(0)` の周りに配置。`color=YELLOW_B`, `fill_opacity=0.3`, `stroke_width=0`. ハイライトとして機能。\n\n**2. 図形やテキストをどのように動かすか（アニメーションの指示）**\n\n*   **初期表示:**\n    *   `Create` (`NumberPlane`, `Circle`, 4つの`Sector`)\n    *   `FadeIn` (`Table`のヘッダーと全てのデータ行)\n    *   `Create` (`Dot P`, `radius_line`, `arc_theta`, `sin_line`, `cos_line` の初期状態 `θ=0°`)\n    *   `FadeIn` (`theta_text`, `sin_text`, `cos_text` の初期値)\n    *   `Create` (`highlight_rectangle` を `0°` の行に)\n\n*   **θのループアニメーション (0°から360°まで30°刻み):**\n    *   各ステップで、`θ` を `30°` 増やす。\n    *   **左側:**\n        *   `Transform` (`Dot P`, `radius_line`, `arc_theta`, `sin_line`, `cos_line`) を新しい `θ` に対応する位置・形状へ。\n        *   `theta_text`, `sin_text`, `cos_text` の`set_value` または `Transform` で表示値を更新。\n    *   **右側:**\n        *   `highlight_rectangle.animate.move_to(table.get_row_cells(current_row_index))` で、現在の `θ` に対応する行へ滑らかに移動。\n    *   各ステップの最後に `Wait(1)` 程度のポーズを挟む。\n\n**3. シーン全体の流れ**\n\n1.  **初期セットアップ (約2秒):**\n    *   画面の左側に`NumberPlane`、`Circle`、4つの`Sector`（象限の色分け）を`Create`で描画。`Sector`は`fill_opacity`を低く設定し、他の要素が見えるようにする。\n    *   画面の右側に`Table`オブジェクトを配置し、ヘッダーと全てのデータ行を`FadeIn`で表示。\n    *   `θ=0°` の初期状態として、点P、半径、弧、sinθ・cosθを示す垂線を描画 (`Create`)。\n    *   対応する `\\theta`, `\\sin\\theta`, `\\cos\\theta` の`MathTex`を`FadeIn`で表示。\n    *   `Table`の`0°`の行に`highlight_rectangle`を`Create`で表示。\n    *   `Wait(1)`\n\n2.  **角度変化ループ (0°から360°まで、各ステップ約1.5秒):**\n    *   `θ` を `0°` から `360°` まで `30°` 刻みでループする。\n    *   各ステップで、以下の要素を同時にアニメーションさせる:\n        *   左側の単位円上で、点Pが円周上を移動し、半径、弧、垂線が新しい角度に追従して変化する (`Transform`の`run_time`を調整)。\n        *   `\\theta`, `\\sin\\theta`, `\\cos\\theta` の`MathTex`の表示値が更新される。\n        *   右側の表で、`highlight_rectangle` が現在の `\\theta` に対応する行へ滑らかに移動する (`MoveToTarget`の`run_time`を調整)。\n    *   各アニメーションの後に`Wait(0.5)`程度の短いポーズを挟み、視覚的な情報を処理する時間を与える。\n\n3.  **最終状態表示 (約2秒):**\n    *   `θ=360°` のアニメーションが完了した後、最終的な状態を`Wait(2)`で表示し、シーンを終了する。\n\n**4. シーンが見やすいものになるようにするための注意**\n\n*   **レイアウト:** 左側の単位円と右側の表が重ならないように、十分な余白を確保して配置する。`VGroup`や`Group`を活用し、`to_edge`や`shift`で全体のバランスを調整する。\n*   **色の選択:**\n    *   各要素（円、軸、点P、半径、弧、垂線、表のテキスト、ハイライト、象限の色）が明確に区別できる色を選ぶ。\n    *   象限の色は`fill_opacity=0.2`程度に設定し、薄くすることで、その下の円や軸、点Pが明確に見えるようにする。\n    *   ハイライト色は、テキストを隠さずに目立つ色（例: `YELLOW_B`）を選ぶ。\n*   **テキストの可読性:**\n    *   表の`font_size`は`28`、`MathTex`の`font_size`は`36`を基準とし、画面全体で読みやすいサイズに調整する。\n    *   `sinθ`や`cosθ`の値は`DecimalNumber`で表示し、`num_decimal_places=2`などとして統一する。\n*   **アニメーションの速度:**\n    *   `run_time`と`Wait`の`duration`を適切に設定し、ユーザーがアニメーションの変化と情報の更新を追えるようにする。特に、表のハイライト移動はスムーズに行う。\n*   **座標の明示:** `NumberPlane` を使用することで、座標軸と原点が明確に示される。\n*   **ラベル:** 点P、θ、x軸、y軸、sinθ、cosθを示す線には、必要に応じて`Tex`や`Text`でラベルを付けると、視覚的な理解が深まる。\n\n---",
  "video_id": "animation",
  "current_script": "from manim import *\nimport numpy as np\n\nclass GeneratedScene(Scene):\n    def construct(self):\n        # 1. Manimで描画すべき図形やテキスト\n\n        # --- 左側：単位円と動的な要素 ---\n\n        # 背景\n        plane = NumberPlane(... (Total: 6973 chars)",
  "last_error": "",
  "error_type": "",
  "is_bad_request": false,
  "max_retries": 3,
  "current_retry": 2
}
2025-10-31 09:52:45,207 - WARNING -    [!] Linter Failed.
2025-10-31 09:52:45,208 - INFO -    [+] Linter error details saved to linter_errors.log
2025-10-31 09:52:45,208 - INFO - --- [Branch] Linter Failed. Proceeding to Refine. ---
2025-10-31 09:52:45,209 - INFO - --- 5. [Node] Refining Script (Attempt 3) ---
2025-10-31 09:52:45,209 - DEBUG - STATE at entry of [ _refine_script_on_error ]:
{
  "user_request": "単位円を使って、角度θに対応する点P(cosθ, sinθ)が円周上を動く様子を左側に表示してください。右側にはθを0°から360°まで30°刻みで変化させたときのsinθとcosθの値を表にして表示し、現在のθの行をハイライトしてください。また、sinθとcosθの符号がどの象限で変わるのか（第1象限は+,+、第2象限は-,+、第3象限は-,-、第4象限は+,-）を色分けして示してください。... (Total: 198 chars)",
  "generation_instructions": "",
  "animation_plan": "Manim で次のアニメーションシーンを生成するための指示を記述します。\n\n---\n\n**Manim プロダクションプラン**\n\n**1. Manim で描画すべき図形やテキスト（色・サイズなどの指定を含む）**\n\n*   **全体レイアウト:** シーンを左右に分割し、左側に単位円関連、右側に表を配置する。\n    *   `left_group = VGroup(...)` を `to_edge(LEFT, buff=1)` で配置。\n    *   `right_group = VGroup(...)` を `to_edge(RIGHT, buff=1)` で配置。\n\n*   **左側：単位円と動的な要素**\n    *   **背景:**\n        *   `NumberPlane()`: x軸、y軸。`x_range=[-1.5, 1.5, 0.5]`, `y_range=[-1.5, 1.5, 0.5]`, `axis_config={\"include_numbers\": False}`。色: `GREY_A`。\n        *   `Circle(radius=1, color=WHITE)`: 単位円。\n        *   **象限の色分け:** 4つの`Sector`オブジェクト。`fill_opacity=0.2`\n            *   第1象限 `(+,+)`: `Sector(radius=1, start_angle=0, end_angle=PI/2, color=GREEN_A)`\n            *   第2象限 `(-,+)`: `Sector(radius=1, start_angle=PI/2, end_angle=PI, color=BLUE_A)`\n            *   第3象限 `(-,-)`: `Sector(radius=1, start_angle=PI, end_angle=3*PI/2, color=RED_A)`\n            *   第4象限 `(+,-)`: `Sector(radius=1, start_angle=3*PI/2, end_angle=2*PI, color=YELLOW_A)`\n    *   **動的な要素 (θに連動):**\n        *   `Dot(point=RIGHT, color=RED)`: 点P。ラベル `P(cos\\theta, sin\\theta)`。\n        *   `Line(ORIGIN, RIGHT, color=YELLOW)`: 原点から点Pへの半径。\n        *   `Arc(radius=0.3, start_angle=0, angle=0, color=BLUE)`: x軸から点Pへの角度θを示す弧。ラベル `\\theta`。\n        *   `Line(ORIGIN, ORIGIN, color=GREEN)`: 点Pからx軸への垂線 (sinθを示す)。\n        *   `Line(ORIGIN, ORIGIN, color=PURPLE)`: 点Pからy軸への垂線 (cosθの絶対値を示す)。\n        *   `MathTex(r\"\\theta = 0^\\circ\", font_size=36)`: 現在の角度θの表示。\n        *   `MathTex(r\"\\sin(\\theta) = 0.00\", font_size=36)`: sinθの値の表示。\n        *   `MathTex(r\"\\cos(\\theta) = 1.00\", font_size=36)`: cosθの値の表示。\n\n*   **右側：三角関数の値の表**\n    *   `Table`:\n        *   ヘッダー: `[\"\\\\theta\", \"\\\\sin\\\\theta\", \"\\\\cos\\\\theta\"]`\n        *   データ: 0°から360°まで30°刻みの値。sin/cosの値は小数点以下2桁で表示。例: `[\"0^\\circ\", \"0.00\", \"1.00\"]`, `[\"30^\\circ\", \"0.50\", \"0.87\"]` ... `[\"360^\\circ\", \"0.00\", \"1.00\"]`\n        *   `include_outer_lines=True`, `line_color=GREY`\n        *   `font_size=28`\n    *   `SurroundingRectangle`: `table.get_row_cells(0)` の周りに配置。`color=YELLOW_B`, `fill_opacity=0.3`, `stroke_width=0`. ハイライトとして機能。\n\n**2. 図形やテキストをどのように動かすか（アニメーションの指示）**\n\n*   **初期表示:**\n    *   `Create` (`NumberPlane`, `Circle`, 4つの`Sector`)\n    *   `FadeIn` (`Table`のヘッダーと全てのデータ行)\n    *   `Create` (`Dot P`, `radius_line`, `arc_theta`, `sin_line`, `cos_line` の初期状態 `θ=0°`)\n    *   `FadeIn` (`theta_text`, `sin_text`, `cos_text` の初期値)\n    *   `Create` (`highlight_rectangle` を `0°` の行に)\n\n*   **θのループアニメーション (0°から360°まで30°刻み):**\n    *   各ステップで、`θ` を `30°` 増やす。\n    *   **左側:**\n        *   `Transform` (`Dot P`, `radius_line`, `arc_theta`, `sin_line`, `cos_line`) を新しい `θ` に対応する位置・形状へ。\n        *   `theta_text`, `sin_text`, `cos_text` の`set_value` または `Transform` で表示値を更新。\n    *   **右側:**\n        *   `highlight_rectangle.animate.move_to(table.get_row_cells(current_row_index))` で、現在の `θ` に対応する行へ滑らかに移動。\n    *   各ステップの最後に `Wait(1)` 程度のポーズを挟む。\n\n**3. シーン全体の流れ**\n\n1.  **初期セットアップ (約2秒):**\n    *   画面の左側に`NumberPlane`、`Circle`、4つの`Sector`（象限の色分け）を`Create`で描画。`Sector`は`fill_opacity`を低く設定し、他の要素が見えるようにする。\n    *   画面の右側に`Table`オブジェクトを配置し、ヘッダーと全てのデータ行を`FadeIn`で表示。\n    *   `θ=0°` の初期状態として、点P、半径、弧、sinθ・cosθを示す垂線を描画 (`Create`)。\n    *   対応する `\\theta`, `\\sin\\theta`, `\\cos\\theta` の`MathTex`を`FadeIn`で表示。\n    *   `Table`の`0°`の行に`highlight_rectangle`を`Create`で表示。\n    *   `Wait(1)`\n\n2.  **角度変化ループ (0°から360°まで、各ステップ約1.5秒):**\n    *   `θ` を `0°` から `360°` まで `30°` 刻みでループする。\n    *   各ステップで、以下の要素を同時にアニメーションさせる:\n        *   左側の単位円上で、点Pが円周上を移動し、半径、弧、垂線が新しい角度に追従して変化する (`Transform`の`run_time`を調整)。\n        *   `\\theta`, `\\sin\\theta`, `\\cos\\theta` の`MathTex`の表示値が更新される。\n        *   右側の表で、`highlight_rectangle` が現在の `\\theta` に対応する行へ滑らかに移動する (`MoveToTarget`の`run_time`を調整)。\n    *   各アニメーションの後に`Wait(0.5)`程度の短いポーズを挟み、視覚的な情報を処理する時間を与える。\n\n3.  **最終状態表示 (約2秒):**\n    *   `θ=360°` のアニメーションが完了した後、最終的な状態を`Wait(2)`で表示し、シーンを終了する。\n\n**4. シーンが見やすいものになるようにするための注意**\n\n*   **レイアウト:** 左側の単位円と右側の表が重ならないように、十分な余白を確保して配置する。`VGroup`や`Group`を活用し、`to_edge`や`shift`で全体のバランスを調整する。\n*   **色の選択:**\n    *   各要素（円、軸、点P、半径、弧、垂線、表のテキスト、ハイライト、象限の色）が明確に区別できる色を選ぶ。\n    *   象限の色は`fill_opacity=0.2`程度に設定し、薄くすることで、その下の円や軸、点Pが明確に見えるようにする。\n    *   ハイライト色は、テキストを隠さずに目立つ色（例: `YELLOW_B`）を選ぶ。\n*   **テキストの可読性:**\n    *   表の`font_size`は`28`、`MathTex`の`font_size`は`36`を基準とし、画面全体で読みやすいサイズに調整する。\n    *   `sinθ`や`cosθ`の値は`DecimalNumber`で表示し、`num_decimal_places=2`などとして統一する。\n*   **アニメーションの速度:**\n    *   `run_time`と`Wait`の`duration`を適切に設定し、ユーザーがアニメーションの変化と情報の更新を追えるようにする。特に、表のハイライト移動はスムーズに行う。\n*   **座標の明示:** `NumberPlane` を使用することで、座標軸と原点が明確に示される。\n*   **ラベル:** 点P、θ、x軸、y軸、sinθ、cosθを示す線には、必要に応じて`Tex`や`Text`でラベルを付けると、視覚的な理解が深まる。\n\n---",
  "video_id": "animation",
  "current_script": "from manim import *\nimport numpy as np\n\nclass GeneratedScene(Scene):\n    def construct(self):\n        # 1. Manimで描画すべき図形やテキスト\n\n        # --- 左側：単位円と動的な要素 ---\n\n        # 背景\n        plane = NumberPlane(... (Total: 6973 chars)",
  "last_error": "[Error 1]\nfile: /workspaces/ai_agent/back/tmp/animation.py\nrule: reportArgumentType\nseverity: error\nline: 48\nmessage: Argument of type \"list[Any | float | int]\" cannot be assigned to parameter \"end\" of type \"Point3D\" in function \"__init__\"   Type \"list[Any | float | int]\" is not assignable to type \"... (Total: 3844 chars)",
  "error_type": "lint",
  "is_bad_request": false,
  "max_retries": 3,
  "current_retry": 2
}
2025-10-31 09:53:36,217 - DEBUG -    [+] Script refined (length: 7387)
2025-10-31 09:53:36,220 - INFO - --- 2. [Node] Checking Security ---
2025-10-31 09:53:36,221 - DEBUG - STATE at entry of [ _check_bad_request ]:
{
  "user_request": "単位円を使って、角度θに対応する点P(cosθ, sinθ)が円周上を動く様子を左側に表示してください。右側にはθを0°から360°まで30°刻みで変化させたときのsinθとcosθの値を表にして表示し、現在のθの行をハイライトしてください。また、sinθとcosθの符号がどの象限で変わるのか（第1象限は+,+、第2象限は-,+、第3象限は-,-、第4象限は+,-）を色分けして示してください。... (Total: 198 chars)",
  "generation_instructions": "",
  "animation_plan": "Manim で次のアニメーションシーンを生成するための指示を記述します。\n\n---\n\n**Manim プロダクションプラン**\n\n**1. Manim で描画すべき図形やテキスト（色・サイズなどの指定を含む）**\n\n*   **全体レイアウト:** シーンを左右に分割し、左側に単位円関連、右側に表を配置する。\n    *   `left_group = VGroup(...)` を `to_edge(LEFT, buff=1)` で配置。\n    *   `right_group = VGroup(...)` を `to_edge(RIGHT, buff=1)` で配置。\n\n*   **左側：単位円と動的な要素**\n    *   **背景:**\n        *   `NumberPlane()`: x軸、y軸。`x_range=[-1.5, 1.5, 0.5]`, `y_range=[-1.5, 1.5, 0.5]`, `axis_config={\"include_numbers\": False}`。色: `GREY_A`。\n        *   `Circle(radius=1, color=WHITE)`: 単位円。\n        *   **象限の色分け:** 4つの`Sector`オブジェクト。`fill_opacity=0.2`\n            *   第1象限 `(+,+)`: `Sector(radius=1, start_angle=0, end_angle=PI/2, color=GREEN_A)`\n            *   第2象限 `(-,+)`: `Sector(radius=1, start_angle=PI/2, end_angle=PI, color=BLUE_A)`\n            *   第3象限 `(-,-)`: `Sector(radius=1, start_angle=PI, end_angle=3*PI/2, color=RED_A)`\n            *   第4象限 `(+,-)`: `Sector(radius=1, start_angle=3*PI/2, end_angle=2*PI, color=YELLOW_A)`\n    *   **動的な要素 (θに連動):**\n        *   `Dot(point=RIGHT, color=RED)`: 点P。ラベル `P(cos\\theta, sin\\theta)`。\n        *   `Line(ORIGIN, RIGHT, color=YELLOW)`: 原点から点Pへの半径。\n        *   `Arc(radius=0.3, start_angle=0, angle=0, color=BLUE)`: x軸から点Pへの角度θを示す弧。ラベル `\\theta`。\n        *   `Line(ORIGIN, ORIGIN, color=GREEN)`: 点Pからx軸への垂線 (sinθを示す)。\n        *   `Line(ORIGIN, ORIGIN, color=PURPLE)`: 点Pからy軸への垂線 (cosθの絶対値を示す)。\n        *   `MathTex(r\"\\theta = 0^\\circ\", font_size=36)`: 現在の角度θの表示。\n        *   `MathTex(r\"\\sin(\\theta) = 0.00\", font_size=36)`: sinθの値の表示。\n        *   `MathTex(r\"\\cos(\\theta) = 1.00\", font_size=36)`: cosθの値の表示。\n\n*   **右側：三角関数の値の表**\n    *   `Table`:\n        *   ヘッダー: `[\"\\\\theta\", \"\\\\sin\\\\theta\", \"\\\\cos\\\\theta\"]`\n        *   データ: 0°から360°まで30°刻みの値。sin/cosの値は小数点以下2桁で表示。例: `[\"0^\\circ\", \"0.00\", \"1.00\"]`, `[\"30^\\circ\", \"0.50\", \"0.87\"]` ... `[\"360^\\circ\", \"0.00\", \"1.00\"]`\n        *   `include_outer_lines=True`, `line_color=GREY`\n        *   `font_size=28`\n    *   `SurroundingRectangle`: `table.get_row_cells(0)` の周りに配置。`color=YELLOW_B`, `fill_opacity=0.3`, `stroke_width=0`. ハイライトとして機能。\n\n**2. 図形やテキストをどのように動かすか（アニメーションの指示）**\n\n*   **初期表示:**\n    *   `Create` (`NumberPlane`, `Circle`, 4つの`Sector`)\n    *   `FadeIn` (`Table`のヘッダーと全てのデータ行)\n    *   `Create` (`Dot P`, `radius_line`, `arc_theta`, `sin_line`, `cos_line` の初期状態 `θ=0°`)\n    *   `FadeIn` (`theta_text`, `sin_text`, `cos_text` の初期値)\n    *   `Create` (`highlight_rectangle` を `0°` の行に)\n\n*   **θのループアニメーション (0°から360°まで30°刻み):**\n    *   各ステップで、`θ` を `30°` 増やす。\n    *   **左側:**\n        *   `Transform` (`Dot P`, `radius_line`, `arc_theta`, `sin_line`, `cos_line`) を新しい `θ` に対応する位置・形状へ。\n        *   `theta_text`, `sin_text`, `cos_text` の`set_value` または `Transform` で表示値を更新。\n    *   **右側:**\n        *   `highlight_rectangle.animate.move_to(table.get_row_cells(current_row_index))` で、現在の `θ` に対応する行へ滑らかに移動。\n    *   各ステップの最後に `Wait(1)` 程度のポーズを挟む。\n\n**3. シーン全体の流れ**\n\n1.  **初期セットアップ (約2秒):**\n    *   画面の左側に`NumberPlane`、`Circle`、4つの`Sector`（象限の色分け）を`Create`で描画。`Sector`は`fill_opacity`を低く設定し、他の要素が見えるようにする。\n    *   画面の右側に`Table`オブジェクトを配置し、ヘッダーと全てのデータ行を`FadeIn`で表示。\n    *   `θ=0°` の初期状態として、点P、半径、弧、sinθ・cosθを示す垂線を描画 (`Create`)。\n    *   対応する `\\theta`, `\\sin\\theta`, `\\cos\\theta` の`MathTex`を`FadeIn`で表示。\n    *   `Table`の`0°`の行に`highlight_rectangle`を`Create`で表示。\n    *   `Wait(1)`\n\n2.  **角度変化ループ (0°から360°まで、各ステップ約1.5秒):**\n    *   `θ` を `0°` から `360°` まで `30°` 刻みでループする。\n    *   各ステップで、以下の要素を同時にアニメーションさせる:\n        *   左側の単位円上で、点Pが円周上を移動し、半径、弧、垂線が新しい角度に追従して変化する (`Transform`の`run_time`を調整)。\n        *   `\\theta`, `\\sin\\theta`, `\\cos\\theta` の`MathTex`の表示値が更新される。\n        *   右側の表で、`highlight_rectangle` が現在の `\\theta` に対応する行へ滑らかに移動する (`MoveToTarget`の`run_time`を調整)。\n    *   各アニメーションの後に`Wait(0.5)`程度の短いポーズを挟み、視覚的な情報を処理する時間を与える。\n\n3.  **最終状態表示 (約2秒):**\n    *   `θ=360°` のアニメーションが完了した後、最終的な状態を`Wait(2)`で表示し、シーンを終了する。\n\n**4. シーンが見やすいものになるようにするための注意**\n\n*   **レイアウト:** 左側の単位円と右側の表が重ならないように、十分な余白を確保して配置する。`VGroup`や`Group`を活用し、`to_edge`や`shift`で全体のバランスを調整する。\n*   **色の選択:**\n    *   各要素（円、軸、点P、半径、弧、垂線、表のテキスト、ハイライト、象限の色）が明確に区別できる色を選ぶ。\n    *   象限の色は`fill_opacity=0.2`程度に設定し、薄くすることで、その下の円や軸、点Pが明確に見えるようにする。\n    *   ハイライト色は、テキストを隠さずに目立つ色（例: `YELLOW_B`）を選ぶ。\n*   **テキストの可読性:**\n    *   表の`font_size`は`28`、`MathTex`の`font_size`は`36`を基準とし、画面全体で読みやすいサイズに調整する。\n    *   `sinθ`や`cosθ`の値は`DecimalNumber`で表示し、`num_decimal_places=2`などとして統一する。\n*   **アニメーションの速度:**\n    *   `run_time`と`Wait`の`duration`を適切に設定し、ユーザーがアニメーションの変化と情報の更新を追えるようにする。特に、表のハイライト移動はスムーズに行う。\n*   **座標の明示:** `NumberPlane` を使用することで、座標軸と原点が明確に示される。\n*   **ラベル:** 点P、θ、x軸、y軸、sinθ、cosθを示す線には、必要に応じて`Tex`や`Text`でラベルを付けると、視覚的な理解が深まる。\n\n---",
  "video_id": "animation",
  "current_script": "from manim import *\nimport numpy as np\n\nclass GeneratedScene(Scene):\n    def construct(self):\n        # 1. Manimで描画すべき図形やテキスト\n\n        # --- 左側：単位円と動的な要素 ---\n\n        # 背景\n        plane = NumberPlane(... (Total: 7387 chars)",
  "last_error": "",
  "error_type": "",
  "is_bad_request": false,
  "max_retries": 3,
  "current_retry": 3
}
2025-10-31 09:53:36,322 - INFO -    [+] Secure.
2025-10-31 09:53:36,323 - DEBUG - --- [Branch] Secure. Proceeding to Lint. ---
2025-10-31 09:53:36,323 - INFO - --- 3. [Node] Running Linter (format_and_linter) ---
2025-10-31 09:53:36,323 - DEBUG - STATE at entry of [ _lint_check ]:
{
  "user_request": "単位円を使って、角度θに対応する点P(cosθ, sinθ)が円周上を動く様子を左側に表示してください。右側にはθを0°から360°まで30°刻みで変化させたときのsinθとcosθの値を表にして表示し、現在のθの行をハイライトしてください。また、sinθとcosθの符号がどの象限で変わるのか（第1象限は+,+、第2象限は-,+、第3象限は-,-、第4象限は+,-）を色分けして示してください。... (Total: 198 chars)",
  "generation_instructions": "",
  "animation_plan": "Manim で次のアニメーションシーンを生成するための指示を記述します。\n\n---\n\n**Manim プロダクションプラン**\n\n**1. Manim で描画すべき図形やテキスト（色・サイズなどの指定を含む）**\n\n*   **全体レイアウト:** シーンを左右に分割し、左側に単位円関連、右側に表を配置する。\n    *   `left_group = VGroup(...)` を `to_edge(LEFT, buff=1)` で配置。\n    *   `right_group = VGroup(...)` を `to_edge(RIGHT, buff=1)` で配置。\n\n*   **左側：単位円と動的な要素**\n    *   **背景:**\n        *   `NumberPlane()`: x軸、y軸。`x_range=[-1.5, 1.5, 0.5]`, `y_range=[-1.5, 1.5, 0.5]`, `axis_config={\"include_numbers\": False}`。色: `GREY_A`。\n        *   `Circle(radius=1, color=WHITE)`: 単位円。\n        *   **象限の色分け:** 4つの`Sector`オブジェクト。`fill_opacity=0.2`\n            *   第1象限 `(+,+)`: `Sector(radius=1, start_angle=0, end_angle=PI/2, color=GREEN_A)`\n            *   第2象限 `(-,+)`: `Sector(radius=1, start_angle=PI/2, end_angle=PI, color=BLUE_A)`\n            *   第3象限 `(-,-)`: `Sector(radius=1, start_angle=PI, end_angle=3*PI/2, color=RED_A)`\n            *   第4象限 `(+,-)`: `Sector(radius=1, start_angle=3*PI/2, end_angle=2*PI, color=YELLOW_A)`\n    *   **動的な要素 (θに連動):**\n        *   `Dot(point=RIGHT, color=RED)`: 点P。ラベル `P(cos\\theta, sin\\theta)`。\n        *   `Line(ORIGIN, RIGHT, color=YELLOW)`: 原点から点Pへの半径。\n        *   `Arc(radius=0.3, start_angle=0, angle=0, color=BLUE)`: x軸から点Pへの角度θを示す弧。ラベル `\\theta`。\n        *   `Line(ORIGIN, ORIGIN, color=GREEN)`: 点Pからx軸への垂線 (sinθを示す)。\n        *   `Line(ORIGIN, ORIGIN, color=PURPLE)`: 点Pからy軸への垂線 (cosθの絶対値を示す)。\n        *   `MathTex(r\"\\theta = 0^\\circ\", font_size=36)`: 現在の角度θの表示。\n        *   `MathTex(r\"\\sin(\\theta) = 0.00\", font_size=36)`: sinθの値の表示。\n        *   `MathTex(r\"\\cos(\\theta) = 1.00\", font_size=36)`: cosθの値の表示。\n\n*   **右側：三角関数の値の表**\n    *   `Table`:\n        *   ヘッダー: `[\"\\\\theta\", \"\\\\sin\\\\theta\", \"\\\\cos\\\\theta\"]`\n        *   データ: 0°から360°まで30°刻みの値。sin/cosの値は小数点以下2桁で表示。例: `[\"0^\\circ\", \"0.00\", \"1.00\"]`, `[\"30^\\circ\", \"0.50\", \"0.87\"]` ... `[\"360^\\circ\", \"0.00\", \"1.00\"]`\n        *   `include_outer_lines=True`, `line_color=GREY`\n        *   `font_size=28`\n    *   `SurroundingRectangle`: `table.get_row_cells(0)` の周りに配置。`color=YELLOW_B`, `fill_opacity=0.3`, `stroke_width=0`. ハイライトとして機能。\n\n**2. 図形やテキストをどのように動かすか（アニメーションの指示）**\n\n*   **初期表示:**\n    *   `Create` (`NumberPlane`, `Circle`, 4つの`Sector`)\n    *   `FadeIn` (`Table`のヘッダーと全てのデータ行)\n    *   `Create` (`Dot P`, `radius_line`, `arc_theta`, `sin_line`, `cos_line` の初期状態 `θ=0°`)\n    *   `FadeIn` (`theta_text`, `sin_text`, `cos_text` の初期値)\n    *   `Create` (`highlight_rectangle` を `0°` の行に)\n\n*   **θのループアニメーション (0°から360°まで30°刻み):**\n    *   各ステップで、`θ` を `30°` 増やす。\n    *   **左側:**\n        *   `Transform` (`Dot P`, `radius_line`, `arc_theta`, `sin_line`, `cos_line`) を新しい `θ` に対応する位置・形状へ。\n        *   `theta_text`, `sin_text`, `cos_text` の`set_value` または `Transform` で表示値を更新。\n    *   **右側:**\n        *   `highlight_rectangle.animate.move_to(table.get_row_cells(current_row_index))` で、現在の `θ` に対応する行へ滑らかに移動。\n    *   各ステップの最後に `Wait(1)` 程度のポーズを挟む。\n\n**3. シーン全体の流れ**\n\n1.  **初期セットアップ (約2秒):**\n    *   画面の左側に`NumberPlane`、`Circle`、4つの`Sector`（象限の色分け）を`Create`で描画。`Sector`は`fill_opacity`を低く設定し、他の要素が見えるようにする。\n    *   画面の右側に`Table`オブジェクトを配置し、ヘッダーと全てのデータ行を`FadeIn`で表示。\n    *   `θ=0°` の初期状態として、点P、半径、弧、sinθ・cosθを示す垂線を描画 (`Create`)。\n    *   対応する `\\theta`, `\\sin\\theta`, `\\cos\\theta` の`MathTex`を`FadeIn`で表示。\n    *   `Table`の`0°`の行に`highlight_rectangle`を`Create`で表示。\n    *   `Wait(1)`\n\n2.  **角度変化ループ (0°から360°まで、各ステップ約1.5秒):**\n    *   `θ` を `0°` から `360°` まで `30°` 刻みでループする。\n    *   各ステップで、以下の要素を同時にアニメーションさせる:\n        *   左側の単位円上で、点Pが円周上を移動し、半径、弧、垂線が新しい角度に追従して変化する (`Transform`の`run_time`を調整)。\n        *   `\\theta`, `\\sin\\theta`, `\\cos\\theta` の`MathTex`の表示値が更新される。\n        *   右側の表で、`highlight_rectangle` が現在の `\\theta` に対応する行へ滑らかに移動する (`MoveToTarget`の`run_time`を調整)。\n    *   各アニメーションの後に`Wait(0.5)`程度の短いポーズを挟み、視覚的な情報を処理する時間を与える。\n\n3.  **最終状態表示 (約2秒):**\n    *   `θ=360°` のアニメーションが完了した後、最終的な状態を`Wait(2)`で表示し、シーンを終了する。\n\n**4. シーンが見やすいものになるようにするための注意**\n\n*   **レイアウト:** 左側の単位円と右側の表が重ならないように、十分な余白を確保して配置する。`VGroup`や`Group`を活用し、`to_edge`や`shift`で全体のバランスを調整する。\n*   **色の選択:**\n    *   各要素（円、軸、点P、半径、弧、垂線、表のテキスト、ハイライト、象限の色）が明確に区別できる色を選ぶ。\n    *   象限の色は`fill_opacity=0.2`程度に設定し、薄くすることで、その下の円や軸、点Pが明確に見えるようにする。\n    *   ハイライト色は、テキストを隠さずに目立つ色（例: `YELLOW_B`）を選ぶ。\n*   **テキストの可読性:**\n    *   表の`font_size`は`28`、`MathTex`の`font_size`は`36`を基準とし、画面全体で読みやすいサイズに調整する。\n    *   `sinθ`や`cosθ`の値は`DecimalNumber`で表示し、`num_decimal_places=2`などとして統一する。\n*   **アニメーションの速度:**\n    *   `run_time`と`Wait`の`duration`を適切に設定し、ユーザーがアニメーションの変化と情報の更新を追えるようにする。特に、表のハイライト移動はスムーズに行う。\n*   **座標の明示:** `NumberPlane` を使用することで、座標軸と原点が明確に示される。\n*   **ラベル:** 点P、θ、x軸、y軸、sinθ、cosθを示す線には、必要に応じて`Tex`や`Text`でラベルを付けると、視覚的な理解が深まる。\n\n---",
  "video_id": "animation",
  "current_script": "from manim import *\nimport numpy as np\n\nclass GeneratedScene(Scene):\n    def construct(self):\n        # 1. Manimで描画すべき図形やテキスト\n\n        # --- 左側：単位円と動的な要素 ---\n\n        # 背景\n        plane = NumberPlane(... (Total: 7387 chars)",
  "last_error": "",
  "error_type": "",
  "is_bad_request": false,
  "max_retries": 3,
  "current_retry": 3
}
2025-10-31 09:53:37,885 - WARNING -    [!] Linter Failed.
2025-10-31 09:53:37,886 - INFO -    [+] Linter error details saved to linter_errors.log
2025-10-31 09:53:37,886 - WARNING - --- [Branch] Max Retries Reached (Lint Error). Ending. ---
2025-10-31 09:53:37,886 - ERROR - --- Graph Finished: Error (Max Retries Reached) ---
